193710505447932:1 A preload for 'https://mastergo-dev-front.oss-cn-beijing.aliyuncs.com/MGwebsite/dev/master-web/en.json' is found, but is not used because the new request is synchronous.
syncFetchJson @ 193710505447932:1
193710505447932:1 A preload for 'https://mastergo-dev-front.oss-cn-beijing.aliyuncs.com/MGwebsite/dev/master-web/zh.json' is found, but is not used because the new request is synchronous.
syncFetchJson @ 193710505447932:1
193710505447932:1 【initial i18n success - sync】耗时: 33ms
 [Phase] preload document info start
app.cbca4f39.js:1 [MG I18N] MasterGo Language:  zh-CN
app.cbca4f39.js:1 [MG I18N] Navigator Language:  zh-CN
app.cbca4f39.js:14 [MasterStage] masterInstantiate
app.cbca4f39.js:14 [MasterStage] masterInstantiated
chunk-libs-master.22dad94a.js:28 reset password email is not found
n @ chunk-libs-master.22dad94a.js:28
app.cbca4f39.js:1 appVersion v1.71.11
chunk-libs.ca58d924.js:127 [MasterStage] masterCanvasLoad
chunk-libs.ca58d924.js:127 wv v2.181.3
chunk-libs.ca58d924.js:127 [MasterStage] masterCanvasLoaded
chunk-libs.ca58d924.js:127 [MasterStage] masterCanvasMount
chunk-libs.ca58d924.js:127 warming up in Web_main
chunk-libs.ca58d924.js:127 [master-C++]:[INFO] current web mode: gpu.
chunk-libs.ca58d924.js:127 [master-C++]:[INFO] webgl version = 2
chunk-libs.ca58d924.js:127 [MasterStage] masterCanvasMounted
chunk-libs.ca58d924.js:127 [Mg Agent] agent 版本 1.5.5 5
chunk-libs.ca58d924.js:127 [Mg Agent] bridge 版本 1.0.0
chunk-libs.ca58d924.js:127 resourceManager new font loader false
chunk-libs.ca58d924.js:127 [wss realtime version 1]
chunk-libs.ca58d924.js:127 [seat] document id is undefined, not init button info
(anonymous) @ chunk-libs.ca58d924.js:127
chunk-libs.ca58d924.js:127 [wss biz version 1]
chunk-libs.ca58d924.js:127 [master-C++]:[INFO] current web mode: gpu.
chunk-libs.ca58d924.js:127 [master-C++]:[INFO] webgl version = 2
chunk-libs.ca58d924.js:127 [master-C++]:[INFO] current web mode: gpu.
chunk-libs.ca58d924.js:127 [MasterStage] masterFileLoaded
The resource <URL> was preloaded using link preload but not used within a few seconds from the window's load event. Please make sure it has an appropriate `as` value and it is preloaded intentionally.
The resource <URL> was preloaded using link preload but not used within a few seconds from the window's load event. Please make sure it has an appropriate `as` value and it is preloaded intentionally.
The resource <URL> was preloaded using link preload but not used within a few seconds from the window's load event. Please make sure it has an appropriate `as` value and it is preloaded intentionally.
The resource <URL> was preloaded using link preload but not used within a few seconds from the window's load event. Please make sure it has an appropriate `as` value and it is preloaded intentionally.
The resource <URL> was preloaded using link preload but not used within a few seconds from the window's load event. Please make sure it has an appropriate `as` value and it is preloaded intentionally.
The resource <URL> was preloaded using link preload but not used within a few seconds from the window's load event. Please make sure it has an appropriate `as` value and it is preloaded intentionally.
The resource <URL> was preloaded using link preload but not used within a few seconds from the window's load event. Please make sure it has an appropriate `as` value and it is preloaded intentionally.
The resource <URL> was preloaded using link preload but not used within a few seconds from the window's load event. Please make sure it has an appropriate `as` value and it is preloaded intentionally.
The resource <URL> was preloaded using link preload but not used within a few seconds from the window's load event. Please make sure it has an appropriate `as` value and it is preloaded intentionally.
The resource <URL> was preloaded using link preload but not used within a few seconds from the window's load event. Please make sure it has an appropriate `as` value and it is preloaded intentionally.
The resource <URL> was preloaded using link preload but not used within a few seconds from the window's load event. Please make sure it has an appropriate `as` value and it is preloaded intentionally.
The resource <URL> was preloaded using link preload but not used within a few seconds from the window's load event. Please make sure it has an appropriate `as` value and it is preloaded intentionally.
The resource <URL> was preloaded using link preload but not used within a few seconds from the window's load event. Please make sure it has an appropriate `as` value and it is preloaded intentionally.
The resource <URL> was preloaded using link preload but not used within a few seconds from the window's load event. Please make sure it has an appropriate `as` value and it is preloaded intentionally.
The resource <URL> was preloaded using link preload but not used within a few seconds from the window's load event. Please make sure it has an appropriate `as` value and it is preloaded intentionally.
The resource <URL> was preloaded using link preload but not used within a few seconds from the window's load event. Please make sure it has an appropriate `as` value and it is preloaded intentionally.
The resource <URL> was preloaded using link preload but not used within a few seconds from the window's load event. Please make sure it has an appropriate `as` value and it is preloaded intentionally.
The resource <URL> was preloaded using link preload but not used within a few seconds from the window's load event. Please make sure it has an appropriate `as` value and it is preloaded intentionally.
The resource <URL> was preloaded using link preload but not used within a few seconds from the window's load event. Please make sure it has an appropriate `as` value and it is preloaded intentionally.
The resource <URL> was preloaded using link preload but not used within a few seconds from the window's load event. Please make sure it has an appropriate `as` value and it is preloaded intentionally.
The resource <URL> was preloaded using link preload but not used within a few seconds from the window's load event. Please make sure it has an appropriate `as` value and it is preloaded intentionally.
The resource <URL> was preloaded using link preload but not used within a few seconds from the window's load event. Please make sure it has an appropriate `as` value and it is preloaded intentionally.
The resource <URL> was preloaded using link preload but not used within a few seconds from the window's load event. Please make sure it has an appropriate `as` value and it is preloaded intentionally.
The resource <URL> was preloaded using link preload but not used within a few seconds from the window's load event. Please make sure it has an appropriate `as` value and it is preloaded intentionally.
app.cbca4f39.js:1 WebSocket connection to 'wss://ws.mastergo.com/messenger/realtime?deviceID=6ed52f575d74b919a687df5eda0bba3f&connectCount=0&MGVersion=1.0&appVersion=v1.71.11&gfsessionid=ebbe20eb-52c5-4c0b-a9d7-2ae3129765b5' failed: WebSocket is closed before the connection is established.
V @ app.cbca4f39.js:1
chunk-libs.ca58d924.js:127 [MasterStage] masterFileCreate
chunk-libs.ca58d924.js:127 create project(300) done 1
chunk-libs.ca58d924.js:127 [MasterStage] masterFileCreated
chunk-libs.ca58d924.js:127 [seat] init edit seat apply button info failed, applyType:  undefined
(anonymous) @ chunk-libs.ca58d924.js:127
chunk-libs.ca58d924.js:127 [seat] service is null, not update service info
(anonymous) @ chunk-libs.ca58d924.js:127
chunk-libs.ca58d924.js:127 [MasterStage] masterFileMount
chunk-libs.ca58d924.js:127 [MasterStage] masterFileMounted
chunk-libs.ca58d924.js:127 [master-C++]:[INFO] current web mode: gpu.
chunk-libs.ca58d924.js:127 [seat] not org file
(anonymous) @ chunk-libs.ca58d924.js:127
chunk-libs.ca58d924.js:127 Options props is deprecated, add sortable options directly as vue.draggable item, or use v-bind. See https://github.com/SortableJS/Vue.Draggable/blob/master/documentation/migrate.md#options-props
(anonymous) @ chunk-libs.ca58d924.js:127
chunk-libs.ca58d924.js:127 strict mode: "items" is 2-tuple, but minItems or maxItems/additionalItems are not specified or different at path "#"
(anonymous) @ chunk-libs.ca58d924.js:127
chunk-libs.ca58d924.js:127 strict mode: "items" is 1-tuple, but minItems or maxItems/additionalItems are not specified or different at path "#"
(anonymous) @ chunk-libs.ca58d924.js:127
VM293:150 [MasterGo2Figma UI] Auto export session start {sessionId: 'session-1779262654896-7hlmudae2xr', pageCount: 5, relayUrl: 'http://127.0.0.1:8765'}
VM293:179 [MasterGo2Figma UI] Auto export batch start {sessionId: 'session-1779262654896-7hlmudae2xr', batchIndex: 1, remainingPageCount: 5, nextPageId: 'M'}
chunk-libs.ca58d924.js:127 [MasterGo2Figma] Export queue plan {"sessionId":"session-1779262654896-7hlmudae2xr","autoContinue":true,"batchIndex":1,"batchTotal":5,"scope":"partial-pages","transferMode":"local-json-stream","requestedPageCount":5,"requestedPages":[{"name":"企业大脑","message":"","stack":"[Stack Hidden]"},{"name":"agent","message":"","stack":"[Stack Hidden]"},{"name":"界面方案研究","message":"","stack":"[Stack Hidden]"},{"name":"agent客户端融合方案（0206）","message":"","stack":"[Stack Hidden]"},{"name":"agent客户端优化方案（0401）","message":"","stack":"[Stack Hidden]"}],"runPageCount":1,"runPages":[{"name":"企业大脑","message":"","stack":"[Stack Hidden]"}],"remainingPageCount":4,"remainingPages":[{"name":"agent","message":"","stack":"[Stack Hidden]"},{"name":"界面方案研究","message":"","stack":"[Stack Hidden]"},{"name":"agent客户端融合方案（0206）","message":"","stack":"[Stack Hidden]"},{"name":"agent客户端优化方案（0401）","message":"","stack":"[Stack Hidden]"}],"limitedToSinglePage":true,"maxPagesPerBatch":1}
chunk-libs.ca58d924.js:127 strict mode: "items" is 1-tuple, but minItems or maxItems/additionalItems are not specified or different at path "#"
(anonymous) @ chunk-libs.ca58d924.js:127
S @ chunk-libs.ca58d924.js:160
p @ chunk-libs.ca58d924.js:9
s @ chunk-libs.ca58d924.js:9
code @ chunk-libs.ca58d924.js:9
G @ chunk-libs.ca58d924.js:185
(anonymous) @ chunk-libs.ca58d924.js:185
code @ chunk-libs.ca58d924.js:71
block @ chunk-libs.ca58d924.js:71
M @ chunk-libs.ca58d924.js:185
g @ chunk-libs.ca58d924.js:185
(anonymous) @ chunk-libs.ca58d924.js:185
code @ chunk-libs.ca58d924.js:71
block @ chunk-libs.ca58d924.js:71
D @ chunk-libs.ca58d924.js:185
T @ chunk-libs.ca58d924.js:185
(anonymous) @ chunk-libs.ca58d924.js:185
code @ chunk-libs.ca58d924.js:71
(anonymous) @ chunk-libs.ca58d924.js:185
code @ chunk-libs.ca58d924.js:71
func @ chunk-libs.ca58d924.js:71
g @ chunk-libs.ca58d924.js:185
b @ chunk-libs.ca58d924.js:185
m @ chunk-libs.ca58d924.js:185
l @ chunk-libs.ca58d924.js:109
_compileSchemaEnv @ chunk-libs.ca58d924.js:210
getSchema @ chunk-libs.ca58d924.js:210
M @ app.cbca4f39.js:14
(anonymous) @ app.cbca4f39.js:14
(anonymous) @ vendors~mg-plugin.3cc39455.js:1
A.withScope @ vendors~mg-plugin.3cc39455.js:1
A.cToHostCallbackFunction @ vendors~mg-plugin.3cc39455.js:1
A.cToHostCallbackFunction @ vendors~mg-plugin.3cc39455.js:1
$func806 @ 00284a2a:0x856b8
$func573 @ 00284a2a:0x6b75e
$func24 @ 00284a2a:0x3404
$func24 @ 00284a2a:0x5327
$func556 @ 00284a2a:0x6a4c2
$func562 @ 00284a2a:0x6ac14
$func24 @ 00284a2a:0x3404
$func24 @ 00284a2a:0x5327
$func712 @ 00284a2a:0x7c38d
$X @ 00284a2a:0x7def0
E._QTS_ExecutePendingJob @ vendors~mg-plugin.3cc39455.js:1
A.executePendingJobs @ vendors~mg-plugin.3cc39455.js:1
(anonymous) @ app.cbca4f39.js:1
Promise.then (async)
executePendingJobs @ app.cbca4f39.js:1
(anonymous) @ app.cbca4f39.js:1
Promise.finally (async)
(anonymous) @ app.cbca4f39.js:1
Promise.then (async)
(anonymous) @ app.cbca4f39.js:1
(anonymous) @ app.cbca4f39.js:14
(anonymous) @ vendors~mg-plugin.3cc39455.js:1
A.withScope @ vendors~mg-plugin.3cc39455.js:1
A.cToHostCallbackFunction @ vendors~mg-plugin.3cc39455.js:1
A.cToHostCallbackFunction @ vendors~mg-plugin.3cc39455.js:1
$func806 @ 00284a2a:0x856b8
$func573 @ 00284a2a:0x6b75e
$func24 @ 00284a2a:0x3404
$func24 @ 00284a2a:0x5327
$func556 @ 00284a2a:0x6a4c2
$func562 @ 00284a2a:0x6ac14
$func24 @ 00284a2a:0x3404
$func24 @ 00284a2a:0x5327
$func457 @ 00284a2a:0x609f5
$func562 @ 00284a2a:0x6ac4e
$func83 @ 00284a2a:0x16013
$func24 @ 00284a2a:0x5271
$func24 @ 00284a2a:0x51b1
$func24 @ 00284a2a:0x51b1
$func556 @ 00284a2a:0x6a4c2
$func562 @ 00284a2a:0x6ac14
$func24 @ 00284a2a:0x3404
$func24 @ 00284a2a:0x5327
$func457 @ 00284a2a:0x609f5
$func562 @ 00284a2a:0x6ac4e
$func83 @ 00284a2a:0x16013
$func24 @ 00284a2a:0x5271
$func24 @ 00284a2a:0x51b1
$func24 @ 00284a2a:0x51b1
$func556 @ 00284a2a:0x6a4c2
$func562 @ 00284a2a:0x6ac14
$func24 @ 00284a2a:0x3404
$func24 @ 00284a2a:0x5327
$func712 @ 00284a2a:0x7c38d
$X @ 00284a2a:0x7def0
E._QTS_ExecutePendingJob @ vendors~mg-plugin.3cc39455.js:1
A.executePendingJobs @ vendors~mg-plugin.3cc39455.js:1
(anonymous) @ app.cbca4f39.js:1
Promise.then (async)
executePendingJobs @ app.cbca4f39.js:1
i @ app.cbca4f39.js:1
c @ app.cbca4f39.js:1
Ns.handlePluginMessage @ app.cbca4f39.js:1
i @ chunk-libs.ca58d924.js:5
postMessage (async)
(anonymous) @ plugin-sandbox.html:26
postMessage (async)
send @ VM293:31
dispatchAutoExportBatch @ VM293:185
await in dispatchAutoExportBatch (async)
startAutoExportSession @ VM293:155
start.onclick @ VM293:365
chunk-libs.ca58d924.js:127 [MasterGo2Figma] Export recovery queue saved {"sessionId":"session-1779262654896-7hlmudae2xr","batchIndex":1,"runningPages":[{"name":"企业大脑","message":"","stack":"[Stack Hidden]"}],"recoveryPageCount":5,"nextPage":{"name":"企业大脑","message":"","stack":"[Stack Hidden]"}}
chunk-libs.ca58d924.js:127 [MasterGo2Figma] Export batch start {"sessionId":"session-1779262654896-7hlmudae2xr","autoContinue":true,"batchIndex":1,"batchTotal":5,"scope":"partial-pages","transferMode":"local-json-stream","requestedPageCount":5,"requestedPages":[{"name":"企业大脑","message":"","stack":"[Stack Hidden]"},{"name":"agent","message":"","stack":"[Stack Hidden]"},{"name":"界面方案研究","message":"","stack":"[Stack Hidden]"},{"name":"agent客户端融合方案（0206）","message":"","stack":"[Stack Hidden]"},{"name":"agent客户端优化方案（0401）","message":"","stack":"[Stack Hidden]"}],"runPageCount":1,"runPages":[{"name":"企业大脑","message":"","stack":"[Stack Hidden]"}],"remainingPageCount":4,"remainingPages":[{"name":"agent","message":"","stack":"[Stack Hidden]"},{"name":"界面方案研究","message":"","stack":"[Stack Hidden]"},{"name":"agent客户端融合方案（0206）","message":"","stack":"[Stack Hidden]"},{"name":"agent客户端优化方案（0401）","message":"","stack":"[Stack Hidden]"}],"limitedToSinglePage":true,"maxPagesPerBatch":1}
chunk-libs.ca58d924.js:127 [MasterGo2Figma] Export session stats reset {"sessionId":"session-1779262654896-7hlmudae2xr","autoContinue":true,"batchIndex":1,"batchTotal":5,"pageCount":1,"rootCount":27,"transferMode":"local-json-stream","relayUrl":"http://127.0.0.1:8765","chunkMaxRecords":16,"chunkMaxBytes":65536}
chunk-libs.ca58d924.js:127 [MasterGo2Figma] Split export start: 1 pages, 27 roots. Node pre-scan skipped.
chunk-libs.ca58d924.js:127 [MasterGo2Figma] Split package start 1/1 segment 1: 企业大脑, roots=1-27
chunk-libs.ca58d924.js:127 [MasterGo2Figma] Split package detail {"pageIndex":1,"pageCount":1,"pageName":"企业大脑","segmentIndex":1,"startRootIndex":0,"remainingRootCount":27,"targetLayerCount":8000,"chunkMaxRecords":16,"chunkMaxBytes":65536,"transfer":{"transferId":"export-1779262655069-5978083650736299","filename":"mastergo2figma-partial-pages-part-001-of-001-segment-001-企业大脑-2026-05-20T07-37-35-060Z.zip","fileIndex":0,"postedChunks":0,"streamedBytes":0}}
chunk-libs.ca58d924.js:127 strict mode: "items" is 1-tuple, but minItems or maxItems/additionalItems are not specified or different at path "#"
(anonymous) @ chunk-libs.ca58d924.js:127
S @ chunk-libs.ca58d924.js:160
p @ chunk-libs.ca58d924.js:9
s @ chunk-libs.ca58d924.js:9
code @ chunk-libs.ca58d924.js:9
G @ chunk-libs.ca58d924.js:185
(anonymous) @ chunk-libs.ca58d924.js:185
code @ chunk-libs.ca58d924.js:71
block @ chunk-libs.ca58d924.js:71
M @ chunk-libs.ca58d924.js:185
g @ chunk-libs.ca58d924.js:185
(anonymous) @ chunk-libs.ca58d924.js:185
code @ chunk-libs.ca58d924.js:71
block @ chunk-libs.ca58d924.js:71
D @ chunk-libs.ca58d924.js:185
T @ chunk-libs.ca58d924.js:185
(anonymous) @ chunk-libs.ca58d924.js:185
code @ chunk-libs.ca58d924.js:71
(anonymous) @ chunk-libs.ca58d924.js:185
code @ chunk-libs.ca58d924.js:71
func @ chunk-libs.ca58d924.js:71
g @ chunk-libs.ca58d924.js:185
b @ chunk-libs.ca58d924.js:185
m @ chunk-libs.ca58d924.js:185
l @ chunk-libs.ca58d924.js:109
_compileSchemaEnv @ chunk-libs.ca58d924.js:210
getSchema @ chunk-libs.ca58d924.js:210
M @ app.cbca4f39.js:14
(anonymous) @ app.cbca4f39.js:14
(anonymous) @ vendors~mg-plugin.3cc39455.js:1
A.withScope @ vendors~mg-plugin.3cc39455.js:1
A.cToHostCallbackFunction @ vendors~mg-plugin.3cc39455.js:1
A.cToHostCallbackFunction @ vendors~mg-plugin.3cc39455.js:1
$func806 @ 00284a2a:0x856b8
$func573 @ 00284a2a:0x6b75e
$func24 @ 00284a2a:0x3404
$func24 @ 00284a2a:0x5327
$func556 @ 00284a2a:0x6a4c2
$func562 @ 00284a2a:0x6ac14
$func24 @ 00284a2a:0x3404
$func24 @ 00284a2a:0x5327
$func457 @ 00284a2a:0x609f5
$func562 @ 00284a2a:0x6ac4e
$func83 @ 00284a2a:0x16013
$func24 @ 00284a2a:0x5271
$func24 @ 00284a2a:0x51b1
$func24 @ 00284a2a:0x51b1
$func556 @ 00284a2a:0x6a4c2
$func562 @ 00284a2a:0x6ac14
$func24 @ 00284a2a:0x3404
$func24 @ 00284a2a:0x5327
$func457 @ 00284a2a:0x609f5
$func562 @ 00284a2a:0x6ac4e
$func83 @ 00284a2a:0x16013
$func24 @ 00284a2a:0x5271
$func24 @ 00284a2a:0x51b1
$func24 @ 00284a2a:0x51b1
$func556 @ 00284a2a:0x6a4c2
$func562 @ 00284a2a:0x6ac14
$func24 @ 00284a2a:0x3404
$func24 @ 00284a2a:0x5327
$func457 @ 00284a2a:0x609f5
$func562 @ 00284a2a:0x6ac4e
$func83 @ 00284a2a:0x16013
$func24 @ 00284a2a:0x5271
$func24 @ 00284a2a:0x51b1
$func24 @ 00284a2a:0x51b1
$func556 @ 00284a2a:0x6a4c2
$func562 @ 00284a2a:0x6ac14
$func24 @ 00284a2a:0x3404
$func24 @ 00284a2a:0x5327
$func457 @ 00284a2a:0x609f5
$func562 @ 00284a2a:0x6ac4e
$func83 @ 00284a2a:0x16013
$func24 @ 00284a2a:0x5271
$func24 @ 00284a2a:0x51b1
$func24 @ 00284a2a:0x51b1
$func556 @ 00284a2a:0x6a4c2
$func562 @ 00284a2a:0x6ac14
$func24 @ 00284a2a:0x3404
$func24 @ 00284a2a:0x5327
$func457 @ 00284a2a:0x609f5
$func562 @ 00284a2a:0x6ac4e
$func83 @ 00284a2a:0x16013
$func24 @ 00284a2a:0x5271
$func24 @ 00284a2a:0x51b1
$func24 @ 00284a2a:0x51b1
$func556 @ 00284a2a:0x6a4c2
$func562 @ 00284a2a:0x6ac14
$func24 @ 00284a2a:0x3404
$func24 @ 00284a2a:0x5327
$func457 @ 00284a2a:0x609f5
$func562 @ 00284a2a:0x6ac4e
$func83 @ 00284a2a:0x16013
$func24 @ 00284a2a:0x5271
$func24 @ 00284a2a:0x51b1
$func24 @ 00284a2a:0x51b1
$func556 @ 00284a2a:0x6a4c2
$func562 @ 00284a2a:0x6ac14
$func24 @ 00284a2a:0x3404
$func24 @ 00284a2a:0x5327
$func457 @ 00284a2a:0x609f5
$func562 @ 00284a2a:0x6ac4e
$func83 @ 00284a2a:0x16013
$func24 @ 00284a2a:0x5271
$func24 @ 00284a2a:0x51b1
$func24 @ 00284a2a:0x51b1
$func556 @ 00284a2a:0x6a4c2
$func562 @ 00284a2a:0x6ac14
$func24 @ 00284a2a:0x3404
$func24 @ 00284a2a:0x5327
$func712 @ 00284a2a:0x7c38d
$X @ 00284a2a:0x7def0
E._QTS_ExecutePendingJob @ vendors~mg-plugin.3cc39455.js:1
A.executePendingJobs @ vendors~mg-plugin.3cc39455.js:1
(anonymous) @ app.cbca4f39.js:1
Promise.then (async)
executePendingJobs @ app.cbca4f39.js:1
(anonymous) @ app.cbca4f39.js:1
Promise.finally (async)
(anonymous) @ app.cbca4f39.js:1
Promise.then (async)
(anonymous) @ app.cbca4f39.js:1
(anonymous) @ app.cbca4f39.js:14
(anonymous) @ vendors~mg-plugin.3cc39455.js:1
A.withScope @ vendors~mg-plugin.3cc39455.js:1
A.cToHostCallbackFunction @ vendors~mg-plugin.3cc39455.js:1
A.cToHostCallbackFunction @ vendors~mg-plugin.3cc39455.js:1
$func806 @ 00284a2a:0x856b8
$func573 @ 00284a2a:0x6b75e
$func24 @ 00284a2a:0x3404
$func24 @ 00284a2a:0x5327
$func556 @ 00284a2a:0x6a4c2
$func562 @ 00284a2a:0x6ac14
$func24 @ 00284a2a:0x3404
$func24 @ 00284a2a:0x5327
$func712 @ 00284a2a:0x7c38d
$X @ 00284a2a:0x7def0
E._QTS_ExecutePendingJob @ vendors~mg-plugin.3cc39455.js:1
A.executePendingJobs @ vendors~mg-plugin.3cc39455.js:1
(anonymous) @ app.cbca4f39.js:1
Promise.then (async)
executePendingJobs @ app.cbca4f39.js:1
(anonymous) @ app.cbca4f39.js:1
Promise.finally (async)
(anonymous) @ app.cbca4f39.js:1
Promise.then (async)
(anonymous) @ app.cbca4f39.js:1
(anonymous) @ app.cbca4f39.js:14
(anonymous) @ vendors~mg-plugin.3cc39455.js:1
A.withScope @ vendors~mg-plugin.3cc39455.js:1
A.cToHostCallbackFunction @ vendors~mg-plugin.3cc39455.js:1
A.cToHostCallbackFunction @ vendors~mg-plugin.3cc39455.js:1
$func806 @ 00284a2a:0x856b8
$func573 @ 00284a2a:0x6b75e
$func24 @ 00284a2a:0x3404
$func24 @ 00284a2a:0x5327
$func556 @ 00284a2a:0x6a4c2
$func562 @ 00284a2a:0x6ac14
$func24 @ 00284a2a:0x3404
$func24 @ 00284a2a:0x5327
$func457 @ 00284a2a:0x609f5
$func562 @ 00284a2a:0x6ac4e
$func83 @ 00284a2a:0x16013
$func24 @ 00284a2a:0x5271
$func24 @ 00284a2a:0x51b1
$func24 @ 00284a2a:0x51b1
$func556 @ 00284a2a:0x6a4c2
$func562 @ 00284a2a:0x6ac14
$func24 @ 00284a2a:0x3404
$func24 @ 00284a2a:0x5327
$func457 @ 00284a2a:0x609f5
$func562 @ 00284a2a:0x6ac4e
$func83 @ 00284a2a:0x16013
$func24 @ 00284a2a:0x5271
$func24 @ 00284a2a:0x51b1
$func24 @ 00284a2a:0x51b1
$func556 @ 00284a2a:0x6a4c2
$func562 @ 00284a2a:0x6ac14
$func24 @ 00284a2a:0x3404
$func24 @ 00284a2a:0x5327
$func712 @ 00284a2a:0x7c38d
$X @ 00284a2a:0x7def0
E._QTS_ExecutePendingJob @ vendors~mg-plugin.3cc39455.js:1
A.executePendingJobs @ vendors~mg-plugin.3cc39455.js:1
(anonymous) @ app.cbca4f39.js:1
Promise.then (async)
executePendingJobs @ app.cbca4f39.js:1
i @ app.cbca4f39.js:1
c @ app.cbca4f39.js:1
Ns.handlePluginMessage @ app.cbca4f39.js:1
i @ chunk-libs.ca58d924.js:5
postMessage (async)
(anonymous) @ plugin-sandbox.html:26
postMessage (async)
send @ VM293:31
dispatchAutoExportBatch @ VM293:185
await in dispatchAutoExportBatch (async)
startAutoExportSession @ VM293:155
start.onclick @ VM293:365
chunk-libs.ca58d924.js:127 [MasterGo2Figma] Layer chunk flush {"page":"企业大脑 1","path":"pages/page-001-企业大脑/layers/layers-001.json","chunkIndex":1,"records":16,"bytes":25749,"processedNodes":21,"transfer":{"transferId":"export-1779262655069-5978083650736299","filename":"mastergo2figma-partial-pages-part-001-of-001-segment-001-企业大脑-2026-05-20T07-37-35-060Z.zip","fileIndex":0,"postedChunks":0,"streamedBytes":0}}
chunk-libs.ca58d924.js:127 [MasterGo2Figma] Layer chunk flush {"page":"企业大脑 1","path":"pages/page-001-企业大脑/layers/layers-019.json","chunkIndex":19,"records":16,"bytes":54289,"processedNodes":602,"transfer":{"transferId":"export-1779262655069-5978083650736299","filename":"mastergo2figma-partial-pages-part-001-of-001-segment-001-企业大脑-2026-05-20T07-37-35-060Z.zip","fileIndex":18,"postedChunks":357,"streamedBytes":592004}}
chunk-libs.ca58d924.js:127 [MasterGo2Figma] Layer chunk flush {"page":"企业大脑 1","path":"pages/page-001-企业大脑/layers/layers-038.json","chunkIndex":38,"records":16,"bytes":52328,"processedNodes":1261,"transfer":{"transferId":"export-1779262655069-5978083650736299","filename":"mastergo2figma-partial-pages-part-001-of-001-segment-001-企业大脑-2026-05-20T07-37-35-060Z.zip","fileIndex":37,"postedChunks":751,"streamedBytes":1312750}}
chunk-libs.ca58d924.js:127 [MasterGo2Figma] Layer chunk flush {"page":"企业大脑 1","path":"pages/page-001-企业大脑/layers/layers-042.json","chunkIndex":42,"records":16,"bytes":49373,"processedNodes":1389,"transfer":{"transferId":"export-1779262655069-5978083650736299","filename":"mastergo2figma-partial-pages-part-001-of-001-segment-001-企业大脑-2026-05-20T07-37-35-060Z.zip","fileIndex":41,"postedChunks":835,"streamedBytes":1471182}}
chunk-libs.ca58d924.js:127 [MasterGo2Figma] Layer chunk flush {"page":"企业大脑 1","path":"pages/page-001-企业大脑/layers/layers-044.json","chunkIndex":44,"records":16,"bytes":63679,"processedNodes":1433,"transfer":{"transferId":"export-1779262655069-5978083650736299","filename":"mastergo2figma-partial-pages-part-001-of-001-segment-001-企业大脑-2026-05-20T07-37-35-060Z.zip","fileIndex":43,"postedChunks":880,"streamedBytes":1561351}}
chunk-libs.ca58d924.js:127 [MasterGo2Figma] Layer chunk flush {"page":"企业大脑 1","path":"pages/page-001-企业大脑/layers/layers-050.json","chunkIndex":50,"records":16,"bytes":37740,"processedNodes":1554,"transfer":{"transferId":"export-1779262655069-5978083650736299","filename":"mastergo2figma-partial-pages-part-001-of-001-segment-001-企业大脑-2026-05-20T07-37-35-060Z.zip","fileIndex":49,"postedChunks":1000,"streamedBytes":1768230}}
chunk-libs.ca58d924.js:127 [MasterGo2Figma] Layer chunk flush {"page":"企业大脑 1","path":"pages/page-001-企业大脑/layers/layers-100.json","chunkIndex":100,"records":16,"bytes":26422,"processedNodes":2572,"transfer":{"transferId":"export-1779262655069-5978083650736299","filename":"mastergo2figma-partial-pages-part-001-of-001-segment-001-企业大脑-2026-05-20T07-37-35-060Z.zip","fileIndex":99,"postedChunks":1971,"streamedBytes":3348006}}
chunk-libs.ca58d924.js:127 [MasterGo2Figma] Layer chunk flush {"page":"企业大脑 1","path":"pages/page-001-企业大脑/layers/layers-138.json","chunkIndex":138,"records":16,"bytes":51024,"processedNodes":3208,"transfer":{"transferId":"export-1779262655069-5978083650736299","filename":"mastergo2figma-partial-pages-part-001-of-001-segment-001-企业大脑-2026-05-20T07-37-35-060Z.zip","fileIndex":137,"postedChunks":2694,"streamedBytes":4451507}}
chunk-libs.ca58d924.js:127 [MasterGo2Figma] Layer chunk flush {"page":"企业大脑 1","path":"pages/page-001-企业大脑/layers/layers-150.json","chunkIndex":150,"records":16,"bytes":39857,"processedNodes":3400,"transfer":{"transferId":"export-1779262655069-5978083650736299","filename":"mastergo2figma-partial-pages-part-001-of-001-segment-001-企业大脑-2026-05-20T07-37-35-060Z.zip","fileIndex":149,"postedChunks":2943,"streamedBytes":4872999}}
chunk-libs.ca58d924.js:127 [MasterGo2Figma] Layer chunk flush {"page":"企业大脑 1","path":"pages/page-001-企业大脑/layers/layers-160.json","chunkIndex":160,"records":16,"bytes":51162,"processedNodes":3578,"transfer":{"transferId":"export-1779262655069-5978083650736299","filename":"mastergo2figma-partial-pages-part-001-of-001-segment-001-企业大脑-2026-05-20T07-37-35-060Z.zip","fileIndex":159,"postedChunks":3149,"streamedBytes":5231829}}
chunk-libs.ca58d924.js:127 [MasterGo2Figma] Layer chunk flush {"page":"企业大脑 1","path":"pages/page-001-企业大脑/layers/layers-162.json","chunkIndex":162,"records":16,"bytes":57404,"processedNodes":3610,"transfer":{"transferId":"export-1779262655069-5978083650736299","filename":"mastergo2figma-partial-pages-part-001-of-001-segment-001-企业大脑-2026-05-20T07-37-35-060Z.zip","fileIndex":161,"postedChunks":3192,"streamedBytes":5312199}}
chunk-libs.ca58d924.js:127 [MasterGo2Figma] Layer chunk flush {"page":"企业大脑 1","path":"pages/page-001-企业大脑/layers/layers-200.json","chunkIndex":200,"records":16,"bytes":25679,"processedNodes":4299,"transfer":{"transferId":"export-1779262655069-5978083650736299","filename":"mastergo2figma-partial-pages-part-001-of-001-segment-001-企业大脑-2026-05-20T07-37-35-060Z.zip","fileIndex":199,"postedChunks":3965,"streamedBytes":6616194}}
chunk-libs.ca58d924.js:127 [MasterGo2Figma] Layer chunk flush {"page":"企业大脑 1","path":"pages/page-001-企业大脑/layers/layers-241.json","chunkIndex":241,"records":16,"bytes":53549,"processedNodes":5023,"transfer":{"transferId":"export-1779262655069-5978083650736299","filename":"mastergo2figma-partial-pages-part-001-of-001-segment-001-企业大脑-2026-05-20T07-37-35-060Z.zip","fileIndex":240,"postedChunks":4734,"streamedBytes":7766887}}
chunk-libs.ca58d924.js:127 [MasterGo2Figma] Layer chunk flush {"page":"企业大脑 1","path":"pages/page-001-企业大脑/layers/layers-244.json","chunkIndex":244,"records":16,"bytes":55936,"processedNodes":5080,"transfer":{"transferId":"export-1779262655069-5978083650736299","filename":"mastergo2figma-partial-pages-part-001-of-001-segment-001-企业大脑-2026-05-20T07-37-35-060Z.zip","fileIndex":243,"postedChunks":4797,"streamedBytes":7892397}}
chunk-libs.ca58d924.js:127 [MasterGo2Figma] Layer chunk flush {"page":"企业大脑 1","path":"pages/page-001-企业大脑/layers/layers-245.json","chunkIndex":245,"records":16,"bytes":53305,"processedNodes":5096,"transfer":{"transferId":"export-1779262655069-5978083650736299","filename":"mastergo2figma-partial-pages-part-001-of-001-segment-001-企业大脑-2026-05-20T07-37-35-060Z.zip","fileIndex":244,"postedChunks":4821,"streamedBytes":7948408}}
chunk-libs.ca58d924.js:127 [MasterGo2Figma] Layer chunk flush {"page":"企业大脑 1","path":"pages/page-001-企业大脑/layers/layers-248.json","chunkIndex":248,"records":16,"bytes":50392,"processedNodes":5144,"transfer":{"transferId":"export-1779262655069-5978083650736299","filename":"mastergo2figma-partial-pages-part-001-of-001-segment-001-企业大脑-2026-05-20T07-37-35-060Z.zip","fileIndex":247,"postedChunks":4879,"streamedBytes":8077543}}
chunk-libs.ca58d924.js:127 [MasterGo2Figma] Layer chunk flush {"page":"企业大脑 1","path":"pages/page-001-企业大脑/layers/layers-249.json","chunkIndex":249,"records":15,"bytes":64492,"processedNodes":5160,"transfer":{"transferId":"export-1779262655069-5978083650736299","filename":"mastergo2figma-partial-pages-part-001-of-001-segment-001-企业大脑-2026-05-20T07-37-35-060Z.zip","fileIndex":248,"postedChunks":4902,"streamedBytes":8128010}}
chunk-libs.ca58d924.js:127 [MasterGo2Figma] Layer chunk flush {"page":"企业大脑 1","path":"pages/page-001-企业大脑/layers/layers-250.json","chunkIndex":250,"records":16,"bytes":24590,"processedNodes":5175,"transfer":{"transferId":"export-1779262655069-5978083650736299","filename":"mastergo2figma-partial-pages-part-001-of-001-segment-001-企业大脑-2026-05-20T07-37-35-060Z.zip","fileIndex":249,"postedChunks":4927,"streamedBytes":8192577}}
chunk-libs.ca58d924.js:127 [MasterGo2Figma] Layer chunk flush {"page":"企业大脑 1","path":"pages/page-001-企业大脑/layers/layers-253.json","chunkIndex":253,"records":16,"bytes":50920,"processedNodes":5223,"transfer":{"transferId":"export-1779262655069-5978083650736299","filename":"mastergo2figma-partial-pages-part-001-of-001-segment-001-企业大脑-2026-05-20T07-37-35-060Z.zip","fileIndex":252,"postedChunks":4981,"streamedBytes":8267323}}
chunk-libs.ca58d924.js:127 [MasterGo2Figma] Layer chunk flush {"page":"企业大脑 1","path":"pages/page-001-企业大脑/layers/layers-256.json","chunkIndex":256,"records":16,"bytes":52886,"processedNodes":5271,"transfer":{"transferId":"export-1779262655069-5978083650736299","filename":"mastergo2figma-partial-pages-part-001-of-001-segment-001-企业大脑-2026-05-20T07-37-35-060Z.zip","fileIndex":255,"postedChunks":5043,"streamedBytes":8387123}}
chunk-libs.ca58d924.js:127 [MasterGo2Figma] Layer chunk flush {"page":"企业大脑 1","path":"pages/page-001-企业大脑/layers/layers-257.json","chunkIndex":257,"records":16,"bytes":53172,"processedNodes":5296,"transfer":{"transferId":"export-1779262655069-5978083650736299","filename":"mastergo2figma-partial-pages-part-001-of-001-segment-001-企业大脑-2026-05-20T07-37-35-060Z.zip","fileIndex":256,"postedChunks":5066,"streamedBytes":8440084}}
chunk-libs.ca58d924.js:127 [MasterGo2Figma] Layer chunk flush {"page":"企业大脑 1","path":"pages/page-001-企业大脑/layers/layers-260.json","chunkIndex":260,"records":16,"bytes":54780,"processedNodes":5344,"transfer":{"transferId":"export-1779262655069-5978083650736299","filename":"mastergo2figma-partial-pages-part-001-of-001-segment-001-企业大脑-2026-05-20T07-37-35-060Z.zip","fileIndex":259,"postedChunks":5125,"streamedBytes":8571273}}
chunk-libs.ca58d924.js:127 [MasterGo2Figma] Layer chunk flush {"page":"企业大脑 1","path":"pages/page-001-企业大脑/layers/layers-261.json","chunkIndex":261,"records":16,"bytes":64651,"processedNodes":5360,"transfer":{"transferId":"export-1779262655069-5978083650736299","filename":"mastergo2figma-partial-pages-part-001-of-001-segment-001-企业大脑-2026-05-20T07-37-35-060Z.zip","fileIndex":260,"postedChunks":5148,"streamedBytes":8626128}}
chunk-libs.ca58d924.js:127 [MasterGo2Figma] Layer chunk flush {"page":"企业大脑 1","path":"pages/page-001-企业大脑/layers/layers-300.json","chunkIndex":300,"records":16,"bytes":37888,"processedNodes":5990,"transfer":{"transferId":"export-1779262655069-5978083650736299","filename":"mastergo2figma-partial-pages-part-001-of-001-segment-001-企业大脑-2026-05-20T07-37-35-060Z.zip","fileIndex":299,"postedChunks":5877,"streamedBytes":9707576}}
chunk-libs.ca58d924.js:127 [MasterGo2Figma] Layer chunk flush {"page":"企业大脑 1","path":"pages/page-001-企业大脑/layers/layers-334.json","chunkIndex":334,"records":16,"bytes":54952,"processedNodes":6540,"transfer":{"transferId":"export-1779262655069-5978083650736299","filename":"mastergo2figma-partial-pages-part-001-of-001-segment-001-企业大脑-2026-05-20T07-37-35-060Z.zip","fileIndex":333,"postedChunks":6514,"streamedBytes":10637520}}
chunk-libs.ca58d924.js:127 [MasterGo2Figma] Large layer record {"page":"企业大脑","node":"联集 56 (PEN, 1:8425)","recordBytes":73008,"chunkBytes":14362,"chunkRecords":8,"complexity":{"name":"联集 56","message":"","stack":"[Stack Hidden]"},"transfer":{"transferId":"export-1779262655069-5978083650736299","filename":"mastergo2figma-partial-pages-part-001-of-001-segment-001-企业大脑-2026-05-20T07-37-35-060Z.zip","fileIndex":334,"postedChunks":6539,"streamedBytes":10692547}}
(anonymous) @ chunk-libs.ca58d924.js:127
(anonymous) @ app.cbca4f39.js:1
(anonymous) @ vendors~mg-plugin.3cc39455.js:1
A.withScope @ vendors~mg-plugin.3cc39455.js:1
A.cToHostCallbackFunction @ vendors~mg-plugin.3cc39455.js:1
A.cToHostCallbackFunction @ vendors~mg-plugin.3cc39455.js:1
$func806 @ 00284a2a:0x856b8
$func573 @ 00284a2a:0x6b75e
$func24 @ 00284a2a:0x3404
$func24 @ 00284a2a:0x5327
$func24 @ 00284a2a:0x51b1
$func556 @ 00284a2a:0x6a4c2
$func562 @ 00284a2a:0x6ac14
$func24 @ 00284a2a:0x3404
$func24 @ 00284a2a:0x5327
$func712 @ 00284a2a:0x7c38d
$X @ 00284a2a:0x7def0
E._QTS_ExecutePendingJob @ vendors~mg-plugin.3cc39455.js:1
A.executePendingJobs @ vendors~mg-plugin.3cc39455.js:1
(anonymous) @ app.cbca4f39.js:1
Promise.then (async)
executePendingJobs @ app.cbca4f39.js:1
(anonymous) @ app.cbca4f39.js:1
i @ chunk-libs.ca58d924.js:5
setTimeout (async)
(anonymous) @ chunk-libs.ca58d924.js:5
(anonymous) @ app.cbca4f39.js:1
(anonymous) @ vendors~mg-plugin.3cc39455.js:1
A.withScope @ vendors~mg-plugin.3cc39455.js:1
A.cToHostCallbackFunction @ vendors~mg-plugin.3cc39455.js:1
A.cToHostCallbackFunction @ vendors~mg-plugin.3cc39455.js:1
$func806 @ 00284a2a:0x856b8
$func573 @ 00284a2a:0x6b75e
$func24 @ 00284a2a:0x3404
$func24 @ 00284a2a:0x51b1
$func457 @ 00284a2a:0x609f5
$func562 @ 00284a2a:0x6ac4e
$func83 @ 00284a2a:0x16013
$func24 @ 00284a2a:0x5271
$func24 @ 00284a2a:0x51b1
$func556 @ 00284a2a:0x6a4c2
$func562 @ 00284a2a:0x6ac14
$func24 @ 00284a2a:0x3404
$func24 @ 00284a2a:0x5327
$func457 @ 00284a2a:0x609f5
$func562 @ 00284a2a:0x6ac4e
$func83 @ 00284a2a:0x16013
$func24 @ 00284a2a:0x5271
$func24 @ 00284a2a:0x51b1
$func24 @ 00284a2a:0x51b1
$func556 @ 00284a2a:0x6a4c2
$func562 @ 00284a2a:0x6ac14
$func24 @ 00284a2a:0x3404
$func24 @ 00284a2a:0x5327
$func712 @ 00284a2a:0x7c38d
$X @ 00284a2a:0x7def0
E._QTS_ExecutePendingJob @ vendors~mg-plugin.3cc39455.js:1
A.executePendingJobs @ vendors~mg-plugin.3cc39455.js:1
(anonymous) @ app.cbca4f39.js:1
Promise.then (async)
executePendingJobs @ app.cbca4f39.js:1
i @ app.cbca4f39.js:1
c @ app.cbca4f39.js:1
Ns.handlePluginMessage @ app.cbca4f39.js:1
i @ chunk-libs.ca58d924.js:5
postMessage (async)
(anonymous) @ plugin-sandbox.html:26
postMessage (async)
send @ VM293:31
acknowledgeLocalRelayFile @ VM293:536
await in acknowledgeLocalRelayFile (async)
window.onmessage @ VM293:891
postMessage (async)
postMessage @ app.cbca4f39.js:1
(anonymous) @ app.cbca4f39.js:1
(anonymous) @ app.cbca4f39.js:14
(anonymous) @ vendors~mg-plugin.3cc39455.js:1
A.withScope @ vendors~mg-plugin.3cc39455.js:1
A.cToHostCallbackFunction @ vendors~mg-plugin.3cc39455.js:1
A.cToHostCallbackFunction @ vendors~mg-plugin.3cc39455.js:1
$func806 @ 00284a2a:0x856b8
$func573 @ 00284a2a:0x6b75e
$func24 @ 00284a2a:0x3404
$func24 @ 00284a2a:0x5327
$func24 @ 00284a2a:0x51b1
$func556 @ 00284a2a:0x6a4c2
$func562 @ 00284a2a:0x6ac14
$func24 @ 00284a2a:0x3404
$func24 @ 00284a2a:0x5327
$func712 @ 00284a2a:0x7c38d
$X @ 00284a2a:0x7def0
E._QTS_ExecutePendingJob @ vendors~mg-plugin.3cc39455.js:1
A.executePendingJobs @ vendors~mg-plugin.3cc39455.js:1
(anonymous) @ app.cbca4f39.js:1
Promise.then (async)
executePendingJobs @ app.cbca4f39.js:1
(anonymous) @ app.cbca4f39.js:1
i @ chunk-libs.ca58d924.js:5
setTimeout (async)
(anonymous) @ chunk-libs.ca58d924.js:5
(anonymous) @ app.cbca4f39.js:1
(anonymous) @ vendors~mg-plugin.3cc39455.js:1
A.withScope @ vendors~mg-plugin.3cc39455.js:1
A.cToHostCallbackFunction @ vendors~mg-plugin.3cc39455.js:1
A.cToHostCallbackFunction @ vendors~mg-plugin.3cc39455.js:1
$func806 @ 00284a2a:0x856b8
$func573 @ 00284a2a:0x6b75e
$func24 @ 00284a2a:0x3404
$func24 @ 00284a2a:0x51b1
$func457 @ 00284a2a:0x609f5
$func562 @ 00284a2a:0x6ac4e
$func83 @ 00284a2a:0x16013
$func24 @ 00284a2a:0x5271
$func24 @ 00284a2a:0x51b1
$func556 @ 00284a2a:0x6a4c2
$func562 @ 00284a2a:0x6ac14
$func24 @ 00284a2a:0x3404
$func24 @ 00284a2a:0x5327
$func457 @ 00284a2a:0x609f5
$func562 @ 00284a2a:0x6ac4e
$func83 @ 00284a2a:0x16013
$func24 @ 00284a2a:0x5271
$func24 @ 00284a2a:0x51b1
$func24 @ 00284a2a:0x51b1
$func556 @ 00284a2a:0x6a4c2
$func562 @ 00284a2a:0x6ac14
$func24 @ 00284a2a:0x3404
$func24 @ 00284a2a:0x5327
$func712 @ 00284a2a:0x7c38d
$X @ 00284a2a:0x7def0
E._QTS_ExecutePendingJob @ vendors~mg-plugin.3cc39455.js:1
A.executePendingJobs @ vendors~mg-plugin.3cc39455.js:1
(anonymous) @ app.cbca4f39.js:1
Promise.then (async)
executePendingJobs @ app.cbca4f39.js:1
(anonymous) @ app.cbca4f39.js:1
i @ chunk-libs.ca58d924.js:5
setTimeout (async)
(anonymous) @ chunk-libs.ca58d924.js:5
(anonymous) @ app.cbca4f39.js:1
(anonymous) @ vendors~mg-plugin.3cc39455.js:1
A.withScope @ vendors~mg-plugin.3cc39455.js:1
A.cToHostCallbackFunction @ vendors~mg-plugin.3cc39455.js:1
A.cToHostCallbackFunction @ vendors~mg-plugin.3cc39455.js:1
$func806 @ 00284a2a:0x856b8
$func573 @ 00284a2a:0x6b75e
$func24 @ 00284a2a:0x3404
$func24 @ 00284a2a:0x51b1
$func457 @ 00284a2a:0x609f5
$func562 @ 00284a2a:0x6ac4e
$func83 @ 00284a2a:0x16013
$func24 @ 00284a2a:0x5271
$func24 @ 00284a2a:0x51b1
$func556 @ 00284a2a:0x6a4c2
$func562 @ 00284a2a:0x6ac14
$func24 @ 00284a2a:0x3404
$func24 @ 00284a2a:0x5327
$func457 @ 00284a2a:0x609f5
$func562 @ 00284a2a:0x6ac4e
$func83 @ 00284a2a:0x16013
$func24 @ 00284a2a:0x5271
$func24 @ 00284a2a:0x51b1
$func24 @ 00284a2a:0x51b1
$func556 @ 00284a2a:0x6a4c2
$func562 @ 00284a2a:0x6ac14
$func24 @ 00284a2a:0x3404
$func24 @ 00284a2a:0x5327
$func712 @ 00284a2a:0x7c38d
$X @ 00284a2a:0x7def0
E._QTS_ExecutePendingJob @ vendors~mg-plugin.3cc39455.js:1
A.executePendingJobs @ vendors~mg-plugin.3cc39455.js:1
(anonymous) @ app.cbca4f39.js:1
Promise.then (async)
executePendingJobs @ app.cbca4f39.js:1
i @ app.cbca4f39.js:1
c @ app.cbca4f39.js:1
Ns.handlePluginMessage @ app.cbca4f39.js:1
i @ chunk-libs.ca58d924.js:5
postMessage (async)
(anonymous) @ plugin-sandbox.html:26
postMessage (async)
send @ VM293:31
acknowledgeLocalRelayFile @ VM293:536
await in acknowledgeLocalRelayFile (async)
window.onmessage @ VM293:891
postMessage (async)
postMessage @ app.cbca4f39.js:1
(anonymous) @ app.cbca4f39.js:1
(anonymous) @ app.cbca4f39.js:14
(anonymous) @ vendors~mg-plugin.3cc39455.js:1
A.withScope @ vendors~mg-plugin.3cc39455.js:1
A.cToHostCallbackFunction @ vendors~mg-plugin.3cc39455.js:1
A.cToHostCallbackFunction @ vendors~mg-plugin.3cc39455.js:1
$func806 @ 00284a2a:0x856b8
$func573 @ 00284a2a:0x6b75e
$func24 @ 00284a2a:0x3404
$func24 @ 00284a2a:0x5327
$func24 @ 00284a2a:0x51b1
$func556 @ 00284a2a:0x6a4c2
$func562 @ 00284a2a:0x6ac14
$func24 @ 00284a2a:0x3404
$func24 @ 00284a2a:0x5327
$func712 @ 00284a2a:0x7c38d
$X @ 00284a2a:0x7def0
E._QTS_ExecutePendingJob @ vendors~mg-plugin.3cc39455.js:1
A.executePendingJobs @ vendors~mg-plugin.3cc39455.js:1
(anonymous) @ app.cbca4f39.js:1
Promise.then (async)
executePendingJobs @ app.cbca4f39.js:1
i @ app.cbca4f39.js:1
c @ app.cbca4f39.js:1
Ns.handlePluginMessage @ app.cbca4f39.js:1
i @ chunk-libs.ca58d924.js:5
postMessage (async)
(anonymous) @ plugin-sandbox.html:26
postMessage (async)
send @ VM293:31
acknowledgeLocalRelayFile @ VM293:536
await in acknowledgeLocalRelayFile (async)
window.onmessage @ VM293:891
postMessage (async)
postMessage @ app.cbca4f39.js:1
(anonymous) @ app.cbca4f39.js:1
(anonymous) @ app.cbca4f39.js:14
(anonymous) @ vendors~mg-plugin.3cc39455.js:1
A.withScope @ vendors~mg-plugin.3cc39455.js:1
A.cToHostCallbackFunction @ vendors~mg-plugin.3cc39455.js:1
A.cToHostCallbackFunction @ vendors~mg-plugin.3cc39455.js:1
$func806 @ 00284a2a:0x856b8
$func573 @ 00284a2a:0x6b75e
$func24 @ 00284a2a:0x3404
$func24 @ 00284a2a:0x5327
$func24 @ 00284a2a:0x51b1
$func556 @ 00284a2a:0x6a4c2
$func562 @ 00284a2a:0x6ac14
$func24 @ 00284a2a:0x3404
$func24 @ 00284a2a:0x5327
$func712 @ 00284a2a:0x7c38d
$X @ 00284a2a:0x7def0
E._QTS_ExecutePendingJob @ vendors~mg-plugin.3cc39455.js:1
A.executePendingJobs @ vendors~mg-plugin.3cc39455.js:1
(anonymous) @ app.cbca4f39.js:1
Promise.then (async)
executePendingJobs @ app.cbca4f39.js:1
(anonymous) @ app.cbca4f39.js:1
i @ chunk-libs.ca58d924.js:5
setTimeout (async)
(anonymous) @ chunk-libs.ca58d924.js:5
(anonymous) @ app.cbca4f39.js:1
(anonymous) @ vendors~mg-plugin.3cc39455.js:1
A.withScope @ vendors~mg-plugin.3cc39455.js:1
A.cToHostCallbackFunction @ vendors~mg-plugin.3cc39455.js:1
A.cToHostCallbackFunction @ vendors~mg-plugin.3cc39455.js:1
$func806 @ 00284a2a:0x856b8
$func573 @ 00284a2a:0x6b75e
$func24 @ 00284a2a:0x3404
$func24 @ 00284a2a:0x51b1
$func457 @ 00284a2a:0x609f5
$func562 @ 00284a2a:0x6ac4e
$func83 @ 00284a2a:0x16013
$func24 @ 00284a2a:0x5271
$func24 @ 00284a2a:0x51b1
$func556 @ 00284a2a:0x6a4c2
$func562 @ 00284a2a:0x6ac14
$func24 @ 00284a2a:0x3404
$func24 @ 00284a2a:0x5327
$func457 @ 00284a2a:0x609f5
$func562 @ 00284a2a:0x6ac4e
$func83 @ 00284a2a:0x16013
$func24 @ 00284a2a:0x5271
$func24 @ 00284a2a:0x51b1
$func24 @ 00284a2a:0x51b1
$func556 @ 00284a2a:0x6a4c2
$func562 @ 00284a2a:0x6ac14
$func24 @ 00284a2a:0x3404
$func24 @ 00284a2a:0x5327
$func712 @ 00284a2a:0x7c38d
$X @ 00284a2a:0x7def0
E._QTS_ExecutePendingJob @ vendors~mg-plugin.3cc39455.js:1
A.executePendingJobs @ vendors~mg-plugin.3cc39455.js:1
(anonymous) @ app.cbca4f39.js:1
Promise.then (async)
executePendingJobs @ app.cbca4f39.js:1
(anonymous) @ app.cbca4f39.js:1
i @ chunk-libs.ca58d924.js:5
setTimeout (async)
(anonymous) @ chunk-libs.ca58d924.js:5
(anonymous) @ app.cbca4f39.js:1
(anonymous) @ vendors~mg-plugin.3cc39455.js:1
A.withScope @ vendors~mg-plugin.3cc39455.js:1
A.cToHostCallbackFunction @ vendors~mg-plugin.3cc39455.js:1
A.cToHostCallbackFunction @ vendors~mg-plugin.3cc39455.js:1
$func806 @ 00284a2a:0x856b8
$func573 @ 00284a2a:0x6b75e
$func24 @ 00284a2a:0x3404
$func24 @ 00284a2a:0x51b1
$func457 @ 00284a2a:0x609f5
$func562 @ 00284a2a:0x6ac4e
$func83 @ 00284a2a:0x16013
$func24 @ 00284a2a:0x5271
$func24 @ 00284a2a:0x51b1
$func556 @ 00284a2a:0x6a4c2
$func562 @ 00284a2a:0x6ac14
$func24 @ 00284a2a:0x3404
$func24 @ 00284a2a:0x5327
$func457 @ 00284a2a:0x609f5
$func562 @ 00284a2a:0x6ac4e
$func83 @ 00284a2a:0x16013
$func24 @ 00284a2a:0x5271
$func24 @ 00284a2a:0x51b1
$func24 @ 00284a2a:0x51b1
$func556 @ 00284a2a:0x6a4c2
$func562 @ 00284a2a:0x6ac14
$func24 @ 00284a2a:0x3404
$func24 @ 00284a2a:0x5327
$func712 @ 00284a2a:0x7c38d
$X @ 00284a2a:0x7def0
E._QTS_ExecutePendingJob @ vendors~mg-plugin.3cc39455.js:1
A.executePendingJobs @ vendors~mg-plugin.3cc39455.js:1
(anonymous) @ app.cbca4f39.js:1
Promise.then (async)
executePendingJobs @ app.cbca4f39.js:1
i @ app.cbca4f39.js:1
c @ app.cbca4f39.js:1
Ns.handlePluginMessage @ app.cbca4f39.js:1
i @ chunk-libs.ca58d924.js:5
postMessage (async)
(anonymous) @ plugin-sandbox.html:26
postMessage (async)
send @ VM293:31
acknowledgeLocalRelayFile @ VM293:536
await in acknowledgeLocalRelayFile (async)
window.onmessage @ VM293:891
postMessage (async)
postMessage @ app.cbca4f39.js:1
(anonymous) @ app.cbca4f39.js:1
(anonymous) @ app.cbca4f39.js:14
(anonymous) @ vendors~mg-plugin.3cc39455.js:1
A.withScope @ vendors~mg-plugin.3cc39455.js:1
A.cToHostCallbackFunction @ vendors~mg-plugin.3cc39455.js:1
A.cToHostCallbackFunction @ vendors~mg-plugin.3cc39455.js:1
$func806 @ 00284a2a:0x856b8
$func573 @ 00284a2a:0x6b75e
$func24 @ 00284a2a:0x3404
$func24 @ 00284a2a:0x5327
$func24 @ 00284a2a:0x51b1
$func556 @ 00284a2a:0x6a4c2
$func562 @ 00284a2a:0x6ac14
$func24 @ 00284a2a:0x3404
$func24 @ 00284a2a:0x5327
$func712 @ 00284a2a:0x7c38d
$X @ 00284a2a:0x7def0
E._QTS_ExecutePendingJob @ vendors~mg-plugin.3cc39455.js:1
A.executePendingJobs @ vendors~mg-plugin.3cc39455.js:1
(anonymous) @ app.cbca4f39.js:1
Promise.then (async)
executePendingJobs @ app.cbca4f39.js:1
(anonymous) @ app.cbca4f39.js:1
i @ chunk-libs.ca58d924.js:5
setTimeout (async)
(anonymous) @ chunk-libs.ca58d924.js:5
(anonymous) @ app.cbca4f39.js:1
(anonymous) @ vendors~mg-plugin.3cc39455.js:1
A.withScope @ vendors~mg-plugin.3cc39455.js:1
A.cToHostCallbackFunction @ vendors~mg-plugin.3cc39455.js:1
A.cToHostCallbackFunction @ vendors~mg-plugin.3cc39455.js:1
$func806 @ 00284a2a:0x856b8
$func573 @ 00284a2a:0x6b75e
$func24 @ 00284a2a:0x3404
$func24 @ 00284a2a:0x51b1
$func457 @ 00284a2a:0x609f5
$func562 @ 00284a2a:0x6ac4e
$func83 @ 00284a2a:0x16013
$func24 @ 00284a2a:0x5271
$func24 @ 00284a2a:0x51b1
$func556 @ 00284a2a:0x6a4c2
$func562 @ 00284a2a:0x6ac14
$func24 @ 00284a2a:0x3404
$func24 @ 00284a2a:0x5327
$func457 @ 00284a2a:0x609f5
$func562 @ 00284a2a:0x6ac4e
$func83 @ 00284a2a:0x16013
$func24 @ 00284a2a:0x5271
$func24 @ 00284a2a:0x51b1
$func24 @ 00284a2a:0x51b1
$func556 @ 00284a2a:0x6a4c2
$func562 @ 00284a2a:0x6ac14
$func24 @ 00284a2a:0x3404
$func24 @ 00284a2a:0x5327
$func712 @ 00284a2a:0x7c38d
$X @ 00284a2a:0x7def0
E._QTS_ExecutePendingJob @ vendors~mg-plugin.3cc39455.js:1
A.executePendingJobs @ vendors~mg-plugin.3cc39455.js:1
(anonymous) @ app.cbca4f39.js:1
chunk-libs.ca58d924.js:127 [MasterGo2Figma] Single layer record exceeds chunk byte target {"recordBytes":73008,"chunkMaxBytes":65536,"page":"企业大脑 1","transfer":{"transferId":"export-1779262655069-5978083650736299","filename":"mastergo2figma-partial-pages-part-001-of-001-segment-001-企业大脑-2026-05-20T07-37-35-060Z.zip","fileIndex":334,"postedChunks":6539,"streamedBytes":10692547}}
(anonymous) @ chunk-libs.ca58d924.js:127
(anonymous) @ app.cbca4f39.js:1
(anonymous) @ vendors~mg-plugin.3cc39455.js:1
A.withScope @ vendors~mg-plugin.3cc39455.js:1
A.cToHostCallbackFunction @ vendors~mg-plugin.3cc39455.js:1
A.cToHostCallbackFunction @ vendors~mg-plugin.3cc39455.js:1
$func806 @ 00284a2a:0x856b8
$func573 @ 00284a2a:0x6b75e
$func24 @ 00284a2a:0x3404
$func24 @ 00284a2a:0x5327
$func24 @ 00284a2a:0x51b1
$func556 @ 00284a2a:0x6a4c2
$func562 @ 00284a2a:0x6ac14
$func24 @ 00284a2a:0x3404
$func24 @ 00284a2a:0x5327
$func457 @ 00284a2a:0x609f5
$func562 @ 00284a2a:0x6ac4e
$func83 @ 00284a2a:0x16013
$func24 @ 00284a2a:0x5271
$func24 @ 00284a2a:0x51b1
$func24 @ 00284a2a:0x51b1
$func556 @ 00284a2a:0x6a4c2
$func562 @ 00284a2a:0x6ac14
$func24 @ 00284a2a:0x3404
$func24 @ 00284a2a:0x5327
$func712 @ 00284a2a:0x7c38d
$X @ 00284a2a:0x7def0
E._QTS_ExecutePendingJob @ vendors~mg-plugin.3cc39455.js:1
A.executePendingJobs @ vendors~mg-plugin.3cc39455.js:1
(anonymous) @ app.cbca4f39.js:1
Promise.then (async)
executePendingJobs @ app.cbca4f39.js:1
(anonymous) @ app.cbca4f39.js:1
i @ chunk-libs.ca58d924.js:5
setTimeout (async)
(anonymous) @ chunk-libs.ca58d924.js:5
(anonymous) @ app.cbca4f39.js:1
(anonymous) @ vendors~mg-plugin.3cc39455.js:1
A.withScope @ vendors~mg-plugin.3cc39455.js:1
A.cToHostCallbackFunction @ vendors~mg-plugin.3cc39455.js:1
A.cToHostCallbackFunction @ vendors~mg-plugin.3cc39455.js:1
$func806 @ 00284a2a:0x856b8
$func573 @ 00284a2a:0x6b75e
$func24 @ 00284a2a:0x3404
$func24 @ 00284a2a:0x51b1
$func457 @ 00284a2a:0x609f5
$func562 @ 00284a2a:0x6ac4e
$func83 @ 00284a2a:0x16013
$func24 @ 00284a2a:0x5271
$func24 @ 00284a2a:0x51b1
$func556 @ 00284a2a:0x6a4c2
$func562 @ 00284a2a:0x6ac14
$func24 @ 00284a2a:0x3404
$func24 @ 00284a2a:0x5327
$func457 @ 00284a2a:0x609f5
$func562 @ 00284a2a:0x6ac4e
$func83 @ 00284a2a:0x16013
$func24 @ 00284a2a:0x5271
$func24 @ 00284a2a:0x51b1
$func24 @ 00284a2a:0x51b1
$func556 @ 00284a2a:0x6a4c2
$func562 @ 00284a2a:0x6ac14
$func24 @ 00284a2a:0x3404
$func24 @ 00284a2a:0x5327
$func712 @ 00284a2a:0x7c38d
$X @ 00284a2a:0x7def0
E._QTS_ExecutePendingJob @ vendors~mg-plugin.3cc39455.js:1
A.executePendingJobs @ vendors~mg-plugin.3cc39455.js:1
(anonymous) @ app.cbca4f39.js:1
Promise.then (async)
executePendingJobs @ app.cbca4f39.js:1
i @ app.cbca4f39.js:1
c @ app.cbca4f39.js:1
Ns.handlePluginMessage @ app.cbca4f39.js:1
i @ chunk-libs.ca58d924.js:5
postMessage (async)
(anonymous) @ plugin-sandbox.html:26
postMessage (async)
send @ VM293:31
acknowledgeLocalRelayFile @ VM293:536
await in acknowledgeLocalRelayFile (async)
window.onmessage @ VM293:891
postMessage (async)
postMessage @ app.cbca4f39.js:1
(anonymous) @ app.cbca4f39.js:1
(anonymous) @ app.cbca4f39.js:14
(anonymous) @ vendors~mg-plugin.3cc39455.js:1
A.withScope @ vendors~mg-plugin.3cc39455.js:1
A.cToHostCallbackFunction @ vendors~mg-plugin.3cc39455.js:1
A.cToHostCallbackFunction @ vendors~mg-plugin.3cc39455.js:1
$func806 @ 00284a2a:0x856b8
$func573 @ 00284a2a:0x6b75e
$func24 @ 00284a2a:0x3404
$func24 @ 00284a2a:0x5327
$func24 @ 00284a2a:0x51b1
$func556 @ 00284a2a:0x6a4c2
$func562 @ 00284a2a:0x6ac14
$func24 @ 00284a2a:0x3404
$func24 @ 00284a2a:0x5327
$func712 @ 00284a2a:0x7c38d
$X @ 00284a2a:0x7def0
E._QTS_ExecutePendingJob @ vendors~mg-plugin.3cc39455.js:1
A.executePendingJobs @ vendors~mg-plugin.3cc39455.js:1
(anonymous) @ app.cbca4f39.js:1
Promise.then (async)
executePendingJobs @ app.cbca4f39.js:1
(anonymous) @ app.cbca4f39.js:1
i @ chunk-libs.ca58d924.js:5
setTimeout (async)
(anonymous) @ chunk-libs.ca58d924.js:5
(anonymous) @ app.cbca4f39.js:1
(anonymous) @ vendors~mg-plugin.3cc39455.js:1
A.withScope @ vendors~mg-plugin.3cc39455.js:1
A.cToHostCallbackFunction @ vendors~mg-plugin.3cc39455.js:1
A.cToHostCallbackFunction @ vendors~mg-plugin.3cc39455.js:1
$func806 @ 00284a2a:0x856b8
$func573 @ 00284a2a:0x6b75e
$func24 @ 00284a2a:0x3404
$func24 @ 00284a2a:0x51b1
$func457 @ 00284a2a:0x609f5
$func562 @ 00284a2a:0x6ac4e
$func83 @ 00284a2a:0x16013
$func24 @ 00284a2a:0x5271
$func24 @ 00284a2a:0x51b1
$func556 @ 00284a2a:0x6a4c2
$func562 @ 00284a2a:0x6ac14
$func24 @ 00284a2a:0x3404
$func24 @ 00284a2a:0x5327
$func457 @ 00284a2a:0x609f5
$func562 @ 00284a2a:0x6ac4e
$func83 @ 00284a2a:0x16013
$func24 @ 00284a2a:0x5271
$func24 @ 00284a2a:0x51b1
$func24 @ 00284a2a:0x51b1
$func556 @ 00284a2a:0x6a4c2
$func562 @ 00284a2a:0x6ac14
$func24 @ 00284a2a:0x3404
$func24 @ 00284a2a:0x5327
$func712 @ 00284a2a:0x7c38d
$X @ 00284a2a:0x7def0
E._QTS_ExecutePendingJob @ vendors~mg-plugin.3cc39455.js:1
A.executePendingJobs @ vendors~mg-plugin.3cc39455.js:1
(anonymous) @ app.cbca4f39.js:1
Promise.then (async)
executePendingJobs @ app.cbca4f39.js:1
(anonymous) @ app.cbca4f39.js:1
i @ chunk-libs.ca58d924.js:5
setTimeout (async)
(anonymous) @ chunk-libs.ca58d924.js:5
(anonymous) @ app.cbca4f39.js:1
(anonymous) @ vendors~mg-plugin.3cc39455.js:1
A.withScope @ vendors~mg-plugin.3cc39455.js:1
A.cToHostCallbackFunction @ vendors~mg-plugin.3cc39455.js:1
A.cToHostCallbackFunction @ vendors~mg-plugin.3cc39455.js:1
$func806 @ 00284a2a:0x856b8
$func573 @ 00284a2a:0x6b75e
$func24 @ 00284a2a:0x3404
$func24 @ 00284a2a:0x51b1
$func457 @ 00284a2a:0x609f5
$func562 @ 00284a2a:0x6ac4e
$func83 @ 00284a2a:0x16013
$func24 @ 00284a2a:0x5271
$func24 @ 00284a2a:0x51b1
$func556 @ 00284a2a:0x6a4c2
$func562 @ 00284a2a:0x6ac14
$func24 @ 00284a2a:0x3404
$func24 @ 00284a2a:0x5327
$func457 @ 00284a2a:0x609f5
$func562 @ 00284a2a:0x6ac4e
$func83 @ 00284a2a:0x16013
$func24 @ 00284a2a:0x5271
$func24 @ 00284a2a:0x51b1
$func24 @ 00284a2a:0x51b1
$func556 @ 00284a2a:0x6a4c2
$func562 @ 00284a2a:0x6ac14
$func24 @ 00284a2a:0x3404
$func24 @ 00284a2a:0x5327
$func712 @ 00284a2a:0x7c38d
$X @ 00284a2a:0x7def0
E._QTS_ExecutePendingJob @ vendors~mg-plugin.3cc39455.js:1
A.executePendingJobs @ vendors~mg-plugin.3cc39455.js:1
(anonymous) @ app.cbca4f39.js:1
Promise.then (async)
executePendingJobs @ app.cbca4f39.js:1
i @ app.cbca4f39.js:1
c @ app.cbca4f39.js:1
Ns.handlePluginMessage @ app.cbca4f39.js:1
i @ chunk-libs.ca58d924.js:5
postMessage (async)
(anonymous) @ plugin-sandbox.html:26
postMessage (async)
send @ VM293:31
acknowledgeLocalRelayFile @ VM293:536
await in acknowledgeLocalRelayFile (async)
window.onmessage @ VM293:891
postMessage (async)
postMessage @ app.cbca4f39.js:1
(anonymous) @ app.cbca4f39.js:1
(anonymous) @ app.cbca4f39.js:14
(anonymous) @ vendors~mg-plugin.3cc39455.js:1
A.withScope @ vendors~mg-plugin.3cc39455.js:1
A.cToHostCallbackFunction @ vendors~mg-plugin.3cc39455.js:1
A.cToHostCallbackFunction @ vendors~mg-plugin.3cc39455.js:1
$func806 @ 00284a2a:0x856b8
$func573 @ 00284a2a:0x6b75e
$func24 @ 00284a2a:0x3404
$func24 @ 00284a2a:0x5327
$func24 @ 00284a2a:0x51b1
$func556 @ 00284a2a:0x6a4c2
$func562 @ 00284a2a:0x6ac14
$func24 @ 00284a2a:0x3404
$func24 @ 00284a2a:0x5327
$func712 @ 00284a2a:0x7c38d
$X @ 00284a2a:0x7def0
E._QTS_ExecutePendingJob @ vendors~mg-plugin.3cc39455.js:1
A.executePendingJobs @ vendors~mg-plugin.3cc39455.js:1
(anonymous) @ app.cbca4f39.js:1
Promise.then (async)
executePendingJobs @ app.cbca4f39.js:1
i @ app.cbca4f39.js:1
c @ app.cbca4f39.js:1
Ns.handlePluginMessage @ app.cbca4f39.js:1
i @ chunk-libs.ca58d924.js:5
postMessage (async)
(anonymous) @ plugin-sandbox.html:26
postMessage (async)
send @ VM293:31
acknowledgeLocalRelayFile @ VM293:536
await in acknowledgeLocalRelayFile (async)
window.onmessage @ VM293:891
postMessage (async)
postMessage @ app.cbca4f39.js:1
(anonymous) @ app.cbca4f39.js:1
(anonymous) @ app.cbca4f39.js:14
(anonymous) @ vendors~mg-plugin.3cc39455.js:1
A.withScope @ vendors~mg-plugin.3cc39455.js:1
A.cToHostCallbackFunction @ vendors~mg-plugin.3cc39455.js:1
A.cToHostCallbackFunction @ vendors~mg-plugin.3cc39455.js:1
$func806 @ 00284a2a:0x856b8
$func573 @ 00284a2a:0x6b75e
$func24 @ 00284a2a:0x3404
$func24 @ 00284a2a:0x5327
$func24 @ 00284a2a:0x51b1
$func556 @ 00284a2a:0x6a4c2
$func562 @ 00284a2a:0x6ac14
$func24 @ 00284a2a:0x3404
$func24 @ 00284a2a:0x5327
$func712 @ 00284a2a:0x7c38d
$X @ 00284a2a:0x7def0
E._QTS_ExecutePendingJob @ vendors~mg-plugin.3cc39455.js:1
A.executePendingJobs @ vendors~mg-plugin.3cc39455.js:1
(anonymous) @ app.cbca4f39.js:1
Promise.then (async)
executePendingJobs @ app.cbca4f39.js:1
(anonymous) @ app.cbca4f39.js:1
i @ chunk-libs.ca58d924.js:5
setTimeout (async)
(anonymous) @ chunk-libs.ca58d924.js:5
(anonymous) @ app.cbca4f39.js:1
(anonymous) @ vendors~mg-plugin.3cc39455.js:1
A.withScope @ vendors~mg-plugin.3cc39455.js:1
A.cToHostCallbackFunction @ vendors~mg-plugin.3cc39455.js:1
A.cToHostCallbackFunction @ vendors~mg-plugin.3cc39455.js:1
$func806 @ 00284a2a:0x856b8
$func573 @ 00284a2a:0x6b75e
$func24 @ 00284a2a:0x3404
$func24 @ 00284a2a:0x51b1
$func457 @ 00284a2a:0x609f5
$func562 @ 00284a2a:0x6ac4e
$func83 @ 00284a2a:0x16013
$func24 @ 00284a2a:0x5271
$func24 @ 00284a2a:0x51b1
$func556 @ 00284a2a:0x6a4c2
$func562 @ 00284a2a:0x6ac14
$func24 @ 00284a2a:0x3404
$func24 @ 00284a2a:0x5327
$func457 @ 00284a2a:0x609f5
$func562 @ 00284a2a:0x6ac4e
$func83 @ 00284a2a:0x16013
$func24 @ 00284a2a:0x5271
$func24 @ 00284a2a:0x51b1
$func24 @ 00284a2a:0x51b1
$func556 @ 00284a2a:0x6a4c2
$func562 @ 00284a2a:0x6ac14
$func24 @ 00284a2a:0x3404
$func24 @ 00284a2a:0x5327
$func712 @ 00284a2a:0x7c38d
$X @ 00284a2a:0x7def0
E._QTS_ExecutePendingJob @ vendors~mg-plugin.3cc39455.js:1
A.executePendingJobs @ vendors~mg-plugin.3cc39455.js:1
(anonymous) @ app.cbca4f39.js:1
Promise.then (async)
executePendingJobs @ app.cbca4f39.js:1
(anonymous) @ app.cbca4f39.js:1
i @ chunk-libs.ca58d924.js:5
setTimeout (async)
(anonymous) @ chunk-libs.ca58d924.js:5
(anonymous) @ app.cbca4f39.js:1
(anonymous) @ vendors~mg-plugin.3cc39455.js:1
A.withScope @ vendors~mg-plugin.3cc39455.js:1
A.cToHostCallbackFunction @ vendors~mg-plugin.3cc39455.js:1
A.cToHostCallbackFunction @ vendors~mg-plugin.3cc39455.js:1
$func806 @ 00284a2a:0x856b8
$func573 @ 00284a2a:0x6b75e
$func24 @ 00284a2a:0x3404
$func24 @ 00284a2a:0x51b1
$func457 @ 00284a2a:0x609f5
$func562 @ 00284a2a:0x6ac4e
$func83 @ 00284a2a:0x16013
$func24 @ 00284a2a:0x5271
$func24 @ 00284a2a:0x51b1
$func556 @ 00284a2a:0x6a4c2
$func562 @ 00284a2a:0x6ac14
$func24 @ 00284a2a:0x3404
$func24 @ 00284a2a:0x5327
$func457 @ 00284a2a:0x609f5
$func562 @ 00284a2a:0x6ac4e
$func83 @ 00284a2a:0x16013
$func24 @ 00284a2a:0x5271
$func24 @ 00284a2a:0x51b1
$func24 @ 00284a2a:0x51b1
$func556 @ 00284a2a:0x6a4c2
$func562 @ 00284a2a:0x6ac14
$func24 @ 00284a2a:0x3404
$func24 @ 00284a2a:0x5327
$func712 @ 00284a2a:0x7c38d
$X @ 00284a2a:0x7def0
E._QTS_ExecutePendingJob @ vendors~mg-plugin.3cc39455.js:1
A.executePendingJobs @ vendors~mg-plugin.3cc39455.js:1
(anonymous) @ app.cbca4f39.js:1
Promise.then (async)
executePendingJobs @ app.cbca4f39.js:1
i @ app.cbca4f39.js:1
c @ app.cbca4f39.js:1
Ns.handlePluginMessage @ app.cbca4f39.js:1
i @ chunk-libs.ca58d924.js:5
postMessage (async)
(anonymous) @ plugin-sandbox.html:26
postMessage (async)
send @ VM293:31
acknowledgeLocalRelayFile @ VM293:536
await in acknowledgeLocalRelayFile (async)
window.onmessage @ VM293:891
postMessage (async)
postMessage @ app.cbca4f39.js:1
(anonymous) @ app.cbca4f39.js:1
(anonymous) @ app.cbca4f39.js:14
(anonymous) @ vendors~mg-plugin.3cc39455.js:1
A.withScope @ vendors~mg-plugin.3cc39455.js:1
A.cToHostCallbackFunction @ vendors~mg-plugin.3cc39455.js:1
A.cToHostCallbackFunction @ vendors~mg-plugin.3cc39455.js:1
$func806 @ 00284a2a:0x856b8
$func573 @ 00284a2a:0x6b75e
$func24 @ 00284a2a:0x3404
$func24 @ 00284a2a:0x5327
$func24 @ 00284a2a:0x51b1
$func556 @ 00284a2a:0x6a4c2
$func562 @ 00284a2a:0x6ac14
$func24 @ 00284a2a:0x3404
$func24 @ 00284a2a:0x5327
$func712 @ 00284a2a:0x7c38d
$X @ 00284a2a:0x7def0
E._QTS_ExecutePendingJob @ vendors~mg-plugin.3cc39455.js:1
A.executePendingJobs @ vendors~mg-plugin.3cc39455.js:1
(anonymous) @ app.cbca4f39.js:1
Promise.then (async)
executePendingJobs @ app.cbca4f39.js:1
(anonymous) @ app.cbca4f39.js:1
i @ chunk-libs.ca58d924.js:5
setTimeout (async)
(anonymous) @ chunk-libs.ca58d924.js:5
(anonymous) @ app.cbca4f39.js:1
(anonymous) @ vendors~mg-plugin.3cc39455.js:1
A.withScope @ vendors~mg-plugin.3cc39455.js:1
A.cToHostCallbackFunction @ vendors~mg-plugin.3cc39455.js:1
A.cToHostCallbackFunction @ vendors~mg-plugin.3cc39455.js:1
$func806 @ 00284a2a:0x856b8
$func573 @ 00284a2a:0x6b75e
$func24 @ 00284a2a:0x3404
$func24 @ 00284a2a:0x51b1
$func457 @ 00284a2a:0x609f5
$func562 @ 00284a2a:0x6ac4e
$func83 @ 00284a2a:0x16013
$func24 @ 00284a2a:0x5271
$func24 @ 00284a2a:0x51b1
$func556 @ 00284a2a:0x6a4c2
$func562 @ 00284a2a:0x6ac14
$func24 @ 00284a2a:0x3404
$func24 @ 00284a2a:0x5327
$func457 @ 00284a2a:0x609f5
$func562 @ 00284a2a:0x6ac4e
$func83 @ 00284a2a:0x16013
$func24 @ 00284a2a:0x5271
$func24 @ 00284a2a:0x51b1
$func24 @ 00284a2a:0x51b1
$func556 @ 00284a2a:0x6a4c2
$func562 @ 00284a2a:0x6ac14
$func24 @ 00284a2a:0x3404
$func24 @ 00284a2a:0x5327
$func712 @ 00284a2a:0x7c38d
$X @ 00284a2a:0x7def0
E._QTS_ExecutePendingJob @ vendors~mg-plugin.3cc39455.js:1
A.executePendingJobs @ vendors~mg-plugin.3cc39455.js:1
(anonymous) @ app.cbca4f39.js:1
chunk-libs.ca58d924.js:127 [MasterGo2Figma] Layer chunk flush {"page":"企业大脑 1","path":"pages/page-001-企业大脑/layers/layers-336.json","chunkIndex":336,"records":1,"bytes":73009,"processedNodes":6549,"transfer":{"transferId":"export-1779262655069-5978083650736299","filename":"mastergo2figma-partial-pages-part-001-of-001-segment-001-企业大脑-2026-05-20T07-37-35-060Z.zip","fileIndex":335,"postedChunks":6549,"streamedBytes":10706984}}
chunk-libs.ca58d924.js:127 [MasterGo2Figma] Layer chunk flush {"page":"企业大脑 1","path":"pages/page-001-企业大脑/layers/layers-350.json","chunkIndex":350,"records":16,"bytes":25012,"processedNodes":6773,"transfer":{"transferId":"export-1779262655069-5978083650736299","filename":"mastergo2figma-partial-pages-part-001-of-001-segment-001-企业大脑-2026-05-20T07-37-35-060Z.zip","fileIndex":349,"postedChunks":6812,"streamedBytes":11155632}}
chunk-libs.ca58d924.js:127 [MasterGo2Figma] Layer chunk flush {"page":"企业大脑 1","path":"pages/page-001-企业大脑/layers/layers-380.json","chunkIndex":380,"records":16,"bytes":54679,"processedNodes":7447,"transfer":{"transferId":"export-1779262655069-5978083650736299","filename":"mastergo2figma-partial-pages-part-001-of-001-segment-001-企业大脑-2026-05-20T07-37-35-060Z.zip","fileIndex":379,"postedChunks":7376,"streamedBytes":11981938}}
chunk-libs.ca58d924.js:127 [MasterGo2Figma] Layer chunk flush {"page":"企业大脑 1","path":"pages/page-001-企业大脑/layers/layers-383.json","chunkIndex":383,"records":16,"bytes":55651,"processedNodes":7534,"transfer":{"transferId":"export-1779262655069-5978083650736299","filename":"mastergo2figma-partial-pages-part-001-of-001-segment-001-企业大脑-2026-05-20T07-37-35-060Z.zip","fileIndex":382,"postedChunks":7441,"streamedBytes":12096897}}
chunk-libs.ca58d924.js:127 [MasterGo2Figma] Layer chunk flush {"page":"企业大脑 1","path":"pages/page-001-企业大脑/layers/layers-384.json","chunkIndex":384,"records":16,"bytes":52971,"processedNodes":7594,"transfer":{"transferId":"export-1779262655069-5978083650736299","filename":"mastergo2figma-partial-pages-part-001-of-001-segment-001-企业大脑-2026-05-20T07-37-35-060Z.zip","fileIndex":383,"postedChunks":7468,"streamedBytes":12152623}}
chunk-libs.ca58d924.js:127 [MasterGo2Figma] Layer chunk flush {"page":"企业大脑 1","path":"pages/page-001-企业大脑/layers/layers-387.json","chunkIndex":387,"records":13,"bytes":60905,"processedNodes":7662,"transfer":{"transferId":"export-1779262655069-5978083650736299","filename":"mastergo2figma-partial-pages-part-001-of-001-segment-001-企业大脑-2026-05-20T07-37-35-060Z.zip","fileIndex":386,"postedChunks":7534,"streamedBytes":12275405}}
chunk-libs.ca58d924.js:127 [MasterGo2Figma] Layer chunk flush {"page":"企业大脑 1","path":"pages/page-001-企业大脑/layers/layers-400.json","chunkIndex":400,"records":16,"bytes":28630,"processedNodes":7920,"transfer":{"transferId":"export-1779262655069-5978083650736299","filename":"mastergo2figma-partial-pages-part-001-of-001-segment-001-企业大脑-2026-05-20T07-37-35-060Z.zip","fileIndex":399,"postedChunks":7780,"streamedBytes":12673696}}
chunk-libs.ca58d924.js:127 strict mode: "items" is 1-tuple, but minItems or maxItems/additionalItems are not specified or different at path "#"
(anonymous) @ chunk-libs.ca58d924.js:127
S @ chunk-libs.ca58d924.js:160
p @ chunk-libs.ca58d924.js:9
s @ chunk-libs.ca58d924.js:9
code @ chunk-libs.ca58d924.js:9
G @ chunk-libs.ca58d924.js:185
(anonymous) @ chunk-libs.ca58d924.js:185
code @ chunk-libs.ca58d924.js:71
block @ chunk-libs.ca58d924.js:71
M @ chunk-libs.ca58d924.js:185
g @ chunk-libs.ca58d924.js:185
(anonymous) @ chunk-libs.ca58d924.js:185
code @ chunk-libs.ca58d924.js:71
block @ chunk-libs.ca58d924.js:71
D @ chunk-libs.ca58d924.js:185
T @ chunk-libs.ca58d924.js:185
(anonymous) @ chunk-libs.ca58d924.js:185
code @ chunk-libs.ca58d924.js:71
(anonymous) @ chunk-libs.ca58d924.js:185
code @ chunk-libs.ca58d924.js:71
func @ chunk-libs.ca58d924.js:71
g @ chunk-libs.ca58d924.js:185
b @ chunk-libs.ca58d924.js:185
m @ chunk-libs.ca58d924.js:185
l @ chunk-libs.ca58d924.js:109
_compileSchemaEnv @ chunk-libs.ca58d924.js:210
getSchema @ chunk-libs.ca58d924.js:210
M @ app.cbca4f39.js:14
(anonymous) @ app.cbca4f39.js:14
(anonymous) @ vendors~mg-plugin.3cc39455.js:1
A.withScope @ vendors~mg-plugin.3cc39455.js:1
A.cToHostCallbackFunction @ vendors~mg-plugin.3cc39455.js:1
A.cToHostCallbackFunction @ vendors~mg-plugin.3cc39455.js:1
$func806 @ 00284a2a:0x856b8
$func573 @ 00284a2a:0x6b75e
$func24 @ 00284a2a:0x3404
$func24 @ 00284a2a:0x5327
$func556 @ 00284a2a:0x6a4c2
$func562 @ 00284a2a:0x6ac14
$func24 @ 00284a2a:0x3404
$func24 @ 00284a2a:0x5327
$func457 @ 00284a2a:0x609f5
$func562 @ 00284a2a:0x6ac4e
$func83 @ 00284a2a:0x16013
$func24 @ 00284a2a:0x5271
$func24 @ 00284a2a:0x51b1
$func24 @ 00284a2a:0x51b1
$func556 @ 00284a2a:0x6a4c2
$func562 @ 00284a2a:0x6ac14
$func24 @ 00284a2a:0x3404
$func24 @ 00284a2a:0x5327
$func457 @ 00284a2a:0x609f5
$func562 @ 00284a2a:0x6ac4e
$func83 @ 00284a2a:0x16013
$func24 @ 00284a2a:0x5271
$func24 @ 00284a2a:0x51b1
$func24 @ 00284a2a:0x51b1
$func556 @ 00284a2a:0x6a4c2
$func562 @ 00284a2a:0x6ac14
$func24 @ 00284a2a:0x3404
$func24 @ 00284a2a:0x5327
$func457 @ 00284a2a:0x609f5
$func562 @ 00284a2a:0x6ac4e
$func83 @ 00284a2a:0x16013
$func24 @ 00284a2a:0x5271
$func24 @ 00284a2a:0x51b1
$func24 @ 00284a2a:0x51b1
$func556 @ 00284a2a:0x6a4c2
$func562 @ 00284a2a:0x6ac14
$func24 @ 00284a2a:0x3404
$func24 @ 00284a2a:0x5327
$func457 @ 00284a2a:0x609f5
$func562 @ 00284a2a:0x6ac4e
$func83 @ 00284a2a:0x16013
$func24 @ 00284a2a:0x5271
$func24 @ 00284a2a:0x51b1
$func24 @ 00284a2a:0x51b1
$func556 @ 00284a2a:0x6a4c2
$func562 @ 00284a2a:0x6ac14
$func24 @ 00284a2a:0x3404
$func24 @ 00284a2a:0x5327
$func712 @ 00284a2a:0x7c38d
$X @ 00284a2a:0x7def0
E._QTS_ExecutePendingJob @ vendors~mg-plugin.3cc39455.js:1
A.executePendingJobs @ vendors~mg-plugin.3cc39455.js:1
(anonymous) @ app.cbca4f39.js:1
Promise.then (async)
executePendingJobs @ app.cbca4f39.js:1
i @ app.cbca4f39.js:1
c @ app.cbca4f39.js:1
Ns.handlePluginMessage @ app.cbca4f39.js:1
i @ chunk-libs.ca58d924.js:5
postMessage (async)
(anonymous) @ plugin-sandbox.html:26
postMessage (async)
send @ VM293:31
acknowledgeLocalRelayFile @ VM293:536
await in acknowledgeLocalRelayFile (async)
window.onmessage @ VM293:891
postMessage (async)
postMessage @ app.cbca4f39.js:1
(anonymous) @ app.cbca4f39.js:1
(anonymous) @ app.cbca4f39.js:14
(anonymous) @ vendors~mg-plugin.3cc39455.js:1
A.withScope @ vendors~mg-plugin.3cc39455.js:1
A.cToHostCallbackFunction @ vendors~mg-plugin.3cc39455.js:1
A.cToHostCallbackFunction @ vendors~mg-plugin.3cc39455.js:1
$func806 @ 00284a2a:0x856b8
$func573 @ 00284a2a:0x6b75e
$func24 @ 00284a2a:0x3404
$func24 @ 00284a2a:0x5327
$func24 @ 00284a2a:0x51b1
$func556 @ 00284a2a:0x6a4c2
$func562 @ 00284a2a:0x6ac14
$func24 @ 00284a2a:0x3404
$func24 @ 00284a2a:0x5327
$func712 @ 00284a2a:0x7c38d
$X @ 00284a2a:0x7def0
E._QTS_ExecutePendingJob @ vendors~mg-plugin.3cc39455.js:1
A.executePendingJobs @ vendors~mg-plugin.3cc39455.js:1
(anonymous) @ app.cbca4f39.js:1
Promise.then (async)
executePendingJobs @ app.cbca4f39.js:1
(anonymous) @ app.cbca4f39.js:1
i @ chunk-libs.ca58d924.js:5
setTimeout (async)
(anonymous) @ chunk-libs.ca58d924.js:5
(anonymous) @ app.cbca4f39.js:1
(anonymous) @ vendors~mg-plugin.3cc39455.js:1
A.withScope @ vendors~mg-plugin.3cc39455.js:1
A.cToHostCallbackFunction @ vendors~mg-plugin.3cc39455.js:1
A.cToHostCallbackFunction @ vendors~mg-plugin.3cc39455.js:1
$func806 @ 00284a2a:0x856b8
$func573 @ 00284a2a:0x6b75e
$func24 @ 00284a2a:0x3404
$func24 @ 00284a2a:0x51b1
$func457 @ 00284a2a:0x609f5
$func562 @ 00284a2a:0x6ac4e
$func83 @ 00284a2a:0x16013
$func24 @ 00284a2a:0x5271
$func24 @ 00284a2a:0x51b1
$func556 @ 00284a2a:0x6a4c2
$func562 @ 00284a2a:0x6ac14
$func24 @ 00284a2a:0x3404
$func24 @ 00284a2a:0x5327
$func457 @ 00284a2a:0x609f5
$func562 @ 00284a2a:0x6ac4e
$func83 @ 00284a2a:0x16013
$func24 @ 00284a2a:0x5271
$func24 @ 00284a2a:0x51b1
$func24 @ 00284a2a:0x51b1
$func556 @ 00284a2a:0x6a4c2
$func562 @ 00284a2a:0x6ac14
$func24 @ 00284a2a:0x3404
$func24 @ 00284a2a:0x5327
$func712 @ 00284a2a:0x7c38d
$X @ 00284a2a:0x7def0
E._QTS_ExecutePendingJob @ vendors~mg-plugin.3cc39455.js:1
A.executePendingJobs @ vendors~mg-plugin.3cc39455.js:1
(anonymous) @ app.cbca4f39.js:1
Promise.then (async)
executePendingJobs @ app.cbca4f39.js:1
i @ app.cbca4f39.js:1
c @ app.cbca4f39.js:1
Ns.handlePluginMessage @ app.cbca4f39.js:1
i @ chunk-libs.ca58d924.js:5
postMessage (async)
(anonymous) @ plugin-sandbox.html:26
postMessage (async)
send @ VM293:31
acknowledgeLocalRelayFile @ VM293:536
await in acknowledgeLocalRelayFile (async)
window.onmessage @ VM293:891
postMessage (async)
postMessage @ app.cbca4f39.js:1
(anonymous) @ app.cbca4f39.js:1
(anonymous) @ app.cbca4f39.js:14
(anonymous) @ vendors~mg-plugin.3cc39455.js:1
A.withScope @ vendors~mg-plugin.3cc39455.js:1
A.cToHostCallbackFunction @ vendors~mg-plugin.3cc39455.js:1
A.cToHostCallbackFunction @ vendors~mg-plugin.3cc39455.js:1
$func806 @ 00284a2a:0x856b8
$func573 @ 00284a2a:0x6b75e
$func24 @ 00284a2a:0x3404
$func24 @ 00284a2a:0x5327
$func24 @ 00284a2a:0x51b1
$func556 @ 00284a2a:0x6a4c2
$func562 @ 00284a2a:0x6ac14
$func24 @ 00284a2a:0x3404
$func24 @ 00284a2a:0x5327
$func712 @ 00284a2a:0x7c38d
$X @ 00284a2a:0x7def0
E._QTS_ExecutePendingJob @ vendors~mg-plugin.3cc39455.js:1
A.executePendingJobs @ vendors~mg-plugin.3cc39455.js:1
(anonymous) @ app.cbca4f39.js:1
Promise.then (async)
executePendingJobs @ app.cbca4f39.js:1
(anonymous) @ app.cbca4f39.js:1
Promise.finally (async)
(anonymous) @ app.cbca4f39.js:1
(anonymous) @ app.cbca4f39.js:14
(anonymous) @ vendors~mg-plugin.3cc39455.js:1
A.withScope @ vendors~mg-plugin.3cc39455.js:1
A.cToHostCallbackFunction @ vendors~mg-plugin.3cc39455.js:1
A.cToHostCallbackFunction @ vendors~mg-plugin.3cc39455.js:1
$func806 @ 00284a2a:0x856b8
$func573 @ 00284a2a:0x6b75e
$func24 @ 00284a2a:0x3404
$func24 @ 00284a2a:0x5327
$func556 @ 00284a2a:0x6a4c2
$func562 @ 00284a2a:0x6ac14
$func24 @ 00284a2a:0x3404
$func24 @ 00284a2a:0x5327
$func457 @ 00284a2a:0x609f5
$func562 @ 00284a2a:0x6ac4e
$func83 @ 00284a2a:0x16013
$func24 @ 00284a2a:0x5271
$func24 @ 00284a2a:0x51b1
$func24 @ 00284a2a:0x51b1
$func556 @ 00284a2a:0x6a4c2
$func562 @ 00284a2a:0x6ac14
$func24 @ 00284a2a:0x3404
$func24 @ 00284a2a:0x5327
$func457 @ 00284a2a:0x609f5
$func562 @ 00284a2a:0x6ac4e
$func83 @ 00284a2a:0x16013
$func24 @ 00284a2a:0x5271
$func24 @ 00284a2a:0x51b1
$func24 @ 00284a2a:0x51b1
$func556 @ 00284a2a:0x6a4c2
$func562 @ 00284a2a:0x6ac14
$func24 @ 00284a2a:0x3404
$func24 @ 00284a2a:0x5327
$func457 @ 00284a2a:0x609f5
$func562 @ 00284a2a:0x6ac4e
$func83 @ 00284a2a:0x16013
$func24 @ 00284a2a:0x5271
$func24 @ 00284a2a:0x51b1
$func24 @ 00284a2a:0x51b1
$func556 @ 00284a2a:0x6a4c2
$func562 @ 00284a2a:0x6ac14
$func24 @ 00284a2a:0x3404
$func24 @ 00284a2a:0x5327
$func457 @ 00284a2a:0x609f5
$func562 @ 00284a2a:0x6ac4e
$func83 @ 00284a2a:0x16013
$func24 @ 00284a2a:0x5271
$func24 @ 00284a2a:0x51b1
$func24 @ 00284a2a:0x51b1
$func556 @ 00284a2a:0x6a4c2
$func562 @ 00284a2a:0x6ac14
$func24 @ 00284a2a:0x3404
$func24 @ 00284a2a:0x5327
$func712 @ 00284a2a:0x7c38d
$X @ 00284a2a:0x7def0
E._QTS_ExecutePendingJob @ vendors~mg-plugin.3cc39455.js:1
A.executePendingJobs @ vendors~mg-plugin.3cc39455.js:1
(anonymous) @ app.cbca4f39.js:1
Promise.then (async)
executePendingJobs @ app.cbca4f39.js:1
(anonymous) @ app.cbca4f39.js:1
i @ chunk-libs.ca58d924.js:5
setTimeout (async)
(anonymous) @ chunk-libs.ca58d924.js:5
(anonymous) @ app.cbca4f39.js:1
(anonymous) @ vendors~mg-plugin.3cc39455.js:1
A.withScope @ vendors~mg-plugin.3cc39455.js:1
A.cToHostCallbackFunction @ vendors~mg-plugin.3cc39455.js:1
A.cToHostCallbackFunction @ vendors~mg-plugin.3cc39455.js:1
$func806 @ 00284a2a:0x856b8
$func573 @ 00284a2a:0x6b75e
$func24 @ 00284a2a:0x3404
$func24 @ 00284a2a:0x51b1
$func457 @ 00284a2a:0x609f5
$func562 @ 00284a2a:0x6ac4e
$func83 @ 00284a2a:0x16013
$func24 @ 00284a2a:0x5271
$func24 @ 00284a2a:0x51b1
$func556 @ 00284a2a:0x6a4c2
$func562 @ 00284a2a:0x6ac14
$func24 @ 00284a2a:0x3404
$func24 @ 00284a2a:0x5327
$func457 @ 00284a2a:0x609f5
$func562 @ 00284a2a:0x6ac4e
$func83 @ 00284a2a:0x16013
$func24 @ 00284a2a:0x5271
$func24 @ 00284a2a:0x51b1
$func24 @ 00284a2a:0x51b1
$func556 @ 00284a2a:0x6a4c2
$func562 @ 00284a2a:0x6ac14
$func24 @ 00284a2a:0x3404
$func24 @ 00284a2a:0x5327
$func712 @ 00284a2a:0x7c38d
$X @ 00284a2a:0x7def0
E._QTS_ExecutePendingJob @ vendors~mg-plugin.3cc39455.js:1
A.executePendingJobs @ vendors~mg-plugin.3cc39455.js:1
(anonymous) @ app.cbca4f39.js:1
Promise.then (async)
executePendingJobs @ app.cbca4f39.js:1
i @ app.cbca4f39.js:1
c @ app.cbca4f39.js:1
Ns.handlePluginMessage @ app.cbca4f39.js:1
i @ chunk-libs.ca58d924.js:5
postMessage (async)
(anonymous) @ plugin-sandbox.html:26
postMessage (async)
send @ VM293:31
acknowledgeLocalRelayFile @ VM293:536
await in acknowledgeLocalRelayFile (async)
window.onmessage @ VM293:891
postMessage (async)
postMessage @ app.cbca4f39.js:1
(anonymous) @ app.cbca4f39.js:1
(anonymous) @ app.cbca4f39.js:14
(anonymous) @ vendors~mg-plugin.3cc39455.js:1
A.withScope @ vendors~mg-plugin.3cc39455.js:1
A.cToHostCallbackFunction @ vendors~mg-plugin.3cc39455.js:1
A.cToHostCallbackFunction @ vendors~mg-plugin.3cc39455.js:1
$func806 @ 00284a2a:0x856b8
$func573 @ 00284a2a:0x6b75e
$func24 @ 00284a2a:0x3404
$func24 @ 00284a2a:0x5327
$func24 @ 00284a2a:0x51b1
$func556 @ 00284a2a:0x6a4c2
$func562 @ 00284a2a:0x6ac14
$func24 @ 00284a2a:0x3404
$func24 @ 00284a2a:0x5327
$func712 @ 00284a2a:0x7c38d
$X @ 00284a2a:0x7def0
E._QTS_ExecutePendingJob @ vendors~mg-plugin.3cc39455.js:1
A.executePendingJobs @ vendors~mg-plugin.3cc39455.js:1
(anonymous) @ app.cbca4f39.js:1
Promise.then (async)
executePendingJobs @ app.cbca4f39.js:1
(anonymous) @ app.cbca4f39.js:1
i @ chunk-libs.ca58d924.js:5
setTimeout (async)
(anonymous) @ chunk-libs.ca58d924.js:5
(anonymous) @ app.cbca4f39.js:1
(anonymous) @ vendors~mg-plugin.3cc39455.js:1
A.withScope @ vendors~mg-plugin.3cc39455.js:1
A.cToHostCallbackFunction @ vendors~mg-plugin.3cc39455.js:1
A.cToHostCallbackFunction @ vendors~mg-plugin.3cc39455.js:1
$func806 @ 00284a2a:0x856b8
$func573 @ 00284a2a:0x6b75e
$func24 @ 00284a2a:0x3404
$func24 @ 00284a2a:0x51b1
$func457 @ 00284a2a:0x609f5
$func562 @ 00284a2a:0x6ac4e
$func83 @ 00284a2a:0x16013
$func24 @ 00284a2a:0x5271
$func24 @ 00284a2a:0x51b1
$func556 @ 00284a2a:0x6a4c2
$func562 @ 00284a2a:0x6ac14
$func24 @ 00284a2a:0x3404
$func24 @ 00284a2a:0x5327
$func457 @ 00284a2a:0x609f5
$func562 @ 00284a2a:0x6ac4e
$func83 @ 00284a2a:0x16013
$func24 @ 00284a2a:0x5271
$func24 @ 00284a2a:0x51b1
$func24 @ 00284a2a:0x51b1
$func556 @ 00284a2a:0x6a4c2
$func562 @ 00284a2a:0x6ac14
$func24 @ 00284a2a:0x3404
$func24 @ 00284a2a:0x5327
$func712 @ 00284a2a:0x7c38d
$X @ 00284a2a:0x7def0
E._QTS_ExecutePendingJob @ vendors~mg-plugin.3cc39455.js:1
A.executePendingJobs @ vendors~mg-plugin.3cc39455.js:1
(anonymous) @ app.cbca4f39.js:1
Promise.then (async)
executePendingJobs @ app.cbca4f39.js:1
(anonymous) @ app.cbca4f39.js:1
Promise.finally (async)
(anonymous) @ app.cbca4f39.js:1
(anonymous) @ app.cbca4f39.js:14
(anonymous) @ vendors~mg-plugin.3cc39455.js:1
A.withScope @ vendors~mg-plugin.3cc39455.js:1
A.cToHostCallbackFunction @ vendors~mg-plugin.3cc39455.js:1
A.cToHostCallbackFunction @ vendors~mg-plugin.3cc39455.js:1
$func806 @ 00284a2a:0x856b8
$func573 @ 00284a2a:0x6b75e
$func24 @ 00284a2a:0x3404
$func24 @ 00284a2a:0x5327
$func556 @ 00284a2a:0x6a4c2
$func562 @ 00284a2a:0x6ac14
$func24 @ 00284a2a:0x3404
$func24 @ 00284a2a:0x5327
$func457 @ 00284a2a:0x609f5
$func562 @ 00284a2a:0x6ac4e
$func83 @ 00284a2a:0x16013
$func24 @ 00284a2a:0x5271
$func24 @ 00284a2a:0x51b1
$func24 @ 00284a2a:0x51b1
$func556 @ 00284a2a:0x6a4c2
$func562 @ 00284a2a:0x6ac14
$func24 @ 00284a2a:0x3404
$func24 @ 00284a2a:0x5327
$func457 @ 00284a2a:0x609f5
$func562 @ 00284a2a:0x6ac4e
$func83 @ 00284a2a:0x16013
$func24 @ 00284a2a:0x5271
$func24 @ 00284a2a:0x51b1
$func24 @ 00284a2a:0x51b1
$func556 @ 00284a2a:0x6a4c2
$func562 @ 00284a2a:0x6ac14
$func24 @ 00284a2a:0x3404
$func24 @ 00284a2a:0x5327
$func457 @ 00284a2a:0x609f5
$func562 @ 00284a2a:0x6ac4e
$func83 @ 00284a2a:0x16013
$func24 @ 00284a2a:0x5271
$func24 @ 00284a2a:0x51b1
$func24 @ 00284a2a:0x51b1
$func556 @ 00284a2a:0x6a4c2
$func562 @ 00284a2a:0x6ac14
$func24 @ 00284a2a:0x3404
$func24 @ 00284a2a:0x5327
$func457 @ 00284a2a:0x609f5
$func562 @ 00284a2a:0x6ac4e
$func83 @ 00284a2a:0x16013
$func24 @ 00284a2a:0x5271
$func24 @ 00284a2a:0x51b1
$func24 @ 00284a2a:0x51b1
$func556 @ 00284a2a:0x6a4c2
$func562 @ 00284a2a:0x6ac14
$func24 @ 00284a2a:0x3404
$func24 @ 00284a2a:0x5327
$func712 @ 00284a2a:0x7c38d
$X @ 00284a2a:0x7def0
E._QTS_ExecutePendingJob @ vendors~mg-plugin.3cc39455.js:1
A.executePendingJobs @ vendors~mg-plugin.3cc39455.js:1
(anonymous) @ app.cbca4f39.js:1
Promise.then (async)
executePendingJobs @ app.cbca4f39.js:1
(anonymous) @ app.cbca4f39.js:1
i @ chunk-libs.ca58d924.js:5
setTimeout (async)
(anonymous) @ chunk-libs.ca58d924.js:5
(anonymous) @ app.cbca4f39.js:1
(anonymous) @ vendors~mg-plugin.3cc39455.js:1
A.withScope @ vendors~mg-plugin.3cc39455.js:1
A.cToHostCallbackFunction @ vendors~mg-plugin.3cc39455.js:1
A.cToHostCallbackFunction @ vendors~mg-plugin.3cc39455.js:1
$func806 @ 00284a2a:0x856b8
$func573 @ 00284a2a:0x6b75e
$func24 @ 00284a2a:0x3404
$func24 @ 00284a2a:0x51b1
$func457 @ 00284a2a:0x609f5
$func562 @ 00284a2a:0x6ac4e
$func83 @ 00284a2a:0x16013
$func24 @ 00284a2a:0x5271
$func24 @ 00284a2a:0x51b1
$func556 @ 00284a2a:0x6a4c2
$func562 @ 00284a2a:0x6ac14
$func24 @ 00284a2a:0x3404
$func24 @ 00284a2a:0x5327
$func457 @ 00284a2a:0x609f5
$func562 @ 00284a2a:0x6ac4e
$func83 @ 00284a2a:0x16013
$func24 @ 00284a2a:0x5271
$func24 @ 00284a2a:0x51b1
$func24 @ 00284a2a:0x51b1
$func556 @ 00284a2a:0x6a4c2
$func562 @ 00284a2a:0x6ac14
$func24 @ 00284a2a:0x3404
$func24 @ 00284a2a:0x5327
$func712 @ 00284a2a:0x7c38d
$X @ 00284a2a:0x7def0
E._QTS_ExecutePendingJob @ vendors~mg-plugin.3cc39455.js:1
A.executePendingJobs @ vendors~mg-plugin.3cc39455.js:1
(anonymous) @ app.cbca4f39.js:1
Promise.then (async)
executePendingJobs @ app.cbca4f39.js:1
i @ app.cbca4f39.js:1
c @ app.cbca4f39.js:1
Ns.handlePluginMessage @ app.cbca4f39.js:1
i @ chunk-libs.ca58d924.js:5
postMessage (async)
(anonymous) @ plugin-sandbox.html:26
postMessage (async)
send @ VM293:31
acknowledgeLocalRelayFile @ VM293:536
await in acknowledgeLocalRelayFile (async)
window.onmessage @ VM293:891
postMessage (async)
postMessage @ app.cbca4f39.js:1
(anonymous) @ app.cbca4f39.js:1
(anonymous) @ app.cbca4f39.js:14
(anonymous) @ vendors~mg-plugin.3cc39455.js:1
A.withScope @ vendors~mg-plugin.3cc39455.js:1
A.cToHostCallbackFunction @ vendors~mg-plugin.3cc39455.js:1
A.cToHostCallbackFunction @ vendors~mg-plugin.3cc39455.js:1
$func806 @ 00284a2a:0x856b8
$func573 @ 00284a2a:0x6b75e
$func24 @ 00284a2a:0x3404
$func24 @ 00284a2a:0x5327
$func24 @ 00284a2a:0x51b1
$func556 @ 00284a2a:0x6a4c2
$func562 @ 00284a2a:0x6ac14
$func24 @ 00284a2a:0x3404
$func24 @ 00284a2a:0x5327
$func712 @ 00284a2a:0x7c38d
$X @ 00284a2a:0x7def0
E._QTS_ExecutePendingJob @ vendors~mg-plugin.3cc39455.js:1
A.executePendingJobs @ vendors~mg-plugin.3cc39455.js:1
(anonymous) @ app.cbca4f39.js:1
chunk-libs.ca58d924.js:127 [MasterGo2Figma] Split package complete 1/1 segment 1: /Users/wally/Downloads/MasterGo2Figma/mastergo2figma-relay-output/export-1779262655069-5978083650736299.zip, roots=27, layers=6884, files=466, bytes=30663004
chunk-libs.ca58d924.js:127 [MasterGo2Figma] Export performance {label: 'split-complete', durationMs: 71403, duration: '1m 11s', nodesPerSecond: 120.1, sessionId: 'session-1779262654896-7hlmudae2xr', …}
chunk-libs.ca58d924.js:127 [MasterGo2Figma] Export batch complete {"sessionId":"session-1779262654896-7hlmudae2xr","autoContinue":true,"batchIndex":1,"batchTotal":5,"scope":"partial-pages","transferMode":"local-json-stream","requestedPageCount":5,"requestedPages":[{"name":"企业大脑","message":"","stack":"[Stack Hidden]"},{"name":"agent","message":"","stack":"[Stack Hidden]"},{"name":"界面方案研究","message":"","stack":"[Stack Hidden]"},{"name":"agent客户端融合方案（0206）","message":"","stack":"[Stack Hidden]"},{"name":"agent客户端优化方案（0401）","message":"","stack":"[Stack Hidden]"}],"runPageCount":1,"runPages":[{"name":"企业大脑","message":"","stack":"[Stack Hidden]"}],"remainingPageCount":4,"remainingPages":[{"name":"agent","message":"","stack":"[Stack Hidden]"},{"name":"界面方案研究","message":"","stack":"[Stack Hidden]"},{"name":"agent客户端融合方案（0206）","message":"","stack":"[Stack Hidden]"},{"name":"agent客户端优化方案（0401）","message":"","stack":"[Stack Hidden]"}],"limitedToSinglePage":true,"maxPagesPerBatch":1}
chunk-libs.ca58d924.js:127 [MasterGo2Figma] Export queue saved {"sessionId":"session-1779262654896-7hlmudae2xr","autoContinue":true,"exportedPages":[{"name":"企业大脑","message":"","stack":"[Stack Hidden]"}],"remainingPageCount":4,"nextPage":{"name":"agent","message":"","stack":"[Stack Hidden]"}}
VM293:179 [MasterGo2Figma UI] Auto export batch start {sessionId: 'session-1779262654896-7hlmudae2xr', batchIndex: 2, remainingPageCount: 4, nextPageId: '1:19967'}
chunk-libs.ca58d924.js:127 [MasterGo2Figma] Export queue plan {"sessionId":"session-1779262654896-7hlmudae2xr","autoContinue":true,"batchIndex":2,"batchTotal":5,"scope":"partial-pages","transferMode":"local-json-stream","requestedPageCount":4,"requestedPages":[{"name":"agent","message":"","stack":"[Stack Hidden]"},{"name":"界面方案研究","message":"","stack":"[Stack Hidden]"},{"name":"agent客户端融合方案（0206）","message":"","stack":"[Stack Hidden]"},{"name":"agent客户端优化方案（0401）","message":"","stack":"[Stack Hidden]"}],"runPageCount":1,"runPages":[{"name":"agent","message":"","stack":"[Stack Hidden]"}],"remainingPageCount":3,"remainingPages":[{"name":"界面方案研究","message":"","stack":"[Stack Hidden]"},{"name":"agent客户端融合方案（0206）","message":"","stack":"[Stack Hidden]"},{"name":"agent客户端优化方案（0401）","message":"","stack":"[Stack Hidden]"}],"limitedToSinglePage":true,"maxPagesPerBatch":1}
chunk-libs.ca58d924.js:127 [MasterGo2Figma] Export recovery queue saved {"sessionId":"session-1779262654896-7hlmudae2xr","batchIndex":2,"runningPages":[{"name":"agent","message":"","stack":"[Stack Hidden]"}],"recoveryPageCount":4,"nextPage":{"name":"agent","message":"","stack":"[Stack Hidden]"}}
chunk-libs.ca58d924.js:127 [MasterGo2Figma] Export batch start {"sessionId":"session-1779262654896-7hlmudae2xr","autoContinue":true,"batchIndex":2,"batchTotal":5,"scope":"partial-pages","transferMode":"local-json-stream","requestedPageCount":4,"requestedPages":[{"name":"agent","message":"","stack":"[Stack Hidden]"},{"name":"界面方案研究","message":"","stack":"[Stack Hidden]"},{"name":"agent客户端融合方案（0206）","message":"","stack":"[Stack Hidden]"},{"name":"agent客户端优化方案（0401）","message":"","stack":"[Stack Hidden]"}],"runPageCount":1,"runPages":[{"name":"agent","message":"","stack":"[Stack Hidden]"}],"remainingPageCount":3,"remainingPages":[{"name":"界面方案研究","message":"","stack":"[Stack Hidden]"},{"name":"agent客户端融合方案（0206）","message":"","stack":"[Stack Hidden]"},{"name":"agent客户端优化方案（0401）","message":"","stack":"[Stack Hidden]"}],"limitedToSinglePage":true,"maxPagesPerBatch":1}
chunk-libs.ca58d924.js:127 [MasterGo2Figma] Export session stats reset {"sessionId":"session-1779262654896-7hlmudae2xr","autoContinue":true,"batchIndex":2,"batchTotal":5,"pageCount":1,"rootCount":13,"transferMode":"local-json-stream","relayUrl":"http://127.0.0.1:8765","chunkMaxRecords":16,"chunkMaxBytes":65536}
chunk-libs.ca58d924.js:127 [MasterGo2Figma] Split export start: 1 pages, 13 roots. Node pre-scan skipped.
chunk-libs.ca58d924.js:127 [MasterGo2Figma] Split package start 1/1 segment 1: agent, roots=1-13
chunk-libs.ca58d924.js:127 [MasterGo2Figma] Split package detail {"pageIndex":1,"pageCount":1,"pageName":"agent","segmentIndex":1,"startRootIndex":0,"remainingRootCount":13,"targetLayerCount":8000,"chunkMaxRecords":16,"chunkMaxBytes":65536,"transfer":{"transferId":"export-1779262727345-7949022959725411","filename":"mastergo2figma-partial-pages-part-001-of-001-segment-001-agent-2026-05-20T07-38-47-345Z.zip","fileIndex":0,"postedChunks":0,"streamedBytes":0}}
chunk-libs.ca58d924.js:127 [MasterGo2Figma] Layer chunk flush {"page":"agent 1","path":"pages/page-001-agent/layers/layers-001.json","chunkIndex":1,"records":16,"bytes":30356,"processedNodes":16,"transfer":{"transferId":"export-1779262727345-7949022959725411","filename":"mastergo2figma-partial-pages-part-001-of-001-segment-001-agent-2026-05-20T07-38-47-345Z.zip","fileIndex":0,"postedChunks":0,"streamedBytes":0}}
chunk-libs.ca58d924.js:127 [MasterGo2Figma] Large layer record {"page":"agent","node":"路径 (PEN, 1:22759)","recordBytes":50116,"chunkBytes":11532,"chunkRecords":8,"complexity":{"name":"路径","message":"","stack":"[Stack Hidden]"},"transfer":{"transferId":"export-1779262727345-7949022959725411","filename":"mastergo2figma-partial-pages-part-001-of-001-segment-001-agent-2026-05-20T07-38-47-345Z.zip","fileIndex":5,"postedChunks":102,"streamedBytes":165708}}
(anonymous) @ chunk-libs.ca58d924.js:127
(anonymous) @ app.cbca4f39.js:1
(anonymous) @ vendors~mg-plugin.3cc39455.js:1
A.withScope @ vendors~mg-plugin.3cc39455.js:1
A.cToHostCallbackFunction @ vendors~mg-plugin.3cc39455.js:1
A.cToHostCallbackFunction @ vendors~mg-plugin.3cc39455.js:1
$func806 @ 00284a2a:0x856b8
$func573 @ 00284a2a:0x6b75e
$func24 @ 00284a2a:0x3404
$func24 @ 00284a2a:0x5327
$func24 @ 00284a2a:0x51b1
$func556 @ 00284a2a:0x6a4c2
$func562 @ 00284a2a:0x6ac14
$func24 @ 00284a2a:0x3404
$func24 @ 00284a2a:0x5327
$func712 @ 00284a2a:0x7c38d
$X @ 00284a2a:0x7def0
E._QTS_ExecutePendingJob @ vendors~mg-plugin.3cc39455.js:1
A.executePendingJobs @ vendors~mg-plugin.3cc39455.js:1
(anonymous) @ app.cbca4f39.js:1
Promise.then (async)
executePendingJobs @ app.cbca4f39.js:1
(anonymous) @ app.cbca4f39.js:1
i @ chunk-libs.ca58d924.js:5
setTimeout (async)
(anonymous) @ chunk-libs.ca58d924.js:5
(anonymous) @ app.cbca4f39.js:1
(anonymous) @ vendors~mg-plugin.3cc39455.js:1
A.withScope @ vendors~mg-plugin.3cc39455.js:1
A.cToHostCallbackFunction @ vendors~mg-plugin.3cc39455.js:1
A.cToHostCallbackFunction @ vendors~mg-plugin.3cc39455.js:1
$func806 @ 00284a2a:0x856b8
$func573 @ 00284a2a:0x6b75e
$func24 @ 00284a2a:0x3404
$func24 @ 00284a2a:0x51b1
$func457 @ 00284a2a:0x609f5
$func562 @ 00284a2a:0x6ac4e
$func83 @ 00284a2a:0x16013
$func24 @ 00284a2a:0x5271
$func24 @ 00284a2a:0x51b1
$func556 @ 00284a2a:0x6a4c2
$func562 @ 00284a2a:0x6ac14
$func24 @ 00284a2a:0x3404
$func24 @ 00284a2a:0x5327
$func457 @ 00284a2a:0x609f5
$func562 @ 00284a2a:0x6ac4e
$func83 @ 00284a2a:0x16013
$func24 @ 00284a2a:0x5271
$func24 @ 00284a2a:0x51b1
$func24 @ 00284a2a:0x51b1
$func556 @ 00284a2a:0x6a4c2
$func562 @ 00284a2a:0x6ac14
$func24 @ 00284a2a:0x3404
$func24 @ 00284a2a:0x5327
$func712 @ 00284a2a:0x7c38d
$X @ 00284a2a:0x7def0
E._QTS_ExecutePendingJob @ vendors~mg-plugin.3cc39455.js:1
A.executePendingJobs @ vendors~mg-plugin.3cc39455.js:1
(anonymous) @ app.cbca4f39.js:1
Promise.then (async)
executePendingJobs @ app.cbca4f39.js:1
i @ app.cbca4f39.js:1
c @ app.cbca4f39.js:1
Ns.handlePluginMessage @ app.cbca4f39.js:1
i @ chunk-libs.ca58d924.js:5
postMessage (async)
(anonymous) @ plugin-sandbox.html:26
postMessage (async)
send @ VM293:31
acknowledgeLocalRelayFile @ VM293:536
await in acknowledgeLocalRelayFile (async)
window.onmessage @ VM293:891
postMessage (async)
postMessage @ app.cbca4f39.js:1
(anonymous) @ app.cbca4f39.js:1
(anonymous) @ app.cbca4f39.js:14
(anonymous) @ vendors~mg-plugin.3cc39455.js:1
A.withScope @ vendors~mg-plugin.3cc39455.js:1
A.cToHostCallbackFunction @ vendors~mg-plugin.3cc39455.js:1
A.cToHostCallbackFunction @ vendors~mg-plugin.3cc39455.js:1
$func806 @ 00284a2a:0x856b8
$func573 @ 00284a2a:0x6b75e
$func24 @ 00284a2a:0x3404
$func24 @ 00284a2a:0x5327
$func24 @ 00284a2a:0x51b1
$func556 @ 00284a2a:0x6a4c2
$func562 @ 00284a2a:0x6ac14
$func24 @ 00284a2a:0x3404
$func24 @ 00284a2a:0x5327
$func712 @ 00284a2a:0x7c38d
$X @ 00284a2a:0x7def0
E._QTS_ExecutePendingJob @ vendors~mg-plugin.3cc39455.js:1
A.executePendingJobs @ vendors~mg-plugin.3cc39455.js:1
(anonymous) @ app.cbca4f39.js:1
Promise.then (async)
executePendingJobs @ app.cbca4f39.js:1
(anonymous) @ app.cbca4f39.js:1
i @ chunk-libs.ca58d924.js:5
setTimeout (async)
(anonymous) @ chunk-libs.ca58d924.js:5
(anonymous) @ app.cbca4f39.js:1
(anonymous) @ vendors~mg-plugin.3cc39455.js:1
A.withScope @ vendors~mg-plugin.3cc39455.js:1
A.cToHostCallbackFunction @ vendors~mg-plugin.3cc39455.js:1
A.cToHostCallbackFunction @ vendors~mg-plugin.3cc39455.js:1
$func806 @ 00284a2a:0x856b8
$func573 @ 00284a2a:0x6b75e
$func24 @ 00284a2a:0x3404
$func24 @ 00284a2a:0x51b1
$func457 @ 00284a2a:0x609f5
$func562 @ 00284a2a:0x6ac4e
$func83 @ 00284a2a:0x16013
$func24 @ 00284a2a:0x5271
$func24 @ 00284a2a:0x51b1
$func556 @ 00284a2a:0x6a4c2
$func562 @ 00284a2a:0x6ac14
$func24 @ 00284a2a:0x3404
$func24 @ 00284a2a:0x5327
$func457 @ 00284a2a:0x609f5
$func562 @ 00284a2a:0x6ac4e
$func83 @ 00284a2a:0x16013
$func24 @ 00284a2a:0x5271
$func24 @ 00284a2a:0x51b1
$func24 @ 00284a2a:0x51b1
$func556 @ 00284a2a:0x6a4c2
$func562 @ 00284a2a:0x6ac14
$func24 @ 00284a2a:0x3404
$func24 @ 00284a2a:0x5327
$func712 @ 00284a2a:0x7c38d
$X @ 00284a2a:0x7def0
E._QTS_ExecutePendingJob @ vendors~mg-plugin.3cc39455.js:1
A.executePendingJobs @ vendors~mg-plugin.3cc39455.js:1
(anonymous) @ app.cbca4f39.js:1
Promise.then (async)
executePendingJobs @ app.cbca4f39.js:1
(anonymous) @ app.cbca4f39.js:1
i @ chunk-libs.ca58d924.js:5
setTimeout (async)
(anonymous) @ chunk-libs.ca58d924.js:5
(anonymous) @ app.cbca4f39.js:1
(anonymous) @ vendors~mg-plugin.3cc39455.js:1
A.withScope @ vendors~mg-plugin.3cc39455.js:1
A.cToHostCallbackFunction @ vendors~mg-plugin.3cc39455.js:1
A.cToHostCallbackFunction @ vendors~mg-plugin.3cc39455.js:1
$func806 @ 00284a2a:0x856b8
$func573 @ 00284a2a:0x6b75e
$func24 @ 00284a2a:0x3404
$func24 @ 00284a2a:0x51b1
$func457 @ 00284a2a:0x609f5
$func562 @ 00284a2a:0x6ac4e
$func83 @ 00284a2a:0x16013
$func24 @ 00284a2a:0x5271
$func24 @ 00284a2a:0x51b1
$func556 @ 00284a2a:0x6a4c2
$func562 @ 00284a2a:0x6ac14
$func24 @ 00284a2a:0x3404
$func24 @ 00284a2a:0x5327
$func457 @ 00284a2a:0x609f5
$func562 @ 00284a2a:0x6ac4e
$func83 @ 00284a2a:0x16013
$func24 @ 00284a2a:0x5271
$func24 @ 00284a2a:0x51b1
$func24 @ 00284a2a:0x51b1
$func556 @ 00284a2a:0x6a4c2
$func562 @ 00284a2a:0x6ac14
$func24 @ 00284a2a:0x3404
$func24 @ 00284a2a:0x5327
$func712 @ 00284a2a:0x7c38d
$X @ 00284a2a:0x7def0
E._QTS_ExecutePendingJob @ vendors~mg-plugin.3cc39455.js:1
A.executePendingJobs @ vendors~mg-plugin.3cc39455.js:1
(anonymous) @ app.cbca4f39.js:1
Promise.then (async)
executePendingJobs @ app.cbca4f39.js:1
(anonymous) @ app.cbca4f39.js:1
Promise.finally (async)
(anonymous) @ app.cbca4f39.js:1
(anonymous) @ app.cbca4f39.js:14
(anonymous) @ vendors~mg-plugin.3cc39455.js:1
A.withScope @ vendors~mg-plugin.3cc39455.js:1
A.cToHostCallbackFunction @ vendors~mg-plugin.3cc39455.js:1
A.cToHostCallbackFunction @ vendors~mg-plugin.3cc39455.js:1
$func806 @ 00284a2a:0x856b8
$func573 @ 00284a2a:0x6b75e
$func24 @ 00284a2a:0x3404
$func24 @ 00284a2a:0x5327
$func556 @ 00284a2a:0x6a4c2
$func562 @ 00284a2a:0x6ac14
$func24 @ 00284a2a:0x3404
$func24 @ 00284a2a:0x5327
$func457 @ 00284a2a:0x609f5
$func562 @ 00284a2a:0x6ac4e
$func83 @ 00284a2a:0x16013
$func24 @ 00284a2a:0x5271
$func24 @ 00284a2a:0x51b1
$func24 @ 00284a2a:0x51b1
$func556 @ 00284a2a:0x6a4c2
$func562 @ 00284a2a:0x6ac14
$func24 @ 00284a2a:0x3404
$func24 @ 00284a2a:0x5327
$func457 @ 00284a2a:0x609f5
$func562 @ 00284a2a:0x6ac4e
$func83 @ 00284a2a:0x16013
$func24 @ 00284a2a:0x5271
$func24 @ 00284a2a:0x51b1
$func24 @ 00284a2a:0x51b1
$func556 @ 00284a2a:0x6a4c2
$func562 @ 00284a2a:0x6ac14
$func24 @ 00284a2a:0x3404
$func24 @ 00284a2a:0x5327
$func457 @ 00284a2a:0x609f5
$func562 @ 00284a2a:0x6ac4e
$func83 @ 00284a2a:0x16013
$func24 @ 00284a2a:0x5271
$func24 @ 00284a2a:0x51b1
$func24 @ 00284a2a:0x51b1
$func556 @ 00284a2a:0x6a4c2
$func562 @ 00284a2a:0x6ac14
$func24 @ 00284a2a:0x3404
$func24 @ 00284a2a:0x5327
$func457 @ 00284a2a:0x609f5
$func562 @ 00284a2a:0x6ac4e
$func83 @ 00284a2a:0x16013
$func24 @ 00284a2a:0x5271
$func24 @ 00284a2a:0x51b1
$func24 @ 00284a2a:0x51b1
$func556 @ 00284a2a:0x6a4c2
$func562 @ 00284a2a:0x6ac14
$func24 @ 00284a2a:0x3404
$func24 @ 00284a2a:0x5327
$func712 @ 00284a2a:0x7c38d
$X @ 00284a2a:0x7def0
E._QTS_ExecutePendingJob @ vendors~mg-plugin.3cc39455.js:1
A.executePendingJobs @ vendors~mg-plugin.3cc39455.js:1
(anonymous) @ app.cbca4f39.js:1
Promise.then (async)
executePendingJobs @ app.cbca4f39.js:1
i @ app.cbca4f39.js:1
c @ app.cbca4f39.js:1
Ns.handlePluginMessage @ app.cbca4f39.js:1
i @ chunk-libs.ca58d924.js:5
postMessage (async)
(anonymous) @ plugin-sandbox.html:26
postMessage (async)
send @ VM293:31
acknowledgeLocalRelayFile @ VM293:536
await in acknowledgeLocalRelayFile (async)
window.onmessage @ VM293:891
postMessage (async)
postMessage @ app.cbca4f39.js:1
(anonymous) @ app.cbca4f39.js:1
(anonymous) @ app.cbca4f39.js:14
(anonymous) @ vendors~mg-plugin.3cc39455.js:1
A.withScope @ vendors~mg-plugin.3cc39455.js:1
A.cToHostCallbackFunction @ vendors~mg-plugin.3cc39455.js:1
A.cToHostCallbackFunction @ vendors~mg-plugin.3cc39455.js:1
$func806 @ 00284a2a:0x856b8
$func573 @ 00284a2a:0x6b75e
$func24 @ 00284a2a:0x3404
$func24 @ 00284a2a:0x5327
$func24 @ 00284a2a:0x51b1
$func556 @ 00284a2a:0x6a4c2
$func562 @ 00284a2a:0x6ac14
$func24 @ 00284a2a:0x3404
$func24 @ 00284a2a:0x5327
$func712 @ 00284a2a:0x7c38d
$X @ 00284a2a:0x7def0
E._QTS_ExecutePendingJob @ vendors~mg-plugin.3cc39455.js:1
A.executePendingJobs @ vendors~mg-plugin.3cc39455.js:1
(anonymous) @ app.cbca4f39.js:1
Promise.then (async)
executePendingJobs @ app.cbca4f39.js:1
(anonymous) @ app.cbca4f39.js:1
Promise.finally (async)
(anonymous) @ app.cbca4f39.js:1
(anonymous) @ app.cbca4f39.js:14
(anonymous) @ vendors~mg-plugin.3cc39455.js:1
A.withScope @ vendors~mg-plugin.3cc39455.js:1
A.cToHostCallbackFunction @ vendors~mg-plugin.3cc39455.js:1
A.cToHostCallbackFunction @ vendors~mg-plugin.3cc39455.js:1
$func806 @ 00284a2a:0x856b8
$func573 @ 00284a2a:0x6b75e
$func24 @ 00284a2a:0x3404
$func24 @ 00284a2a:0x5327
$func556 @ 00284a2a:0x6a4c2
$func562 @ 00284a2a:0x6ac14
$func24 @ 00284a2a:0x3404
$func24 @ 00284a2a:0x5327
$func457 @ 00284a2a:0x609f5
$func562 @ 00284a2a:0x6ac4e
$func83 @ 00284a2a:0x16013
$func24 @ 00284a2a:0x5271
$func24 @ 00284a2a:0x51b1
$func24 @ 00284a2a:0x51b1
$func556 @ 00284a2a:0x6a4c2
$func562 @ 00284a2a:0x6ac14
$func24 @ 00284a2a:0x3404
$func24 @ 00284a2a:0x5327
$func457 @ 00284a2a:0x609f5
$func562 @ 00284a2a:0x6ac4e
$func83 @ 00284a2a:0x16013
$func24 @ 00284a2a:0x5271
$func24 @ 00284a2a:0x51b1
$func24 @ 00284a2a:0x51b1
$func556 @ 00284a2a:0x6a4c2
$func562 @ 00284a2a:0x6ac14
$func24 @ 00284a2a:0x3404
$func24 @ 00284a2a:0x5327
$func457 @ 00284a2a:0x609f5
$func562 @ 00284a2a:0x6ac4e
$func83 @ 00284a2a:0x16013
$func24 @ 00284a2a:0x5271
$func24 @ 00284a2a:0x51b1
$func24 @ 00284a2a:0x51b1
$func556 @ 00284a2a:0x6a4c2
$func562 @ 00284a2a:0x6ac14
$func24 @ 00284a2a:0x3404
$func24 @ 00284a2a:0x5327
$func457 @ 00284a2a:0x609f5
$func562 @ 00284a2a:0x6ac4e
$func83 @ 00284a2a:0x16013
$func24 @ 00284a2a:0x5271
$func24 @ 00284a2a:0x51b1
$func24 @ 00284a2a:0x51b1
$func556 @ 00284a2a:0x6a4c2
$func562 @ 00284a2a:0x6ac14
$func24 @ 00284a2a:0x3404
$func24 @ 00284a2a:0x5327
$func712 @ 00284a2a:0x7c38d
$X @ 00284a2a:0x7def0
E._QTS_ExecutePendingJob @ vendors~mg-plugin.3cc39455.js:1
A.executePendingJobs @ vendors~mg-plugin.3cc39455.js:1
(anonymous) @ app.cbca4f39.js:1
Promise.then (async)
executePendingJobs @ app.cbca4f39.js:1
(anonymous) @ app.cbca4f39.js:1
Promise.finally (async)
(anonymous) @ app.cbca4f39.js:1
(anonymous) @ app.cbca4f39.js:14
(anonymous) @ vendors~mg-plugin.3cc39455.js:1
A.withScope @ vendors~mg-plugin.3cc39455.js:1
A.cToHostCallbackFunction @ vendors~mg-plugin.3cc39455.js:1
A.cToHostCallbackFunction @ vendors~mg-plugin.3cc39455.js:1
$func806 @ 00284a2a:0x856b8
$func573 @ 00284a2a:0x6b75e
$func24 @ 00284a2a:0x3404
$func24 @ 00284a2a:0x5327
$func556 @ 00284a2a:0x6a4c2
$func562 @ 00284a2a:0x6ac14
$func24 @ 00284a2a:0x3404
$func24 @ 00284a2a:0x5327
$func457 @ 00284a2a:0x609f5
$func562 @ 00284a2a:0x6ac4e
$func83 @ 00284a2a:0x16013
$func24 @ 00284a2a:0x5271
$func24 @ 00284a2a:0x51b1
$func24 @ 00284a2a:0x51b1
$func556 @ 00284a2a:0x6a4c2
$func562 @ 00284a2a:0x6ac14
$func24 @ 00284a2a:0x3404
$func24 @ 00284a2a:0x5327
$func457 @ 00284a2a:0x609f5
$func562 @ 00284a2a:0x6ac4e
$func83 @ 00284a2a:0x16013
$func24 @ 00284a2a:0x5271
$func24 @ 00284a2a:0x51b1
$func24 @ 00284a2a:0x51b1
$func556 @ 00284a2a:0x6a4c2
$func562 @ 00284a2a:0x6ac14
$func24 @ 00284a2a:0x3404
$func24 @ 00284a2a:0x5327
$func457 @ 00284a2a:0x609f5
$func562 @ 00284a2a:0x6ac4e
$func83 @ 00284a2a:0x16013
$func24 @ 00284a2a:0x5271
$func24 @ 00284a2a:0x51b1
$func24 @ 00284a2a:0x51b1
$func556 @ 00284a2a:0x6a4c2
$func562 @ 00284a2a:0x6ac14
$func24 @ 00284a2a:0x3404
$func24 @ 00284a2a:0x5327
$func457 @ 00284a2a:0x609f5
$func562 @ 00284a2a:0x6ac4e
$func83 @ 00284a2a:0x16013
$func24 @ 00284a2a:0x5271
$func24 @ 00284a2a:0x51b1
$func24 @ 00284a2a:0x51b1
$func556 @ 00284a2a:0x6a4c2
$func562 @ 00284a2a:0x6ac14
$func24 @ 00284a2a:0x3404
$func24 @ 00284a2a:0x5327
$func712 @ 00284a2a:0x7c38d
$X @ 00284a2a:0x7def0
E._QTS_ExecutePendingJob @ vendors~mg-plugin.3cc39455.js:1
A.executePendingJobs @ vendors~mg-plugin.3cc39455.js:1
(anonymous) @ app.cbca4f39.js:1
Promise.then (async)
executePendingJobs @ app.cbca4f39.js:1
(anonymous) @ app.cbca4f39.js:1
i @ chunk-libs.ca58d924.js:5
setTimeout (async)
(anonymous) @ chunk-libs.ca58d924.js:5
(anonymous) @ app.cbca4f39.js:1
(anonymous) @ vendors~mg-plugin.3cc39455.js:1
A.withScope @ vendors~mg-plugin.3cc39455.js:1
A.cToHostCallbackFunction @ vendors~mg-plugin.3cc39455.js:1
A.cToHostCallbackFunction @ vendors~mg-plugin.3cc39455.js:1
$func806 @ 00284a2a:0x856b8
$func573 @ 00284a2a:0x6b75e
$func24 @ 00284a2a:0x3404
$func24 @ 00284a2a:0x51b1
$func457 @ 00284a2a:0x609f5
$func562 @ 00284a2a:0x6ac4e
$func83 @ 00284a2a:0x16013
$func24 @ 00284a2a:0x5271
$func24 @ 00284a2a:0x51b1
$func556 @ 00284a2a:0x6a4c2
$func562 @ 00284a2a:0x6ac14
$func24 @ 00284a2a:0x3404
$func24 @ 00284a2a:0x5327
$func457 @ 00284a2a:0x609f5
$func562 @ 00284a2a:0x6ac4e
$func83 @ 00284a2a:0x16013
$func24 @ 00284a2a:0x5271
$func24 @ 00284a2a:0x51b1
$func24 @ 00284a2a:0x51b1
$func556 @ 00284a2a:0x6a4c2
$func562 @ 00284a2a:0x6ac14
$func24 @ 00284a2a:0x3404
$func24 @ 00284a2a:0x5327
$func712 @ 00284a2a:0x7c38d
$X @ 00284a2a:0x7def0
E._QTS_ExecutePendingJob @ vendors~mg-plugin.3cc39455.js:1
A.executePendingJobs @ vendors~mg-plugin.3cc39455.js:1
(anonymous) @ app.cbca4f39.js:1
Promise.then (async)
executePendingJobs @ app.cbca4f39.js:1
i @ app.cbca4f39.js:1
c @ app.cbca4f39.js:1
Ns.handlePluginMessage @ app.cbca4f39.js:1
i @ chunk-libs.ca58d924.js:5
postMessage (async)
(anonymous) @ plugin-sandbox.html:26
postMessage (async)
send @ VM293:31
acknowledgeLocalRelayFile @ VM293:536
await in acknowledgeLocalRelayFile (async)
window.onmessage @ VM293:891
postMessage (async)
postMessage @ app.cbca4f39.js:1
(anonymous) @ app.cbca4f39.js:1
(anonymous) @ app.cbca4f39.js:14
(anonymous) @ vendors~mg-plugin.3cc39455.js:1
A.withScope @ vendors~mg-plugin.3cc39455.js:1
A.cToHostCallbackFunction @ vendors~mg-plugin.3cc39455.js:1
A.cToHostCallbackFunction @ vendors~mg-plugin.3cc39455.js:1
$func806 @ 00284a2a:0x856b8
$func573 @ 00284a2a:0x6b75e
$func24 @ 00284a2a:0x3404
$func24 @ 00284a2a:0x5327
$func24 @ 00284a2a:0x51b1
$func556 @ 00284a2a:0x6a4c2
$func562 @ 00284a2a:0x6ac14
$func24 @ 00284a2a:0x3404
$func24 @ 00284a2a:0x5327
$func712 @ 00284a2a:0x7c38d
$X @ 00284a2a:0x7def0
E._QTS_ExecutePendingJob @ vendors~mg-plugin.3cc39455.js:1
A.executePendingJobs @ vendors~mg-plugin.3cc39455.js:1
(anonymous) @ app.cbca4f39.js:1
Promise.then (async)
executePendingJobs @ app.cbca4f39.js:1
(anonymous) @ app.cbca4f39.js:1
i @ chunk-libs.ca58d924.js:5
setTimeout (async)
(anonymous) @ chunk-libs.ca58d924.js:5
(anonymous) @ app.cbca4f39.js:1
(anonymous) @ vendors~mg-plugin.3cc39455.js:1
A.withScope @ vendors~mg-plugin.3cc39455.js:1
A.cToHostCallbackFunction @ vendors~mg-plugin.3cc39455.js:1
A.cToHostCallbackFunction @ vendors~mg-plugin.3cc39455.js:1
$func806 @ 00284a2a:0x856b8
$func573 @ 00284a2a:0x6b75e
$func24 @ 00284a2a:0x3404
$func24 @ 00284a2a:0x51b1
$func457 @ 00284a2a:0x609f5
$func562 @ 00284a2a:0x6ac4e
$func83 @ 00284a2a:0x16013
$func24 @ 00284a2a:0x5271
$func24 @ 00284a2a:0x51b1
$func556 @ 00284a2a:0x6a4c2
$func562 @ 00284a2a:0x6ac14
$func24 @ 00284a2a:0x3404
$func24 @ 00284a2a:0x5327
$func457 @ 00284a2a:0x609f5
$func562 @ 00284a2a:0x6ac4e
$func83 @ 00284a2a:0x16013
$func24 @ 00284a2a:0x5271
$func24 @ 00284a2a:0x51b1
$func24 @ 00284a2a:0x51b1
$func556 @ 00284a2a:0x6a4c2
$func562 @ 00284a2a:0x6ac14
$func24 @ 00284a2a:0x3404
$func24 @ 00284a2a:0x5327
$func712 @ 00284a2a:0x7c38d
$X @ 00284a2a:0x7def0
E._QTS_ExecutePendingJob @ vendors~mg-plugin.3cc39455.js:1
A.executePendingJobs @ vendors~mg-plugin.3cc39455.js:1
(anonymous) @ app.cbca4f39.js:1
Promise.then (async)
executePendingJobs @ app.cbca4f39.js:1
i @ app.cbca4f39.js:1
c @ app.cbca4f39.js:1
Ns.handlePluginMessage @ app.cbca4f39.js:1
i @ chunk-libs.ca58d924.js:5
chunk-libs.ca58d924.js:127 [MasterGo2Figma] Layer chunk flush {"page":"agent 1","path":"pages/page-001-agent/layers/layers-006.json","chunkIndex":6,"records":11,"bytes":65219,"processedNodes":98,"transfer":{"transferId":"export-1779262727345-7949022959725411","filename":"mastergo2figma-partial-pages-part-001-of-001-segment-001-agent-2026-05-20T07-38-47-345Z.zip","fileIndex":5,"postedChunks":102,"streamedBytes":165708}}
chunk-libs.ca58d924.js:127 [MasterGo2Figma] Layer chunk flush {"page":"agent 1","path":"pages/page-001-agent/layers/layers-009.json","chunkIndex":9,"records":16,"bytes":51542,"processedNodes":169,"transfer":{"transferId":"export-1779262727345-7949022959725411","filename":"mastergo2figma-partial-pages-part-001-of-001-segment-001-agent-2026-05-20T07-38-47-345Z.zip","fileIndex":8,"postedChunks":170,"streamedBytes":307657}}
chunk-libs.ca58d924.js:127 [MasterGo2Figma] Layer chunk flush {"page":"agent 1","path":"pages/page-001-agent/layers/layers-022.json","chunkIndex":22,"records":16,"bytes":49707,"processedNodes":626,"transfer":{"transferId":"export-1779262727345-7949022959725411","filename":"mastergo2figma-partial-pages-part-001-of-001-segment-001-agent-2026-05-20T07-38-47-345Z.zip","fileIndex":21,"postedChunks":432,"streamedBytes":809137}}
chunk-libs.ca58d924.js:127 [MasterGo2Figma] Layer chunk flush {"page":"agent 1","path":"pages/page-001-agent/layers/layers-045.json","chunkIndex":45,"records":16,"bytes":58806,"processedNodes":1377,"transfer":{"transferId":"export-1779262727345-7949022959725411","filename":"mastergo2figma-partial-pages-part-001-of-001-segment-001-agent-2026-05-20T07-38-47-345Z.zip","fileIndex":44,"postedChunks":899,"streamedBytes":1679619}}
chunk-libs.ca58d924.js:127 [MasterGo2Figma] Layer chunk flush {"page":"agent 1","path":"pages/page-001-agent/layers/layers-049.json","chunkIndex":49,"records":16,"bytes":49829,"processedNodes":1518,"transfer":{"transferId":"export-1779262727345-7949022959725411","filename":"mastergo2figma-partial-pages-part-001-of-001-segment-001-agent-2026-05-20T07-38-47-345Z.zip","fileIndex":48,"postedChunks":978,"streamedBytes":1829764}}
chunk-libs.ca58d924.js:127 [MasterGo2Figma] Layer chunk flush {"page":"agent 1","path":"pages/page-001-agent/layers/layers-050.json","chunkIndex":50,"records":16,"bytes":38401,"processedNodes":1565,"transfer":{"transferId":"export-1779262727345-7949022959725411","filename":"mastergo2figma-partial-pages-part-001-of-001-segment-001-agent-2026-05-20T07-38-47-345Z.zip","fileIndex":49,"postedChunks":1003,"streamedBytes":1879674}}
chunk-libs.ca58d924.js:127 [MasterGo2Figma] Layer chunk flush {"page":"agent 1","path":"pages/page-001-agent/layers/layers-100.json","chunkIndex":100,"records":16,"bytes":27197,"processedNodes":3194,"transfer":{"transferId":"export-1779262727345-7949022959725411","filename":"mastergo2figma-partial-pages-part-001-of-001-segment-001-agent-2026-05-20T07-38-47-345Z.zip","fileIndex":99,"postedChunks":1945,"streamedBytes":3436511}}
chunk-libs.ca58d924.js:127 [MasterGo2Figma] Large layer record {"page":"agent","node":"联集 56 (PEN, 72:19436)","recordBytes":73022,"chunkBytes":25372,"chunkRecords":13,"complexity":{"name":"联集 56","message":"","stack":"[Stack Hidden]"},"transfer":{"transferId":"export-1779262727345-7949022959725411","filename":"mastergo2figma-partial-pages-part-001-of-001-segment-001-agent-2026-05-20T07-38-47-345Z.zip","fileIndex":103,"postedChunks":2027,"streamedBytes":3575310}}
(anonymous) @ chunk-libs.ca58d924.js:127
(anonymous) @ app.cbca4f39.js:1
(anonymous) @ vendors~mg-plugin.3cc39455.js:1
A.withScope @ vendors~mg-plugin.3cc39455.js:1
A.cToHostCallbackFunction @ vendors~mg-plugin.3cc39455.js:1
A.cToHostCallbackFunction @ vendors~mg-plugin.3cc39455.js:1
$func806 @ 00284a2a:0x856b8
$func573 @ 00284a2a:0x6b75e
$func24 @ 00284a2a:0x3404
$func24 @ 00284a2a:0x5327
$func24 @ 00284a2a:0x51b1
$func556 @ 00284a2a:0x6a4c2
$func562 @ 00284a2a:0x6ac14
$func24 @ 00284a2a:0x3404
$func24 @ 00284a2a:0x5327
$func712 @ 00284a2a:0x7c38d
$X @ 00284a2a:0x7def0
E._QTS_ExecutePendingJob @ vendors~mg-plugin.3cc39455.js:1
A.executePendingJobs @ vendors~mg-plugin.3cc39455.js:1
(anonymous) @ app.cbca4f39.js:1
Promise.then (async)
executePendingJobs @ app.cbca4f39.js:1
(anonymous) @ app.cbca4f39.js:1
i @ chunk-libs.ca58d924.js:5
setTimeout (async)
(anonymous) @ chunk-libs.ca58d924.js:5
(anonymous) @ app.cbca4f39.js:1
(anonymous) @ vendors~mg-plugin.3cc39455.js:1
A.withScope @ vendors~mg-plugin.3cc39455.js:1
A.cToHostCallbackFunction @ vendors~mg-plugin.3cc39455.js:1
A.cToHostCallbackFunction @ vendors~mg-plugin.3cc39455.js:1
$func806 @ 00284a2a:0x856b8
$func573 @ 00284a2a:0x6b75e
$func24 @ 00284a2a:0x3404
$func24 @ 00284a2a:0x51b1
$func457 @ 00284a2a:0x609f5
$func562 @ 00284a2a:0x6ac4e
$func83 @ 00284a2a:0x16013
$func24 @ 00284a2a:0x5271
$func24 @ 00284a2a:0x51b1
$func556 @ 00284a2a:0x6a4c2
$func562 @ 00284a2a:0x6ac14
$func24 @ 00284a2a:0x3404
$func24 @ 00284a2a:0x5327
$func457 @ 00284a2a:0x609f5
$func562 @ 00284a2a:0x6ac4e
$func83 @ 00284a2a:0x16013
$func24 @ 00284a2a:0x5271
$func24 @ 00284a2a:0x51b1
$func24 @ 00284a2a:0x51b1
$func556 @ 00284a2a:0x6a4c2
$func562 @ 00284a2a:0x6ac14
$func24 @ 00284a2a:0x3404
$func24 @ 00284a2a:0x5327
$func712 @ 00284a2a:0x7c38d
$X @ 00284a2a:0x7def0
E._QTS_ExecutePendingJob @ vendors~mg-plugin.3cc39455.js:1
A.executePendingJobs @ vendors~mg-plugin.3cc39455.js:1
(anonymous) @ app.cbca4f39.js:1
Promise.then (async)
executePendingJobs @ app.cbca4f39.js:1
i @ app.cbca4f39.js:1
c @ app.cbca4f39.js:1
Ns.handlePluginMessage @ app.cbca4f39.js:1
i @ chunk-libs.ca58d924.js:5
postMessage (async)
(anonymous) @ plugin-sandbox.html:26
postMessage (async)
send @ VM293:31
acknowledgeLocalRelayFile @ VM293:536
await in acknowledgeLocalRelayFile (async)
window.onmessage @ VM293:891
postMessage (async)
postMessage @ app.cbca4f39.js:1
(anonymous) @ app.cbca4f39.js:1
(anonymous) @ app.cbca4f39.js:14
(anonymous) @ vendors~mg-plugin.3cc39455.js:1
A.withScope @ vendors~mg-plugin.3cc39455.js:1
A.cToHostCallbackFunction @ vendors~mg-plugin.3cc39455.js:1
A.cToHostCallbackFunction @ vendors~mg-plugin.3cc39455.js:1
$func806 @ 00284a2a:0x856b8
$func573 @ 00284a2a:0x6b75e
$func24 @ 00284a2a:0x3404
$func24 @ 00284a2a:0x5327
$func24 @ 00284a2a:0x51b1
$func556 @ 00284a2a:0x6a4c2
$func562 @ 00284a2a:0x6ac14
$func24 @ 00284a2a:0x3404
$func24 @ 00284a2a:0x5327
$func712 @ 00284a2a:0x7c38d
$X @ 00284a2a:0x7def0
E._QTS_ExecutePendingJob @ vendors~mg-plugin.3cc39455.js:1
A.executePendingJobs @ vendors~mg-plugin.3cc39455.js:1
(anonymous) @ app.cbca4f39.js:1
Promise.then (async)
executePendingJobs @ app.cbca4f39.js:1
(anonymous) @ app.cbca4f39.js:1
i @ chunk-libs.ca58d924.js:5
setTimeout (async)
(anonymous) @ chunk-libs.ca58d924.js:5
(anonymous) @ app.cbca4f39.js:1
(anonymous) @ vendors~mg-plugin.3cc39455.js:1
A.withScope @ vendors~mg-plugin.3cc39455.js:1
A.cToHostCallbackFunction @ vendors~mg-plugin.3cc39455.js:1
A.cToHostCallbackFunction @ vendors~mg-plugin.3cc39455.js:1
$func806 @ 00284a2a:0x856b8
$func573 @ 00284a2a:0x6b75e
$func24 @ 00284a2a:0x3404
$func24 @ 00284a2a:0x51b1
$func457 @ 00284a2a:0x609f5
$func562 @ 00284a2a:0x6ac4e
$func83 @ 00284a2a:0x16013
$func24 @ 00284a2a:0x5271
$func24 @ 00284a2a:0x51b1
$func556 @ 00284a2a:0x6a4c2
$func562 @ 00284a2a:0x6ac14
$func24 @ 00284a2a:0x3404
$func24 @ 00284a2a:0x5327
$func457 @ 00284a2a:0x609f5
$func562 @ 00284a2a:0x6ac4e
$func83 @ 00284a2a:0x16013
$func24 @ 00284a2a:0x5271
$func24 @ 00284a2a:0x51b1
$func24 @ 00284a2a:0x51b1
$func556 @ 00284a2a:0x6a4c2
$func562 @ 00284a2a:0x6ac14
$func24 @ 00284a2a:0x3404
$func24 @ 00284a2a:0x5327
$func712 @ 00284a2a:0x7c38d
$X @ 00284a2a:0x7def0
E._QTS_ExecutePendingJob @ vendors~mg-plugin.3cc39455.js:1
A.executePendingJobs @ vendors~mg-plugin.3cc39455.js:1
(anonymous) @ app.cbca4f39.js:1
Promise.then (async)
executePendingJobs @ app.cbca4f39.js:1
(anonymous) @ app.cbca4f39.js:1
i @ chunk-libs.ca58d924.js:5
setTimeout (async)
(anonymous) @ chunk-libs.ca58d924.js:5
(anonymous) @ app.cbca4f39.js:1
(anonymous) @ vendors~mg-plugin.3cc39455.js:1
A.withScope @ vendors~mg-plugin.3cc39455.js:1
A.cToHostCallbackFunction @ vendors~mg-plugin.3cc39455.js:1
A.cToHostCallbackFunction @ vendors~mg-plugin.3cc39455.js:1
$func806 @ 00284a2a:0x856b8
$func573 @ 00284a2a:0x6b75e
$func24 @ 00284a2a:0x3404
$func24 @ 00284a2a:0x51b1
$func457 @ 00284a2a:0x609f5
$func562 @ 00284a2a:0x6ac4e
$func83 @ 00284a2a:0x16013
$func24 @ 00284a2a:0x5271
$func24 @ 00284a2a:0x51b1
$func556 @ 00284a2a:0x6a4c2
$func562 @ 00284a2a:0x6ac14
$func24 @ 00284a2a:0x3404
$func24 @ 00284a2a:0x5327
$func457 @ 00284a2a:0x609f5
$func562 @ 00284a2a:0x6ac4e
$func83 @ 00284a2a:0x16013
$func24 @ 00284a2a:0x5271
$func24 @ 00284a2a:0x51b1
$func24 @ 00284a2a:0x51b1
$func556 @ 00284a2a:0x6a4c2
$func562 @ 00284a2a:0x6ac14
$func24 @ 00284a2a:0x3404
$func24 @ 00284a2a:0x5327
$func712 @ 00284a2a:0x7c38d
$X @ 00284a2a:0x7def0
E._QTS_ExecutePendingJob @ vendors~mg-plugin.3cc39455.js:1
A.executePendingJobs @ vendors~mg-plugin.3cc39455.js:1
(anonymous) @ app.cbca4f39.js:1
Promise.then (async)
executePendingJobs @ app.cbca4f39.js:1
i @ app.cbca4f39.js:1
c @ app.cbca4f39.js:1
Ns.handlePluginMessage @ app.cbca4f39.js:1
i @ chunk-libs.ca58d924.js:5
postMessage (async)
(anonymous) @ plugin-sandbox.html:26
postMessage (async)
send @ VM293:31
acknowledgeLocalRelayFile @ VM293:536
await in acknowledgeLocalRelayFile (async)
window.onmessage @ VM293:891
postMessage (async)
postMessage @ app.cbca4f39.js:1
(anonymous) @ app.cbca4f39.js:1
(anonymous) @ app.cbca4f39.js:14
(anonymous) @ vendors~mg-plugin.3cc39455.js:1
A.withScope @ vendors~mg-plugin.3cc39455.js:1
A.cToHostCallbackFunction @ vendors~mg-plugin.3cc39455.js:1
A.cToHostCallbackFunction @ vendors~mg-plugin.3cc39455.js:1
$func806 @ 00284a2a:0x856b8
$func573 @ 00284a2a:0x6b75e
$func24 @ 00284a2a:0x3404
$func24 @ 00284a2a:0x5327
$func24 @ 00284a2a:0x51b1
$func556 @ 00284a2a:0x6a4c2
$func562 @ 00284a2a:0x6ac14
$func24 @ 00284a2a:0x3404
$func24 @ 00284a2a:0x5327
$func712 @ 00284a2a:0x7c38d
$X @ 00284a2a:0x7def0
E._QTS_ExecutePendingJob @ vendors~mg-plugin.3cc39455.js:1
A.executePendingJobs @ vendors~mg-plugin.3cc39455.js:1
(anonymous) @ app.cbca4f39.js:1
Promise.then (async)
executePendingJobs @ app.cbca4f39.js:1
(anonymous) @ app.cbca4f39.js:1
i @ chunk-libs.ca58d924.js:5
setTimeout (async)
(anonymous) @ chunk-libs.ca58d924.js:5
(anonymous) @ app.cbca4f39.js:1
(anonymous) @ vendors~mg-plugin.3cc39455.js:1
A.withScope @ vendors~mg-plugin.3cc39455.js:1
A.cToHostCallbackFunction @ vendors~mg-plugin.3cc39455.js:1
A.cToHostCallbackFunction @ vendors~mg-plugin.3cc39455.js:1
$func806 @ 00284a2a:0x856b8
$func573 @ 00284a2a:0x6b75e
$func24 @ 00284a2a:0x3404
$func24 @ 00284a2a:0x51b1
$func457 @ 00284a2a:0x609f5
$func562 @ 00284a2a:0x6ac4e
$func83 @ 00284a2a:0x16013
$func24 @ 00284a2a:0x5271
$func24 @ 00284a2a:0x51b1
$func556 @ 00284a2a:0x6a4c2
$func562 @ 00284a2a:0x6ac14
$func24 @ 00284a2a:0x3404
$func24 @ 00284a2a:0x5327
$func712 @ 00284a2a:0x7c38d
$X @ 00284a2a:0x7def0
E._QTS_ExecutePendingJob @ vendors~mg-plugin.3cc39455.js:1
A.executePendingJobs @ vendors~mg-plugin.3cc39455.js:1
(anonymous) @ app.cbca4f39.js:1
Promise.then (async)
executePendingJobs @ app.cbca4f39.js:1
i @ app.cbca4f39.js:1
c @ app.cbca4f39.js:1
Ns.handlePluginMessage @ app.cbca4f39.js:1
i @ chunk-libs.ca58d924.js:5
postMessage (async)
(anonymous) @ plugin-sandbox.html:26
postMessage (async)
send @ VM293:31
acknowledgeLocalRelayFile @ VM293:536
await in acknowledgeLocalRelayFile (async)
window.onmessage @ VM293:891
postMessage (async)
postMessage @ app.cbca4f39.js:1
(anonymous) @ app.cbca4f39.js:1
(anonymous) @ app.cbca4f39.js:14
(anonymous) @ vendors~mg-plugin.3cc39455.js:1
A.withScope @ vendors~mg-plugin.3cc39455.js:1
A.cToHostCallbackFunction @ vendors~mg-plugin.3cc39455.js:1
A.cToHostCallbackFunction @ vendors~mg-plugin.3cc39455.js:1
$func806 @ 00284a2a:0x856b8
$func573 @ 00284a2a:0x6b75e
$func24 @ 00284a2a:0x3404
$func24 @ 00284a2a:0x5327
$func24 @ 00284a2a:0x51b1
$func556 @ 00284a2a:0x6a4c2
$func562 @ 00284a2a:0x6ac14
$func24 @ 00284a2a:0x3404
$func24 @ 00284a2a:0x5327
$func712 @ 00284a2a:0x7c38d
$X @ 00284a2a:0x7def0
E._QTS_ExecutePendingJob @ vendors~mg-plugin.3cc39455.js:1
A.executePendingJobs @ vendors~mg-plugin.3cc39455.js:1
(anonymous) @ app.cbca4f39.js:1
Promise.then (async)
executePendingJobs @ app.cbca4f39.js:1
(anonymous) @ app.cbca4f39.js:1
i @ chunk-libs.ca58d924.js:5
setTimeout (async)
(anonymous) @ chunk-libs.ca58d924.js:5
(anonymous) @ app.cbca4f39.js:1
(anonymous) @ vendors~mg-plugin.3cc39455.js:1
A.withScope @ vendors~mg-plugin.3cc39455.js:1
A.cToHostCallbackFunction @ vendors~mg-plugin.3cc39455.js:1
A.cToHostCallbackFunction @ vendors~mg-plugin.3cc39455.js:1
$func806 @ 00284a2a:0x856b8
$func573 @ 00284a2a:0x6b75e
$func24 @ 00284a2a:0x3404
$func24 @ 00284a2a:0x51b1
$func457 @ 00284a2a:0x609f5
$func562 @ 00284a2a:0x6ac4e
$func83 @ 00284a2a:0x16013
$func24 @ 00284a2a:0x5271
$func24 @ 00284a2a:0x51b1
$func556 @ 00284a2a:0x6a4c2
$func562 @ 00284a2a:0x6ac14
$func24 @ 00284a2a:0x3404
$func24 @ 00284a2a:0x5327
$func457 @ 00284a2a:0x609f5
$func562 @ 00284a2a:0x6ac4e
$func83 @ 00284a2a:0x16013
$func24 @ 00284a2a:0x5271
$func24 @ 00284a2a:0x51b1
$func24 @ 00284a2a:0x51b1
$func556 @ 00284a2a:0x6a4c2
$func562 @ 00284a2a:0x6ac14
$func24 @ 00284a2a:0x3404
$func24 @ 00284a2a:0x5327
$func712 @ 00284a2a:0x7c38d
$X @ 00284a2a:0x7def0
E._QTS_ExecutePendingJob @ vendors~mg-plugin.3cc39455.js:1
A.executePendingJobs @ vendors~mg-plugin.3cc39455.js:1
(anonymous) @ app.cbca4f39.js:1
Promise.then (async)
executePendingJobs @ app.cbca4f39.js:1
(anonymous) @ app.cbca4f39.js:1
i @ chunk-libs.ca58d924.js:5
setTimeout (async)
(anonymous) @ chunk-libs.ca58d924.js:5
(anonymous) @ app.cbca4f39.js:1
(anonymous) @ vendors~mg-plugin.3cc39455.js:1
A.withScope @ vendors~mg-plugin.3cc39455.js:1
A.cToHostCallbackFunction @ vendors~mg-plugin.3cc39455.js:1
A.cToHostCallbackFunction @ vendors~mg-plugin.3cc39455.js:1
$func806 @ 00284a2a:0x856b8
$func573 @ 00284a2a:0x6b75e
$func24 @ 00284a2a:0x3404
$func24 @ 00284a2a:0x51b1
$func457 @ 00284a2a:0x609f5
$func562 @ 00284a2a:0x6ac4e
$func83 @ 00284a2a:0x16013
$func24 @ 00284a2a:0x5271
$func24 @ 00284a2a:0x51b1
$func556 @ 00284a2a:0x6a4c2
$func562 @ 00284a2a:0x6ac14
$func24 @ 00284a2a:0x3404
$func24 @ 00284a2a:0x5327
$func457 @ 00284a2a:0x609f5
$func562 @ 00284a2a:0x6ac4e
$func83 @ 00284a2a:0x16013
$func24 @ 00284a2a:0x5271
$func24 @ 00284a2a:0x51b1
$func24 @ 00284a2a:0x51b1
$func556 @ 00284a2a:0x6a4c2
$func562 @ 00284a2a:0x6ac14
$func24 @ 00284a2a:0x3404
$func24 @ 00284a2a:0x5327
$func712 @ 00284a2a:0x7c38d
$X @ 00284a2a:0x7def0
E._QTS_ExecutePendingJob @ vendors~mg-plugin.3cc39455.js:1
A.executePendingJobs @ vendors~mg-plugin.3cc39455.js:1
(anonymous) @ app.cbca4f39.js:1
Promise.then (async)
executePendingJobs @ app.cbca4f39.js:1
i @ app.cbca4f39.js:1
c @ app.cbca4f39.js:1
Ns.handlePluginMessage @ app.cbca4f39.js:1
i @ chunk-libs.ca58d924.js:5
postMessage (async)
(anonymous) @ plugin-sandbox.html:26
postMessage (async)
send @ VM293:31
acknowledgeLocalRelayFile @ VM293:536
await in acknowledgeLocalRelayFile (async)
window.onmessage @ VM293:891
postMessage (async)
postMessage @ app.cbca4f39.js:1
(anonymous) @ app.cbca4f39.js:1
(anonymous) @ app.cbca4f39.js:14
(anonymous) @ vendors~mg-plugin.3cc39455.js:1
A.withScope @ vendors~mg-plugin.3cc39455.js:1
A.cToHostCallbackFunction @ vendors~mg-plugin.3cc39455.js:1
A.cToHostCallbackFunction @ vendors~mg-plugin.3cc39455.js:1
$func806 @ 00284a2a:0x856b8
$func573 @ 00284a2a:0x6b75e
$func24 @ 00284a2a:0x3404
$func24 @ 00284a2a:0x5327
$func24 @ 00284a2a:0x51b1
$func556 @ 00284a2a:0x6a4c2
$func562 @ 00284a2a:0x6ac14
$func24 @ 00284a2a:0x3404
$func24 @ 00284a2a:0x5327
$func712 @ 00284a2a:0x7c38d
$X @ 00284a2a:0x7def0
E._QTS_ExecutePendingJob @ vendors~mg-plugin.3cc39455.js:1
A.executePendingJobs @ vendors~mg-plugin.3cc39455.js:1
(anonymous) @ app.cbca4f39.js:1
chunk-libs.ca58d924.js:127 [MasterGo2Figma] Single layer record exceeds chunk byte target {"recordBytes":73022,"chunkMaxBytes":65536,"page":"agent 1","transfer":{"transferId":"export-1779262727345-7949022959725411","filename":"mastergo2figma-partial-pages-part-001-of-001-segment-001-agent-2026-05-20T07-38-47-345Z.zip","fileIndex":103,"postedChunks":2027,"streamedBytes":3575310}}
(anonymous) @ chunk-libs.ca58d924.js:127
(anonymous) @ app.cbca4f39.js:1
(anonymous) @ vendors~mg-plugin.3cc39455.js:1
A.withScope @ vendors~mg-plugin.3cc39455.js:1
A.cToHostCallbackFunction @ vendors~mg-plugin.3cc39455.js:1
A.cToHostCallbackFunction @ vendors~mg-plugin.3cc39455.js:1
$func806 @ 00284a2a:0x856b8
$func573 @ 00284a2a:0x6b75e
$func24 @ 00284a2a:0x3404
$func24 @ 00284a2a:0x5327
$func24 @ 00284a2a:0x51b1
$func556 @ 00284a2a:0x6a4c2
$func562 @ 00284a2a:0x6ac14
$func24 @ 00284a2a:0x3404
$func24 @ 00284a2a:0x5327
$func457 @ 00284a2a:0x609f5
$func562 @ 00284a2a:0x6ac4e
$func83 @ 00284a2a:0x16013
$func24 @ 00284a2a:0x5271
$func24 @ 00284a2a:0x51b1
$func24 @ 00284a2a:0x51b1
$func556 @ 00284a2a:0x6a4c2
$func562 @ 00284a2a:0x6ac14
$func24 @ 00284a2a:0x3404
$func24 @ 00284a2a:0x5327
$func712 @ 00284a2a:0x7c38d
$X @ 00284a2a:0x7def0
E._QTS_ExecutePendingJob @ vendors~mg-plugin.3cc39455.js:1
A.executePendingJobs @ vendors~mg-plugin.3cc39455.js:1
(anonymous) @ app.cbca4f39.js:1
Promise.then (async)
executePendingJobs @ app.cbca4f39.js:1
(anonymous) @ app.cbca4f39.js:1
i @ chunk-libs.ca58d924.js:5
setTimeout (async)
(anonymous) @ chunk-libs.ca58d924.js:5
(anonymous) @ app.cbca4f39.js:1
(anonymous) @ vendors~mg-plugin.3cc39455.js:1
A.withScope @ vendors~mg-plugin.3cc39455.js:1
A.cToHostCallbackFunction @ vendors~mg-plugin.3cc39455.js:1
A.cToHostCallbackFunction @ vendors~mg-plugin.3cc39455.js:1
$func806 @ 00284a2a:0x856b8
$func573 @ 00284a2a:0x6b75e
$func24 @ 00284a2a:0x3404
$func24 @ 00284a2a:0x51b1
$func457 @ 00284a2a:0x609f5
$func562 @ 00284a2a:0x6ac4e
$func83 @ 00284a2a:0x16013
$func24 @ 00284a2a:0x5271
$func24 @ 00284a2a:0x51b1
$func556 @ 00284a2a:0x6a4c2
$func562 @ 00284a2a:0x6ac14
$func24 @ 00284a2a:0x3404
$func24 @ 00284a2a:0x5327
$func457 @ 00284a2a:0x609f5
$func562 @ 00284a2a:0x6ac4e
$func83 @ 00284a2a:0x16013
$func24 @ 00284a2a:0x5271
$func24 @ 00284a2a:0x51b1
$func24 @ 00284a2a:0x51b1
$func556 @ 00284a2a:0x6a4c2
$func562 @ 00284a2a:0x6ac14
$func24 @ 00284a2a:0x3404
$func24 @ 00284a2a:0x5327
$func712 @ 00284a2a:0x7c38d
$X @ 00284a2a:0x7def0
E._QTS_ExecutePendingJob @ vendors~mg-plugin.3cc39455.js:1
A.executePendingJobs @ vendors~mg-plugin.3cc39455.js:1
(anonymous) @ app.cbca4f39.js:1
Promise.then (async)
executePendingJobs @ app.cbca4f39.js:1
i @ app.cbca4f39.js:1
c @ app.cbca4f39.js:1
Ns.handlePluginMessage @ app.cbca4f39.js:1
i @ chunk-libs.ca58d924.js:5
postMessage (async)
(anonymous) @ plugin-sandbox.html:26
postMessage (async)
send @ VM293:31
acknowledgeLocalRelayFile @ VM293:536
await in acknowledgeLocalRelayFile (async)
window.onmessage @ VM293:891
postMessage (async)
postMessage @ app.cbca4f39.js:1
(anonymous) @ app.cbca4f39.js:1
(anonymous) @ app.cbca4f39.js:14
(anonymous) @ vendors~mg-plugin.3cc39455.js:1
A.withScope @ vendors~mg-plugin.3cc39455.js:1
A.cToHostCallbackFunction @ vendors~mg-plugin.3cc39455.js:1
A.cToHostCallbackFunction @ vendors~mg-plugin.3cc39455.js:1
$func806 @ 00284a2a:0x856b8
$func573 @ 00284a2a:0x6b75e
$func24 @ 00284a2a:0x3404
$func24 @ 00284a2a:0x5327
$func24 @ 00284a2a:0x51b1
$func556 @ 00284a2a:0x6a4c2
$func562 @ 00284a2a:0x6ac14
$func24 @ 00284a2a:0x3404
$func24 @ 00284a2a:0x5327
$func712 @ 00284a2a:0x7c38d
$X @ 00284a2a:0x7def0
E._QTS_ExecutePendingJob @ vendors~mg-plugin.3cc39455.js:1
A.executePendingJobs @ vendors~mg-plugin.3cc39455.js:1
(anonymous) @ app.cbca4f39.js:1
Promise.then (async)
executePendingJobs @ app.cbca4f39.js:1
(anonymous) @ app.cbca4f39.js:1
i @ chunk-libs.ca58d924.js:5
setTimeout (async)
(anonymous) @ chunk-libs.ca58d924.js:5
(anonymous) @ app.cbca4f39.js:1
(anonymous) @ vendors~mg-plugin.3cc39455.js:1
A.withScope @ vendors~mg-plugin.3cc39455.js:1
A.cToHostCallbackFunction @ vendors~mg-plugin.3cc39455.js:1
A.cToHostCallbackFunction @ vendors~mg-plugin.3cc39455.js:1
$func806 @ 00284a2a:0x856b8
$func573 @ 00284a2a:0x6b75e
$func24 @ 00284a2a:0x3404
$func24 @ 00284a2a:0x51b1
$func457 @ 00284a2a:0x609f5
$func562 @ 00284a2a:0x6ac4e
$func83 @ 00284a2a:0x16013
$func24 @ 00284a2a:0x5271
$func24 @ 00284a2a:0x51b1
$func556 @ 00284a2a:0x6a4c2
$func562 @ 00284a2a:0x6ac14
$func24 @ 00284a2a:0x3404
$func24 @ 00284a2a:0x5327
$func457 @ 00284a2a:0x609f5
$func562 @ 00284a2a:0x6ac4e
$func83 @ 00284a2a:0x16013
$func24 @ 00284a2a:0x5271
$func24 @ 00284a2a:0x51b1
$func24 @ 00284a2a:0x51b1
$func556 @ 00284a2a:0x6a4c2
$func562 @ 00284a2a:0x6ac14
$func24 @ 00284a2a:0x3404
$func24 @ 00284a2a:0x5327
$func712 @ 00284a2a:0x7c38d
$X @ 00284a2a:0x7def0
E._QTS_ExecutePendingJob @ vendors~mg-plugin.3cc39455.js:1
A.executePendingJobs @ vendors~mg-plugin.3cc39455.js:1
(anonymous) @ app.cbca4f39.js:1
Promise.then (async)
executePendingJobs @ app.cbca4f39.js:1
(anonymous) @ app.cbca4f39.js:1
i @ chunk-libs.ca58d924.js:5
setTimeout (async)
(anonymous) @ chunk-libs.ca58d924.js:5
(anonymous) @ app.cbca4f39.js:1
(anonymous) @ vendors~mg-plugin.3cc39455.js:1
A.withScope @ vendors~mg-plugin.3cc39455.js:1
A.cToHostCallbackFunction @ vendors~mg-plugin.3cc39455.js:1
A.cToHostCallbackFunction @ vendors~mg-plugin.3cc39455.js:1
$func806 @ 00284a2a:0x856b8
$func573 @ 00284a2a:0x6b75e
$func24 @ 00284a2a:0x3404
$func24 @ 00284a2a:0x51b1
$func457 @ 00284a2a:0x609f5
$func562 @ 00284a2a:0x6ac4e
$func83 @ 00284a2a:0x16013
$func24 @ 00284a2a:0x5271
$func24 @ 00284a2a:0x51b1
$func556 @ 00284a2a:0x6a4c2
$func562 @ 00284a2a:0x6ac14
$func24 @ 00284a2a:0x3404
$func24 @ 00284a2a:0x5327
$func457 @ 00284a2a:0x609f5
$func562 @ 00284a2a:0x6ac4e
$func83 @ 00284a2a:0x16013
$func24 @ 00284a2a:0x5271
$func24 @ 00284a2a:0x51b1
$func24 @ 00284a2a:0x51b1
$func556 @ 00284a2a:0x6a4c2
$func562 @ 00284a2a:0x6ac14
$func24 @ 00284a2a:0x3404
$func24 @ 00284a2a:0x5327
$func712 @ 00284a2a:0x7c38d
$X @ 00284a2a:0x7def0
E._QTS_ExecutePendingJob @ vendors~mg-plugin.3cc39455.js:1
A.executePendingJobs @ vendors~mg-plugin.3cc39455.js:1
(anonymous) @ app.cbca4f39.js:1
Promise.then (async)
executePendingJobs @ app.cbca4f39.js:1
i @ app.cbca4f39.js:1
c @ app.cbca4f39.js:1
Ns.handlePluginMessage @ app.cbca4f39.js:1
i @ chunk-libs.ca58d924.js:5
postMessage (async)
(anonymous) @ plugin-sandbox.html:26
postMessage (async)
send @ VM293:31
acknowledgeLocalRelayFile @ VM293:536
await in acknowledgeLocalRelayFile (async)
window.onmessage @ VM293:891
postMessage (async)
postMessage @ app.cbca4f39.js:1
(anonymous) @ app.cbca4f39.js:1
(anonymous) @ app.cbca4f39.js:14
(anonymous) @ vendors~mg-plugin.3cc39455.js:1
A.withScope @ vendors~mg-plugin.3cc39455.js:1
A.cToHostCallbackFunction @ vendors~mg-plugin.3cc39455.js:1
A.cToHostCallbackFunction @ vendors~mg-plugin.3cc39455.js:1
$func806 @ 00284a2a:0x856b8
$func573 @ 00284a2a:0x6b75e
$func24 @ 00284a2a:0x3404
$func24 @ 00284a2a:0x5327
$func24 @ 00284a2a:0x51b1
$func556 @ 00284a2a:0x6a4c2
$func562 @ 00284a2a:0x6ac14
$func24 @ 00284a2a:0x3404
$func24 @ 00284a2a:0x5327
$func712 @ 00284a2a:0x7c38d
$X @ 00284a2a:0x7def0
E._QTS_ExecutePendingJob @ vendors~mg-plugin.3cc39455.js:1
A.executePendingJobs @ vendors~mg-plugin.3cc39455.js:1
(anonymous) @ app.cbca4f39.js:1
Promise.then (async)
executePendingJobs @ app.cbca4f39.js:1
(anonymous) @ app.cbca4f39.js:1
i @ chunk-libs.ca58d924.js:5
setTimeout (async)
(anonymous) @ chunk-libs.ca58d924.js:5
(anonymous) @ app.cbca4f39.js:1
(anonymous) @ vendors~mg-plugin.3cc39455.js:1
A.withScope @ vendors~mg-plugin.3cc39455.js:1
A.cToHostCallbackFunction @ vendors~mg-plugin.3cc39455.js:1
A.cToHostCallbackFunction @ vendors~mg-plugin.3cc39455.js:1
$func806 @ 00284a2a:0x856b8
$func573 @ 00284a2a:0x6b75e
$func24 @ 00284a2a:0x3404
$func24 @ 00284a2a:0x51b1
$func457 @ 00284a2a:0x609f5
$func562 @ 00284a2a:0x6ac4e
$func83 @ 00284a2a:0x16013
$func24 @ 00284a2a:0x5271
$func24 @ 00284a2a:0x51b1
$func556 @ 00284a2a:0x6a4c2
$func562 @ 00284a2a:0x6ac14
$func24 @ 00284a2a:0x3404
$func24 @ 00284a2a:0x5327
$func712 @ 00284a2a:0x7c38d
$X @ 00284a2a:0x7def0
E._QTS_ExecutePendingJob @ vendors~mg-plugin.3cc39455.js:1
A.executePendingJobs @ vendors~mg-plugin.3cc39455.js:1
(anonymous) @ app.cbca4f39.js:1
Promise.then (async)
executePendingJobs @ app.cbca4f39.js:1
i @ app.cbca4f39.js:1
c @ app.cbca4f39.js:1
Ns.handlePluginMessage @ app.cbca4f39.js:1
i @ chunk-libs.ca58d924.js:5
postMessage (async)
(anonymous) @ plugin-sandbox.html:26
postMessage (async)
send @ VM293:31
acknowledgeLocalRelayFile @ VM293:536
await in acknowledgeLocalRelayFile (async)
window.onmessage @ VM293:891
postMessage (async)
postMessage @ app.cbca4f39.js:1
(anonymous) @ app.cbca4f39.js:1
(anonymous) @ app.cbca4f39.js:14
(anonymous) @ vendors~mg-plugin.3cc39455.js:1
A.withScope @ vendors~mg-plugin.3cc39455.js:1
A.cToHostCallbackFunction @ vendors~mg-plugin.3cc39455.js:1
A.cToHostCallbackFunction @ vendors~mg-plugin.3cc39455.js:1
$func806 @ 00284a2a:0x856b8
$func573 @ 00284a2a:0x6b75e
$func24 @ 00284a2a:0x3404
$func24 @ 00284a2a:0x5327
$func24 @ 00284a2a:0x51b1
$func556 @ 00284a2a:0x6a4c2
$func562 @ 00284a2a:0x6ac14
$func24 @ 00284a2a:0x3404
$func24 @ 00284a2a:0x5327
$func712 @ 00284a2a:0x7c38d
$X @ 00284a2a:0x7def0
E._QTS_ExecutePendingJob @ vendors~mg-plugin.3cc39455.js:1
A.executePendingJobs @ vendors~mg-plugin.3cc39455.js:1
(anonymous) @ app.cbca4f39.js:1
Promise.then (async)
executePendingJobs @ app.cbca4f39.js:1
(anonymous) @ app.cbca4f39.js:1
i @ chunk-libs.ca58d924.js:5
setTimeout (async)
(anonymous) @ chunk-libs.ca58d924.js:5
(anonymous) @ app.cbca4f39.js:1
(anonymous) @ vendors~mg-plugin.3cc39455.js:1
A.withScope @ vendors~mg-plugin.3cc39455.js:1
A.cToHostCallbackFunction @ vendors~mg-plugin.3cc39455.js:1
A.cToHostCallbackFunction @ vendors~mg-plugin.3cc39455.js:1
$func806 @ 00284a2a:0x856b8
$func573 @ 00284a2a:0x6b75e
$func24 @ 00284a2a:0x3404
$func24 @ 00284a2a:0x51b1
$func457 @ 00284a2a:0x609f5
$func562 @ 00284a2a:0x6ac4e
$func83 @ 00284a2a:0x16013
$func24 @ 00284a2a:0x5271
$func24 @ 00284a2a:0x51b1
$func556 @ 00284a2a:0x6a4c2
$func562 @ 00284a2a:0x6ac14
$func24 @ 00284a2a:0x3404
$func24 @ 00284a2a:0x5327
$func457 @ 00284a2a:0x609f5
$func562 @ 00284a2a:0x6ac4e
$func83 @ 00284a2a:0x16013
$func24 @ 00284a2a:0x5271
$func24 @ 00284a2a:0x51b1
$func24 @ 00284a2a:0x51b1
$func556 @ 00284a2a:0x6a4c2
$func562 @ 00284a2a:0x6ac14
$func24 @ 00284a2a:0x3404
$func24 @ 00284a2a:0x5327
$func712 @ 00284a2a:0x7c38d
$X @ 00284a2a:0x7def0
E._QTS_ExecutePendingJob @ vendors~mg-plugin.3cc39455.js:1
A.executePendingJobs @ vendors~mg-plugin.3cc39455.js:1
(anonymous) @ app.cbca4f39.js:1
Promise.then (async)
executePendingJobs @ app.cbca4f39.js:1
(anonymous) @ app.cbca4f39.js:1
i @ chunk-libs.ca58d924.js:5
setTimeout (async)
(anonymous) @ chunk-libs.ca58d924.js:5
(anonymous) @ app.cbca4f39.js:1
(anonymous) @ vendors~mg-plugin.3cc39455.js:1
A.withScope @ vendors~mg-plugin.3cc39455.js:1
A.cToHostCallbackFunction @ vendors~mg-plugin.3cc39455.js:1
A.cToHostCallbackFunction @ vendors~mg-plugin.3cc39455.js:1
$func806 @ 00284a2a:0x856b8
$func573 @ 00284a2a:0x6b75e
$func24 @ 00284a2a:0x3404
$func24 @ 00284a2a:0x51b1
$func457 @ 00284a2a:0x609f5
$func562 @ 00284a2a:0x6ac4e
$func83 @ 00284a2a:0x16013
$func24 @ 00284a2a:0x5271
$func24 @ 00284a2a:0x51b1
$func556 @ 00284a2a:0x6a4c2
$func562 @ 00284a2a:0x6ac14
$func24 @ 00284a2a:0x3404
$func24 @ 00284a2a:0x5327
$func457 @ 00284a2a:0x609f5
$func562 @ 00284a2a:0x6ac4e
$func83 @ 00284a2a:0x16013
$func24 @ 00284a2a:0x5271
$func24 @ 00284a2a:0x51b1
$func24 @ 00284a2a:0x51b1
$func556 @ 00284a2a:0x6a4c2
$func562 @ 00284a2a:0x6ac14
$func24 @ 00284a2a:0x3404
$func24 @ 00284a2a:0x5327
$func712 @ 00284a2a:0x7c38d
$X @ 00284a2a:0x7def0
E._QTS_ExecutePendingJob @ vendors~mg-plugin.3cc39455.js:1
A.executePendingJobs @ vendors~mg-plugin.3cc39455.js:1
(anonymous) @ app.cbca4f39.js:1
Promise.then (async)
executePendingJobs @ app.cbca4f39.js:1
i @ app.cbca4f39.js:1
c @ app.cbca4f39.js:1
Ns.handlePluginMessage @ app.cbca4f39.js:1
i @ chunk-libs.ca58d924.js:5
postMessage (async)
(anonymous) @ plugin-sandbox.html:26
postMessage (async)
send @ VM293:31
acknowledgeLocalRelayFile @ VM293:536
await in acknowledgeLocalRelayFile (async)
window.onmessage @ VM293:891
postMessage (async)
postMessage @ app.cbca4f39.js:1
(anonymous) @ app.cbca4f39.js:1
(anonymous) @ app.cbca4f39.js:14
(anonymous) @ vendors~mg-plugin.3cc39455.js:1
A.withScope @ vendors~mg-plugin.3cc39455.js:1
A.cToHostCallbackFunction @ vendors~mg-plugin.3cc39455.js:1
A.cToHostCallbackFunction @ vendors~mg-plugin.3cc39455.js:1
$func806 @ 00284a2a:0x856b8
$func573 @ 00284a2a:0x6b75e
$func24 @ 00284a2a:0x3404
$func24 @ 00284a2a:0x5327
$func24 @ 00284a2a:0x51b1
$func556 @ 00284a2a:0x6a4c2
$func562 @ 00284a2a:0x6ac14
$func24 @ 00284a2a:0x3404
$func24 @ 00284a2a:0x5327
$func712 @ 00284a2a:0x7c38d
$X @ 00284a2a:0x7def0
E._QTS_ExecutePendingJob @ vendors~mg-plugin.3cc39455.js:1
A.executePendingJobs @ vendors~mg-plugin.3cc39455.js:1
(anonymous) @ app.cbca4f39.js:1
chunk-libs.ca58d924.js:127 [MasterGo2Figma] Layer chunk flush {"page":"agent 1","path":"pages/page-001-agent/layers/layers-105.json","chunkIndex":105,"records":1,"bytes":73023,"processedNodes":3256,"transfer":{"transferId":"export-1779262727345-7949022959725411","filename":"mastergo2figma-partial-pages-part-001-of-001-segment-001-agent-2026-05-20T07-38-47-345Z.zip","fileIndex":104,"postedChunks":2043,"streamedBytes":3600763}}
chunk-libs.ca58d924.js:127 [MasterGo2Figma] Layer chunk flush {"page":"agent 1","path":"pages/page-001-agent/layers/layers-108.json","chunkIndex":108,"records":16,"bytes":49561,"processedNodes":3304,"transfer":{"transferId":"export-1779262727345-7949022959725411","filename":"mastergo2figma-partial-pages-part-001-of-001-segment-001-agent-2026-05-20T07-38-47-345Z.zip","fileIndex":107,"postedChunks":2101,"streamedBytes":3730484}}
chunk-libs.ca58d924.js:127 [MasterGo2Figma] Layer chunk flush {"page":"agent 1","path":"pages/page-001-agent/layers/layers-109.json","chunkIndex":109,"records":16,"bytes":50197,"processedNodes":3320,"transfer":{"transferId":"export-1779262727345-7949022959725411","filename":"mastergo2figma-partial-pages-part-001-of-001-segment-001-agent-2026-05-20T07-38-47-345Z.zip","fileIndex":108,"postedChunks":2125,"streamedBytes":3780126}}
chunk-libs.ca58d924.js:127 [MasterGo2Figma] Layer chunk flush {"page":"agent 1","path":"pages/page-001-agent/layers/layers-110.json","chunkIndex":110,"records":16,"bytes":49633,"processedNodes":3336,"transfer":{"transferId":"export-1779262727345-7949022959725411","filename":"mastergo2figma-partial-pages-part-001-of-001-segment-001-agent-2026-05-20T07-38-47-345Z.zip","fileIndex":109,"postedChunks":2149,"streamedBytes":3830404}}
chunk-libs.ca58d924.js:127 [MasterGo2Figma] Large layer record {"page":"agent","node":"联集 56 (PEN, 72:20450)","recordBytes":73022,"chunkBytes":5017,"chunkRecords":2,"complexity":{"name":"联集 56","message":"","stack":"[Stack Hidden]"},"transfer":{"transferId":"export-1779262727345-7949022959725411","filename":"mastergo2figma-partial-pages-part-001-of-001-segment-001-agent-2026-05-20T07-38-47-345Z.zip","fileIndex":123,"postedChunks":2426,"streamedBytes":4271477}}
(anonymous) @ chunk-libs.ca58d924.js:127
(anonymous) @ app.cbca4f39.js:1
(anonymous) @ vendors~mg-plugin.3cc39455.js:1
A.withScope @ vendors~mg-plugin.3cc39455.js:1
A.cToHostCallbackFunction @ vendors~mg-plugin.3cc39455.js:1
A.cToHostCallbackFunction @ vendors~mg-plugin.3cc39455.js:1
$func806 @ 00284a2a:0x856b8
$func573 @ 00284a2a:0x6b75e
$func24 @ 00284a2a:0x3404
$func24 @ 00284a2a:0x5327
$func24 @ 00284a2a:0x51b1
$func556 @ 00284a2a:0x6a4c2
$func562 @ 00284a2a:0x6ac14
$func24 @ 00284a2a:0x3404
$func24 @ 00284a2a:0x5327
$func712 @ 00284a2a:0x7c38d
$X @ 00284a2a:0x7def0
E._QTS_ExecutePendingJob @ vendors~mg-plugin.3cc39455.js:1
A.executePendingJobs @ vendors~mg-plugin.3cc39455.js:1
(anonymous) @ app.cbca4f39.js:1
Promise.then (async)
executePendingJobs @ app.cbca4f39.js:1
i @ app.cbca4f39.js:1
c @ app.cbca4f39.js:1
Ns.handlePluginMessage @ app.cbca4f39.js:1
i @ chunk-libs.ca58d924.js:5
postMessage (async)
(anonymous) @ plugin-sandbox.html:26
postMessage (async)
send @ VM293:31
acknowledgeLocalRelayFile @ VM293:536
await in acknowledgeLocalRelayFile (async)
window.onmessage @ VM293:891
postMessage (async)
postMessage @ app.cbca4f39.js:1
(anonymous) @ app.cbca4f39.js:1
(anonymous) @ app.cbca4f39.js:14
(anonymous) @ vendors~mg-plugin.3cc39455.js:1
A.withScope @ vendors~mg-plugin.3cc39455.js:1
A.cToHostCallbackFunction @ vendors~mg-plugin.3cc39455.js:1
A.cToHostCallbackFunction @ vendors~mg-plugin.3cc39455.js:1
$func806 @ 00284a2a:0x856b8
$func573 @ 00284a2a:0x6b75e
$func24 @ 00284a2a:0x3404
$func24 @ 00284a2a:0x5327
$func24 @ 00284a2a:0x51b1
$func556 @ 00284a2a:0x6a4c2
$func562 @ 00284a2a:0x6ac14
$func24 @ 00284a2a:0x3404
$func24 @ 00284a2a:0x5327
$func712 @ 00284a2a:0x7c38d
$X @ 00284a2a:0x7def0
E._QTS_ExecutePendingJob @ vendors~mg-plugin.3cc39455.js:1
A.executePendingJobs @ vendors~mg-plugin.3cc39455.js:1
(anonymous) @ app.cbca4f39.js:1
Promise.then (async)
executePendingJobs @ app.cbca4f39.js:1
(anonymous) @ app.cbca4f39.js:1
i @ chunk-libs.ca58d924.js:5
setTimeout (async)
(anonymous) @ chunk-libs.ca58d924.js:5
(anonymous) @ app.cbca4f39.js:1
(anonymous) @ vendors~mg-plugin.3cc39455.js:1
A.withScope @ vendors~mg-plugin.3cc39455.js:1
A.cToHostCallbackFunction @ vendors~mg-plugin.3cc39455.js:1
A.cToHostCallbackFunction @ vendors~mg-plugin.3cc39455.js:1
$func806 @ 00284a2a:0x856b8
$func573 @ 00284a2a:0x6b75e
$func24 @ 00284a2a:0x3404
$func24 @ 00284a2a:0x51b1
$func457 @ 00284a2a:0x609f5
$func562 @ 00284a2a:0x6ac4e
$func83 @ 00284a2a:0x16013
$func24 @ 00284a2a:0x5271
$func24 @ 00284a2a:0x51b1
$func556 @ 00284a2a:0x6a4c2
$func562 @ 00284a2a:0x6ac14
$func24 @ 00284a2a:0x3404
$func24 @ 00284a2a:0x5327
$func457 @ 00284a2a:0x609f5
$func562 @ 00284a2a:0x6ac4e
$func83 @ 00284a2a:0x16013
$func24 @ 00284a2a:0x5271
$func24 @ 00284a2a:0x51b1
$func24 @ 00284a2a:0x51b1
$func556 @ 00284a2a:0x6a4c2
$func562 @ 00284a2a:0x6ac14
$func24 @ 00284a2a:0x3404
$func24 @ 00284a2a:0x5327
$func712 @ 00284a2a:0x7c38d
$X @ 00284a2a:0x7def0
E._QTS_ExecutePendingJob @ vendors~mg-plugin.3cc39455.js:1
A.executePendingJobs @ vendors~mg-plugin.3cc39455.js:1
(anonymous) @ app.cbca4f39.js:1
Promise.then (async)
executePendingJobs @ app.cbca4f39.js:1
i @ app.cbca4f39.js:1
c @ app.cbca4f39.js:1
Ns.handlePluginMessage @ app.cbca4f39.js:1
i @ chunk-libs.ca58d924.js:5
postMessage (async)
(anonymous) @ plugin-sandbox.html:26
postMessage (async)
send @ VM293:31
acknowledgeLocalRelayFile @ VM293:536
await in acknowledgeLocalRelayFile (async)
window.onmessage @ VM293:891
postMessage (async)
postMessage @ app.cbca4f39.js:1
(anonymous) @ app.cbca4f39.js:1
(anonymous) @ app.cbca4f39.js:14
(anonymous) @ vendors~mg-plugin.3cc39455.js:1
A.withScope @ vendors~mg-plugin.3cc39455.js:1
A.cToHostCallbackFunction @ vendors~mg-plugin.3cc39455.js:1
A.cToHostCallbackFunction @ vendors~mg-plugin.3cc39455.js:1
$func806 @ 00284a2a:0x856b8
$func573 @ 00284a2a:0x6b75e
$func24 @ 00284a2a:0x3404
$func24 @ 00284a2a:0x5327
$func24 @ 00284a2a:0x51b1
$func556 @ 00284a2a:0x6a4c2
$func562 @ 00284a2a:0x6ac14
$func24 @ 00284a2a:0x3404
$func24 @ 00284a2a:0x5327
$func712 @ 00284a2a:0x7c38d
$X @ 00284a2a:0x7def0
E._QTS_ExecutePendingJob @ vendors~mg-plugin.3cc39455.js:1
A.executePendingJobs @ vendors~mg-plugin.3cc39455.js:1
(anonymous) @ app.cbca4f39.js:1
Promise.then (async)
executePendingJobs @ app.cbca4f39.js:1
(anonymous) @ app.cbca4f39.js:1
i @ chunk-libs.ca58d924.js:5
setTimeout (async)
(anonymous) @ chunk-libs.ca58d924.js:5
(anonymous) @ app.cbca4f39.js:1
(anonymous) @ vendors~mg-plugin.3cc39455.js:1
A.withScope @ vendors~mg-plugin.3cc39455.js:1
A.cToHostCallbackFunction @ vendors~mg-plugin.3cc39455.js:1
A.cToHostCallbackFunction @ vendors~mg-plugin.3cc39455.js:1
$func806 @ 00284a2a:0x856b8
$func573 @ 00284a2a:0x6b75e
$func24 @ 00284a2a:0x3404
$func24 @ 00284a2a:0x51b1
$func457 @ 00284a2a:0x609f5
$func562 @ 00284a2a:0x6ac4e
$func83 @ 00284a2a:0x16013
$func24 @ 00284a2a:0x5271
$func24 @ 00284a2a:0x51b1
$func556 @ 00284a2a:0x6a4c2
$func562 @ 00284a2a:0x6ac14
$func24 @ 00284a2a:0x3404
$func24 @ 00284a2a:0x5327
$func457 @ 00284a2a:0x609f5
$func562 @ 00284a2a:0x6ac4e
$func83 @ 00284a2a:0x16013
$func24 @ 00284a2a:0x5271
$func24 @ 00284a2a:0x51b1
$func24 @ 00284a2a:0x51b1
$func556 @ 00284a2a:0x6a4c2
$func562 @ 00284a2a:0x6ac14
$func24 @ 00284a2a:0x3404
$func24 @ 00284a2a:0x5327
$func712 @ 00284a2a:0x7c38d
$X @ 00284a2a:0x7def0
E._QTS_ExecutePendingJob @ vendors~mg-plugin.3cc39455.js:1
A.executePendingJobs @ vendors~mg-plugin.3cc39455.js:1
(anonymous) @ app.cbca4f39.js:1
Promise.then (async)
executePendingJobs @ app.cbca4f39.js:1
i @ app.cbca4f39.js:1
c @ app.cbca4f39.js:1
Ns.handlePluginMessage @ app.cbca4f39.js:1
i @ chunk-libs.ca58d924.js:5
postMessage (async)
(anonymous) @ plugin-sandbox.html:26
postMessage (async)
send @ VM293:31
acknowledgeLocalRelayFile @ VM293:536
await in acknowledgeLocalRelayFile (async)
window.onmessage @ VM293:891
postMessage (async)
postMessage @ app.cbca4f39.js:1
(anonymous) @ app.cbca4f39.js:1
(anonymous) @ app.cbca4f39.js:14
(anonymous) @ vendors~mg-plugin.3cc39455.js:1
A.withScope @ vendors~mg-plugin.3cc39455.js:1
A.cToHostCallbackFunction @ vendors~mg-plugin.3cc39455.js:1
A.cToHostCallbackFunction @ vendors~mg-plugin.3cc39455.js:1
$func806 @ 00284a2a:0x856b8
$func573 @ 00284a2a:0x6b75e
$func24 @ 00284a2a:0x3404
$func24 @ 00284a2a:0x5327
$func24 @ 00284a2a:0x51b1
$func556 @ 00284a2a:0x6a4c2
$func562 @ 00284a2a:0x6ac14
$func24 @ 00284a2a:0x3404
$func24 @ 00284a2a:0x5327
$func712 @ 00284a2a:0x7c38d
$X @ 00284a2a:0x7def0
E._QTS_ExecutePendingJob @ vendors~mg-plugin.3cc39455.js:1
A.executePendingJobs @ vendors~mg-plugin.3cc39455.js:1
(anonymous) @ app.cbca4f39.js:1
Promise.then (async)
executePendingJobs @ app.cbca4f39.js:1
(anonymous) @ app.cbca4f39.js:1
i @ chunk-libs.ca58d924.js:5
setTimeout (async)
(anonymous) @ chunk-libs.ca58d924.js:5
(anonymous) @ app.cbca4f39.js:1
(anonymous) @ vendors~mg-plugin.3cc39455.js:1
A.withScope @ vendors~mg-plugin.3cc39455.js:1
A.cToHostCallbackFunction @ vendors~mg-plugin.3cc39455.js:1
A.cToHostCallbackFunction @ vendors~mg-plugin.3cc39455.js:1
$func806 @ 00284a2a:0x856b8
$func573 @ 00284a2a:0x6b75e
$func24 @ 00284a2a:0x3404
$func24 @ 00284a2a:0x51b1
$func457 @ 00284a2a:0x609f5
$func562 @ 00284a2a:0x6ac4e
$func83 @ 00284a2a:0x16013
$func24 @ 00284a2a:0x5271
$func24 @ 00284a2a:0x51b1
$func556 @ 00284a2a:0x6a4c2
$func562 @ 00284a2a:0x6ac14
$func24 @ 00284a2a:0x3404
$func24 @ 00284a2a:0x5327
$func457 @ 00284a2a:0x609f5
$func562 @ 00284a2a:0x6ac4e
$func83 @ 00284a2a:0x16013
$func24 @ 00284a2a:0x5271
$func24 @ 00284a2a:0x51b1
$func24 @ 00284a2a:0x51b1
$func556 @ 00284a2a:0x6a4c2
$func562 @ 00284a2a:0x6ac14
$func24 @ 00284a2a:0x3404
$func24 @ 00284a2a:0x5327
$func712 @ 00284a2a:0x7c38d
$X @ 00284a2a:0x7def0
E._QTS_ExecutePendingJob @ vendors~mg-plugin.3cc39455.js:1
A.executePendingJobs @ vendors~mg-plugin.3cc39455.js:1
(anonymous) @ app.cbca4f39.js:1
Promise.then (async)
executePendingJobs @ app.cbca4f39.js:1
(anonymous) @ app.cbca4f39.js:1
i @ chunk-libs.ca58d924.js:5
setTimeout (async)
(anonymous) @ chunk-libs.ca58d924.js:5
(anonymous) @ app.cbca4f39.js:1
(anonymous) @ vendors~mg-plugin.3cc39455.js:1
A.withScope @ vendors~mg-plugin.3cc39455.js:1
A.cToHostCallbackFunction @ vendors~mg-plugin.3cc39455.js:1
A.cToHostCallbackFunction @ vendors~mg-plugin.3cc39455.js:1
$func806 @ 00284a2a:0x856b8
$func573 @ 00284a2a:0x6b75e
$func24 @ 00284a2a:0x3404
$func24 @ 00284a2a:0x51b1
$func457 @ 00284a2a:0x609f5
$func562 @ 00284a2a:0x6ac4e
$func83 @ 00284a2a:0x16013
$func24 @ 00284a2a:0x5271
$func24 @ 00284a2a:0x51b1
$func556 @ 00284a2a:0x6a4c2
$func562 @ 00284a2a:0x6ac14
$func24 @ 00284a2a:0x3404
$func24 @ 00284a2a:0x5327
$func457 @ 00284a2a:0x609f5
$func562 @ 00284a2a:0x6ac4e
$func83 @ 00284a2a:0x16013
$func24 @ 00284a2a:0x5271
$func24 @ 00284a2a:0x51b1
$func24 @ 00284a2a:0x51b1
$func556 @ 00284a2a:0x6a4c2
$func562 @ 00284a2a:0x6ac14
$func24 @ 00284a2a:0x3404
$func24 @ 00284a2a:0x5327
$func712 @ 00284a2a:0x7c38d
$X @ 00284a2a:0x7def0
E._QTS_ExecutePendingJob @ vendors~mg-plugin.3cc39455.js:1
A.executePendingJobs @ vendors~mg-plugin.3cc39455.js:1
(anonymous) @ app.cbca4f39.js:1
Promise.then (async)
executePendingJobs @ app.cbca4f39.js:1
i @ app.cbca4f39.js:1
c @ app.cbca4f39.js:1
Ns.handlePluginMessage @ app.cbca4f39.js:1
i @ chunk-libs.ca58d924.js:5
postMessage (async)
(anonymous) @ plugin-sandbox.html:26
postMessage (async)
send @ VM293:31
acknowledgeLocalRelayFile @ VM293:536
await in acknowledgeLocalRelayFile (async)
window.onmessage @ VM293:891
postMessage (async)
postMessage @ app.cbca4f39.js:1
(anonymous) @ app.cbca4f39.js:1
(anonymous) @ app.cbca4f39.js:14
(anonymous) @ vendors~mg-plugin.3cc39455.js:1
A.withScope @ vendors~mg-plugin.3cc39455.js:1
A.cToHostCallbackFunction @ vendors~mg-plugin.3cc39455.js:1
A.cToHostCallbackFunction @ vendors~mg-plugin.3cc39455.js:1
$func806 @ 00284a2a:0x856b8
$func573 @ 00284a2a:0x6b75e
$func24 @ 00284a2a:0x3404
$func24 @ 00284a2a:0x5327
$func24 @ 00284a2a:0x51b1
$func556 @ 00284a2a:0x6a4c2
$func562 @ 00284a2a:0x6ac14
$func24 @ 00284a2a:0x3404
$func24 @ 00284a2a:0x5327
$func712 @ 00284a2a:0x7c38d
$X @ 00284a2a:0x7def0
E._QTS_ExecutePendingJob @ vendors~mg-plugin.3cc39455.js:1
A.executePendingJobs @ vendors~mg-plugin.3cc39455.js:1
(anonymous) @ app.cbca4f39.js:1
Promise.then (async)
executePendingJobs @ app.cbca4f39.js:1
i @ app.cbca4f39.js:1
c @ app.cbca4f39.js:1
Ns.handlePluginMessage @ app.cbca4f39.js:1
i @ chunk-libs.ca58d924.js:5
postMessage (async)
(anonymous) @ plugin-sandbox.html:26
postMessage (async)
send @ VM293:31
acknowledgeLocalRelayFile @ VM293:536
await in acknowledgeLocalRelayFile (async)
window.onmessage @ VM293:891
chunk-libs.ca58d924.js:127 [MasterGo2Figma] Single layer record exceeds chunk byte target {"recordBytes":73022,"chunkMaxBytes":65536,"page":"agent 1","transfer":{"transferId":"export-1779262727345-7949022959725411","filename":"mastergo2figma-partial-pages-part-001-of-001-segment-001-agent-2026-05-20T07-38-47-345Z.zip","fileIndex":123,"postedChunks":2426,"streamedBytes":4271477}}
(anonymous) @ chunk-libs.ca58d924.js:127
(anonymous) @ app.cbca4f39.js:1
(anonymous) @ vendors~mg-plugin.3cc39455.js:1
A.withScope @ vendors~mg-plugin.3cc39455.js:1
A.cToHostCallbackFunction @ vendors~mg-plugin.3cc39455.js:1
A.cToHostCallbackFunction @ vendors~mg-plugin.3cc39455.js:1
$func806 @ 00284a2a:0x856b8
$func573 @ 00284a2a:0x6b75e
$func24 @ 00284a2a:0x3404
$func24 @ 00284a2a:0x5327
$func24 @ 00284a2a:0x51b1
$func556 @ 00284a2a:0x6a4c2
$func562 @ 00284a2a:0x6ac14
$func24 @ 00284a2a:0x3404
$func24 @ 00284a2a:0x5327
$func457 @ 00284a2a:0x609f5
$func562 @ 00284a2a:0x6ac4e
$func83 @ 00284a2a:0x16013
$func24 @ 00284a2a:0x5271
$func24 @ 00284a2a:0x51b1
$func24 @ 00284a2a:0x51b1
$func556 @ 00284a2a:0x6a4c2
$func562 @ 00284a2a:0x6ac14
$func24 @ 00284a2a:0x3404
$func24 @ 00284a2a:0x5327
$func712 @ 00284a2a:0x7c38d
$X @ 00284a2a:0x7def0
E._QTS_ExecutePendingJob @ vendors~mg-plugin.3cc39455.js:1
A.executePendingJobs @ vendors~mg-plugin.3cc39455.js:1
(anonymous) @ app.cbca4f39.js:1
Promise.then (async)
executePendingJobs @ app.cbca4f39.js:1
i @ app.cbca4f39.js:1
c @ app.cbca4f39.js:1
Ns.handlePluginMessage @ app.cbca4f39.js:1
i @ chunk-libs.ca58d924.js:5
postMessage (async)
(anonymous) @ plugin-sandbox.html:26
postMessage (async)
send @ VM293:31
acknowledgeLocalRelayFile @ VM293:536
await in acknowledgeLocalRelayFile (async)
window.onmessage @ VM293:891
postMessage (async)
postMessage @ app.cbca4f39.js:1
(anonymous) @ app.cbca4f39.js:1
(anonymous) @ app.cbca4f39.js:14
(anonymous) @ vendors~mg-plugin.3cc39455.js:1
A.withScope @ vendors~mg-plugin.3cc39455.js:1
A.cToHostCallbackFunction @ vendors~mg-plugin.3cc39455.js:1
A.cToHostCallbackFunction @ vendors~mg-plugin.3cc39455.js:1
$func806 @ 00284a2a:0x856b8
$func573 @ 00284a2a:0x6b75e
$func24 @ 00284a2a:0x3404
$func24 @ 00284a2a:0x5327
$func24 @ 00284a2a:0x51b1
$func556 @ 00284a2a:0x6a4c2
$func562 @ 00284a2a:0x6ac14
$func24 @ 00284a2a:0x3404
$func24 @ 00284a2a:0x5327
$func712 @ 00284a2a:0x7c38d
$X @ 00284a2a:0x7def0
E._QTS_ExecutePendingJob @ vendors~mg-plugin.3cc39455.js:1
A.executePendingJobs @ vendors~mg-plugin.3cc39455.js:1
(anonymous) @ app.cbca4f39.js:1
Promise.then (async)
executePendingJobs @ app.cbca4f39.js:1
(anonymous) @ app.cbca4f39.js:1
i @ chunk-libs.ca58d924.js:5
setTimeout (async)
(anonymous) @ chunk-libs.ca58d924.js:5
(anonymous) @ app.cbca4f39.js:1
(anonymous) @ vendors~mg-plugin.3cc39455.js:1
A.withScope @ vendors~mg-plugin.3cc39455.js:1
A.cToHostCallbackFunction @ vendors~mg-plugin.3cc39455.js:1
A.cToHostCallbackFunction @ vendors~mg-plugin.3cc39455.js:1
$func806 @ 00284a2a:0x856b8
$func573 @ 00284a2a:0x6b75e
$func24 @ 00284a2a:0x3404
$func24 @ 00284a2a:0x51b1
$func457 @ 00284a2a:0x609f5
$func562 @ 00284a2a:0x6ac4e
$func83 @ 00284a2a:0x16013
$func24 @ 00284a2a:0x5271
$func24 @ 00284a2a:0x51b1
$func556 @ 00284a2a:0x6a4c2
$func562 @ 00284a2a:0x6ac14
$func24 @ 00284a2a:0x3404
$func24 @ 00284a2a:0x5327
$func457 @ 00284a2a:0x609f5
$func562 @ 00284a2a:0x6ac4e
$func83 @ 00284a2a:0x16013
$func24 @ 00284a2a:0x5271
$func24 @ 00284a2a:0x51b1
$func24 @ 00284a2a:0x51b1
$func556 @ 00284a2a:0x6a4c2
$func562 @ 00284a2a:0x6ac14
$func24 @ 00284a2a:0x3404
$func24 @ 00284a2a:0x5327
$func712 @ 00284a2a:0x7c38d
$X @ 00284a2a:0x7def0
E._QTS_ExecutePendingJob @ vendors~mg-plugin.3cc39455.js:1
A.executePendingJobs @ vendors~mg-plugin.3cc39455.js:1
(anonymous) @ app.cbca4f39.js:1
Promise.then (async)
executePendingJobs @ app.cbca4f39.js:1
i @ app.cbca4f39.js:1
c @ app.cbca4f39.js:1
Ns.handlePluginMessage @ app.cbca4f39.js:1
i @ chunk-libs.ca58d924.js:5
postMessage (async)
(anonymous) @ plugin-sandbox.html:26
postMessage (async)
send @ VM293:31
acknowledgeLocalRelayFile @ VM293:536
await in acknowledgeLocalRelayFile (async)
window.onmessage @ VM293:891
postMessage (async)
postMessage @ app.cbca4f39.js:1
(anonymous) @ app.cbca4f39.js:1
(anonymous) @ app.cbca4f39.js:14
(anonymous) @ vendors~mg-plugin.3cc39455.js:1
A.withScope @ vendors~mg-plugin.3cc39455.js:1
A.cToHostCallbackFunction @ vendors~mg-plugin.3cc39455.js:1
A.cToHostCallbackFunction @ vendors~mg-plugin.3cc39455.js:1
$func806 @ 00284a2a:0x856b8
$func573 @ 00284a2a:0x6b75e
$func24 @ 00284a2a:0x3404
$func24 @ 00284a2a:0x5327
$func24 @ 00284a2a:0x51b1
$func556 @ 00284a2a:0x6a4c2
$func562 @ 00284a2a:0x6ac14
$func24 @ 00284a2a:0x3404
$func24 @ 00284a2a:0x5327
$func712 @ 00284a2a:0x7c38d
$X @ 00284a2a:0x7def0
E._QTS_ExecutePendingJob @ vendors~mg-plugin.3cc39455.js:1
A.executePendingJobs @ vendors~mg-plugin.3cc39455.js:1
(anonymous) @ app.cbca4f39.js:1
Promise.then (async)
executePendingJobs @ app.cbca4f39.js:1
(anonymous) @ app.cbca4f39.js:1
i @ chunk-libs.ca58d924.js:5
setTimeout (async)
(anonymous) @ chunk-libs.ca58d924.js:5
(anonymous) @ app.cbca4f39.js:1
(anonymous) @ vendors~mg-plugin.3cc39455.js:1
A.withScope @ vendors~mg-plugin.3cc39455.js:1
A.cToHostCallbackFunction @ vendors~mg-plugin.3cc39455.js:1
A.cToHostCallbackFunction @ vendors~mg-plugin.3cc39455.js:1
$func806 @ 00284a2a:0x856b8
$func573 @ 00284a2a:0x6b75e
$func24 @ 00284a2a:0x3404
$func24 @ 00284a2a:0x51b1
$func457 @ 00284a2a:0x609f5
$func562 @ 00284a2a:0x6ac4e
$func83 @ 00284a2a:0x16013
$func24 @ 00284a2a:0x5271
$func24 @ 00284a2a:0x51b1
$func556 @ 00284a2a:0x6a4c2
$func562 @ 00284a2a:0x6ac14
$func24 @ 00284a2a:0x3404
$func24 @ 00284a2a:0x5327
$func457 @ 00284a2a:0x609f5
$func562 @ 00284a2a:0x6ac4e
$func83 @ 00284a2a:0x16013
$func24 @ 00284a2a:0x5271
$func24 @ 00284a2a:0x51b1
$func24 @ 00284a2a:0x51b1
$func556 @ 00284a2a:0x6a4c2
$func562 @ 00284a2a:0x6ac14
$func24 @ 00284a2a:0x3404
$func24 @ 00284a2a:0x5327
$func712 @ 00284a2a:0x7c38d
$X @ 00284a2a:0x7def0
E._QTS_ExecutePendingJob @ vendors~mg-plugin.3cc39455.js:1
A.executePendingJobs @ vendors~mg-plugin.3cc39455.js:1
(anonymous) @ app.cbca4f39.js:1
Promise.then (async)
executePendingJobs @ app.cbca4f39.js:1
i @ app.cbca4f39.js:1
c @ app.cbca4f39.js:1
Ns.handlePluginMessage @ app.cbca4f39.js:1
i @ chunk-libs.ca58d924.js:5
postMessage (async)
(anonymous) @ plugin-sandbox.html:26
postMessage (async)
send @ VM293:31
acknowledgeLocalRelayFile @ VM293:536
await in acknowledgeLocalRelayFile (async)
window.onmessage @ VM293:891
postMessage (async)
postMessage @ app.cbca4f39.js:1
(anonymous) @ app.cbca4f39.js:1
(anonymous) @ app.cbca4f39.js:14
(anonymous) @ vendors~mg-plugin.3cc39455.js:1
A.withScope @ vendors~mg-plugin.3cc39455.js:1
A.cToHostCallbackFunction @ vendors~mg-plugin.3cc39455.js:1
A.cToHostCallbackFunction @ vendors~mg-plugin.3cc39455.js:1
$func806 @ 00284a2a:0x856b8
$func573 @ 00284a2a:0x6b75e
$func24 @ 00284a2a:0x3404
$func24 @ 00284a2a:0x5327
$func24 @ 00284a2a:0x51b1
$func556 @ 00284a2a:0x6a4c2
$func562 @ 00284a2a:0x6ac14
$func24 @ 00284a2a:0x3404
$func24 @ 00284a2a:0x5327
$func712 @ 00284a2a:0x7c38d
$X @ 00284a2a:0x7def0
E._QTS_ExecutePendingJob @ vendors~mg-plugin.3cc39455.js:1
A.executePendingJobs @ vendors~mg-plugin.3cc39455.js:1
(anonymous) @ app.cbca4f39.js:1
Promise.then (async)
executePendingJobs @ app.cbca4f39.js:1
(anonymous) @ app.cbca4f39.js:1
i @ chunk-libs.ca58d924.js:5
setTimeout (async)
(anonymous) @ chunk-libs.ca58d924.js:5
(anonymous) @ app.cbca4f39.js:1
(anonymous) @ vendors~mg-plugin.3cc39455.js:1
A.withScope @ vendors~mg-plugin.3cc39455.js:1
A.cToHostCallbackFunction @ vendors~mg-plugin.3cc39455.js:1
A.cToHostCallbackFunction @ vendors~mg-plugin.3cc39455.js:1
$func806 @ 00284a2a:0x856b8
$func573 @ 00284a2a:0x6b75e
$func24 @ 00284a2a:0x3404
$func24 @ 00284a2a:0x51b1
$func457 @ 00284a2a:0x609f5
$func562 @ 00284a2a:0x6ac4e
$func83 @ 00284a2a:0x16013
$func24 @ 00284a2a:0x5271
$func24 @ 00284a2a:0x51b1
$func556 @ 00284a2a:0x6a4c2
$func562 @ 00284a2a:0x6ac14
$func24 @ 00284a2a:0x3404
$func24 @ 00284a2a:0x5327
$func457 @ 00284a2a:0x609f5
$func562 @ 00284a2a:0x6ac4e
$func83 @ 00284a2a:0x16013
$func24 @ 00284a2a:0x5271
$func24 @ 00284a2a:0x51b1
$func24 @ 00284a2a:0x51b1
$func556 @ 00284a2a:0x6a4c2
$func562 @ 00284a2a:0x6ac14
$func24 @ 00284a2a:0x3404
$func24 @ 00284a2a:0x5327
$func712 @ 00284a2a:0x7c38d
$X @ 00284a2a:0x7def0
E._QTS_ExecutePendingJob @ vendors~mg-plugin.3cc39455.js:1
A.executePendingJobs @ vendors~mg-plugin.3cc39455.js:1
(anonymous) @ app.cbca4f39.js:1
Promise.then (async)
executePendingJobs @ app.cbca4f39.js:1
(anonymous) @ app.cbca4f39.js:1
i @ chunk-libs.ca58d924.js:5
setTimeout (async)
(anonymous) @ chunk-libs.ca58d924.js:5
(anonymous) @ app.cbca4f39.js:1
(anonymous) @ vendors~mg-plugin.3cc39455.js:1
A.withScope @ vendors~mg-plugin.3cc39455.js:1
A.cToHostCallbackFunction @ vendors~mg-plugin.3cc39455.js:1
A.cToHostCallbackFunction @ vendors~mg-plugin.3cc39455.js:1
$func806 @ 00284a2a:0x856b8
$func573 @ 00284a2a:0x6b75e
$func24 @ 00284a2a:0x3404
$func24 @ 00284a2a:0x51b1
$func457 @ 00284a2a:0x609f5
$func562 @ 00284a2a:0x6ac4e
$func83 @ 00284a2a:0x16013
$func24 @ 00284a2a:0x5271
$func24 @ 00284a2a:0x51b1
$func556 @ 00284a2a:0x6a4c2
$func562 @ 00284a2a:0x6ac14
$func24 @ 00284a2a:0x3404
$func24 @ 00284a2a:0x5327
$func457 @ 00284a2a:0x609f5
$func562 @ 00284a2a:0x6ac4e
$func83 @ 00284a2a:0x16013
$func24 @ 00284a2a:0x5271
$func24 @ 00284a2a:0x51b1
$func24 @ 00284a2a:0x51b1
$func556 @ 00284a2a:0x6a4c2
$func562 @ 00284a2a:0x6ac14
$func24 @ 00284a2a:0x3404
$func24 @ 00284a2a:0x5327
$func712 @ 00284a2a:0x7c38d
$X @ 00284a2a:0x7def0
E._QTS_ExecutePendingJob @ vendors~mg-plugin.3cc39455.js:1
A.executePendingJobs @ vendors~mg-plugin.3cc39455.js:1
(anonymous) @ app.cbca4f39.js:1
Promise.then (async)
executePendingJobs @ app.cbca4f39.js:1
i @ app.cbca4f39.js:1
c @ app.cbca4f39.js:1
Ns.handlePluginMessage @ app.cbca4f39.js:1
i @ chunk-libs.ca58d924.js:5
postMessage (async)
(anonymous) @ plugin-sandbox.html:26
postMessage (async)
send @ VM293:31
acknowledgeLocalRelayFile @ VM293:536
await in acknowledgeLocalRelayFile (async)
window.onmessage @ VM293:891
postMessage (async)
postMessage @ app.cbca4f39.js:1
(anonymous) @ app.cbca4f39.js:1
(anonymous) @ app.cbca4f39.js:14
(anonymous) @ vendors~mg-plugin.3cc39455.js:1
A.withScope @ vendors~mg-plugin.3cc39455.js:1
A.cToHostCallbackFunction @ vendors~mg-plugin.3cc39455.js:1
A.cToHostCallbackFunction @ vendors~mg-plugin.3cc39455.js:1
$func806 @ 00284a2a:0x856b8
$func573 @ 00284a2a:0x6b75e
$func24 @ 00284a2a:0x3404
$func24 @ 00284a2a:0x5327
$func24 @ 00284a2a:0x51b1
$func556 @ 00284a2a:0x6a4c2
$func562 @ 00284a2a:0x6ac14
$func24 @ 00284a2a:0x3404
$func24 @ 00284a2a:0x5327
$func712 @ 00284a2a:0x7c38d
$X @ 00284a2a:0x7def0
E._QTS_ExecutePendingJob @ vendors~mg-plugin.3cc39455.js:1
A.executePendingJobs @ vendors~mg-plugin.3cc39455.js:1
(anonymous) @ app.cbca4f39.js:1
Promise.then (async)
executePendingJobs @ app.cbca4f39.js:1
i @ app.cbca4f39.js:1
c @ app.cbca4f39.js:1
Ns.handlePluginMessage @ app.cbca4f39.js:1
i @ chunk-libs.ca58d924.js:5
postMessage (async)
(anonymous) @ plugin-sandbox.html:26
postMessage (async)
send @ VM293:31
acknowledgeLocalRelayFile @ VM293:536
await in acknowledgeLocalRelayFile (async)
window.onmessage @ VM293:891
chunk-libs.ca58d924.js:127 [MasterGo2Figma] Layer chunk flush {"page":"agent 1","path":"pages/page-001-agent/layers/layers-125.json","chunkIndex":125,"records":1,"bytes":73023,"processedNodes":3547,"transfer":{"transferId":"export-1779262727345-7949022959725411","filename":"mastergo2figma-partial-pages-part-001-of-001-segment-001-agent-2026-05-20T07-38-47-345Z.zip","fileIndex":124,"postedChunks":2430,"streamedBytes":4276575}}
chunk-libs.ca58d924.js:127 [MasterGo2Figma] Layer chunk flush {"page":"agent 1","path":"pages/page-001-agent/layers/layers-150.json","chunkIndex":150,"records":16,"bytes":33894,"processedNodes":3947,"transfer":{"transferId":"export-1779262727345-7949022959725411","filename":"mastergo2figma-partial-pages-part-001-of-001-segment-001-agent-2026-05-20T07-38-47-345Z.zip","fileIndex":149,"postedChunks":2915,"streamedBytes":5101420}}
chunk-libs.ca58d924.js:127 [MasterGo2Figma] Large layer record {"page":"agent","node":"联集 56 (PEN, 72:22019)","recordBytes":73022,"chunkBytes":10481,"chunkRecords":5,"complexity":{"name":"联集 56","message":"","stack":"[Stack Hidden]"},"transfer":{"transferId":"export-1779262727345-7949022959725411","filename":"mastergo2figma-partial-pages-part-001-of-001-segment-001-agent-2026-05-20T07-38-47-345Z.zip","fileIndex":158,"postedChunks":3098,"streamedBytes":5410315}}
(anonymous) @ chunk-libs.ca58d924.js:127
(anonymous) @ app.cbca4f39.js:1
(anonymous) @ vendors~mg-plugin.3cc39455.js:1
A.withScope @ vendors~mg-plugin.3cc39455.js:1
A.cToHostCallbackFunction @ vendors~mg-plugin.3cc39455.js:1
A.cToHostCallbackFunction @ vendors~mg-plugin.3cc39455.js:1
$func806 @ 00284a2a:0x856b8
$func573 @ 00284a2a:0x6b75e
$func24 @ 00284a2a:0x3404
$func24 @ 00284a2a:0x5327
$func24 @ 00284a2a:0x51b1
$func556 @ 00284a2a:0x6a4c2
$func562 @ 00284a2a:0x6ac14
$func24 @ 00284a2a:0x3404
$func24 @ 00284a2a:0x5327
$func712 @ 00284a2a:0x7c38d
$X @ 00284a2a:0x7def0
E._QTS_ExecutePendingJob @ vendors~mg-plugin.3cc39455.js:1
A.executePendingJobs @ vendors~mg-plugin.3cc39455.js:1
(anonymous) @ app.cbca4f39.js:1
Promise.then (async)
executePendingJobs @ app.cbca4f39.js:1
i @ app.cbca4f39.js:1
c @ app.cbca4f39.js:1
Ns.handlePluginMessage @ app.cbca4f39.js:1
i @ chunk-libs.ca58d924.js:5
postMessage (async)
(anonymous) @ plugin-sandbox.html:26
postMessage (async)
send @ VM293:31
acknowledgeLocalRelayFile @ VM293:536
await in acknowledgeLocalRelayFile (async)
window.onmessage @ VM293:891
postMessage (async)
postMessage @ app.cbca4f39.js:1
(anonymous) @ app.cbca4f39.js:1
(anonymous) @ app.cbca4f39.js:14
(anonymous) @ vendors~mg-plugin.3cc39455.js:1
A.withScope @ vendors~mg-plugin.3cc39455.js:1
A.cToHostCallbackFunction @ vendors~mg-plugin.3cc39455.js:1
A.cToHostCallbackFunction @ vendors~mg-plugin.3cc39455.js:1
$func806 @ 00284a2a:0x856b8
$func573 @ 00284a2a:0x6b75e
$func24 @ 00284a2a:0x3404
$func24 @ 00284a2a:0x5327
$func24 @ 00284a2a:0x51b1
$func556 @ 00284a2a:0x6a4c2
$func562 @ 00284a2a:0x6ac14
$func24 @ 00284a2a:0x3404
$func24 @ 00284a2a:0x5327
$func712 @ 00284a2a:0x7c38d
$X @ 00284a2a:0x7def0
E._QTS_ExecutePendingJob @ vendors~mg-plugin.3cc39455.js:1
A.executePendingJobs @ vendors~mg-plugin.3cc39455.js:1
(anonymous) @ app.cbca4f39.js:1
Promise.then (async)
executePendingJobs @ app.cbca4f39.js:1
(anonymous) @ app.cbca4f39.js:1
i @ chunk-libs.ca58d924.js:5
setTimeout (async)
(anonymous) @ chunk-libs.ca58d924.js:5
(anonymous) @ app.cbca4f39.js:1
(anonymous) @ vendors~mg-plugin.3cc39455.js:1
A.withScope @ vendors~mg-plugin.3cc39455.js:1
A.cToHostCallbackFunction @ vendors~mg-plugin.3cc39455.js:1
A.cToHostCallbackFunction @ vendors~mg-plugin.3cc39455.js:1
$func806 @ 00284a2a:0x856b8
$func573 @ 00284a2a:0x6b75e
$func24 @ 00284a2a:0x3404
$func24 @ 00284a2a:0x51b1
$func457 @ 00284a2a:0x609f5
$func562 @ 00284a2a:0x6ac4e
$func83 @ 00284a2a:0x16013
$func24 @ 00284a2a:0x5271
$func24 @ 00284a2a:0x51b1
$func556 @ 00284a2a:0x6a4c2
$func562 @ 00284a2a:0x6ac14
$func24 @ 00284a2a:0x3404
$func24 @ 00284a2a:0x5327
$func457 @ 00284a2a:0x609f5
$func562 @ 00284a2a:0x6ac4e
$func83 @ 00284a2a:0x16013
$func24 @ 00284a2a:0x5271
$func24 @ 00284a2a:0x51b1
$func24 @ 00284a2a:0x51b1
$func556 @ 00284a2a:0x6a4c2
$func562 @ 00284a2a:0x6ac14
$func24 @ 00284a2a:0x3404
$func24 @ 00284a2a:0x5327
$func712 @ 00284a2a:0x7c38d
$X @ 00284a2a:0x7def0
E._QTS_ExecutePendingJob @ vendors~mg-plugin.3cc39455.js:1
A.executePendingJobs @ vendors~mg-plugin.3cc39455.js:1
(anonymous) @ app.cbca4f39.js:1
Promise.then (async)
executePendingJobs @ app.cbca4f39.js:1
i @ app.cbca4f39.js:1
c @ app.cbca4f39.js:1
Ns.handlePluginMessage @ app.cbca4f39.js:1
i @ chunk-libs.ca58d924.js:5
postMessage (async)
(anonymous) @ plugin-sandbox.html:26
postMessage (async)
send @ VM293:31
acknowledgeLocalRelayFile @ VM293:536
await in acknowledgeLocalRelayFile (async)
window.onmessage @ VM293:891
postMessage (async)
postMessage @ app.cbca4f39.js:1
(anonymous) @ app.cbca4f39.js:1
(anonymous) @ app.cbca4f39.js:14
(anonymous) @ vendors~mg-plugin.3cc39455.js:1
A.withScope @ vendors~mg-plugin.3cc39455.js:1
A.cToHostCallbackFunction @ vendors~mg-plugin.3cc39455.js:1
A.cToHostCallbackFunction @ vendors~mg-plugin.3cc39455.js:1
$func806 @ 00284a2a:0x856b8
$func573 @ 00284a2a:0x6b75e
$func24 @ 00284a2a:0x3404
$func24 @ 00284a2a:0x5327
$func24 @ 00284a2a:0x51b1
$func556 @ 00284a2a:0x6a4c2
$func562 @ 00284a2a:0x6ac14
$func24 @ 00284a2a:0x3404
$func24 @ 00284a2a:0x5327
$func712 @ 00284a2a:0x7c38d
$X @ 00284a2a:0x7def0
E._QTS_ExecutePendingJob @ vendors~mg-plugin.3cc39455.js:1
A.executePendingJobs @ vendors~mg-plugin.3cc39455.js:1
(anonymous) @ app.cbca4f39.js:1
Promise.then (async)
executePendingJobs @ app.cbca4f39.js:1
(anonymous) @ app.cbca4f39.js:1
i @ chunk-libs.ca58d924.js:5
setTimeout (async)
(anonymous) @ chunk-libs.ca58d924.js:5
(anonymous) @ app.cbca4f39.js:1
(anonymous) @ vendors~mg-plugin.3cc39455.js:1
A.withScope @ vendors~mg-plugin.3cc39455.js:1
A.cToHostCallbackFunction @ vendors~mg-plugin.3cc39455.js:1
A.cToHostCallbackFunction @ vendors~mg-plugin.3cc39455.js:1
$func806 @ 00284a2a:0x856b8
$func573 @ 00284a2a:0x6b75e
$func24 @ 00284a2a:0x3404
$func24 @ 00284a2a:0x51b1
$func457 @ 00284a2a:0x609f5
$func562 @ 00284a2a:0x6ac4e
$func83 @ 00284a2a:0x16013
$func24 @ 00284a2a:0x5271
$func24 @ 00284a2a:0x51b1
$func556 @ 00284a2a:0x6a4c2
$func562 @ 00284a2a:0x6ac14
$func24 @ 00284a2a:0x3404
$func24 @ 00284a2a:0x5327
$func457 @ 00284a2a:0x609f5
$func562 @ 00284a2a:0x6ac4e
$func83 @ 00284a2a:0x16013
$func24 @ 00284a2a:0x5271
$func24 @ 00284a2a:0x51b1
$func24 @ 00284a2a:0x51b1
$func556 @ 00284a2a:0x6a4c2
$func562 @ 00284a2a:0x6ac14
$func24 @ 00284a2a:0x3404
$func24 @ 00284a2a:0x5327
$func712 @ 00284a2a:0x7c38d
$X @ 00284a2a:0x7def0
E._QTS_ExecutePendingJob @ vendors~mg-plugin.3cc39455.js:1
A.executePendingJobs @ vendors~mg-plugin.3cc39455.js:1
(anonymous) @ app.cbca4f39.js:1
Promise.then (async)
executePendingJobs @ app.cbca4f39.js:1
(anonymous) @ app.cbca4f39.js:1
i @ chunk-libs.ca58d924.js:5
setTimeout (async)
(anonymous) @ chunk-libs.ca58d924.js:5
(anonymous) @ app.cbca4f39.js:1
(anonymous) @ vendors~mg-plugin.3cc39455.js:1
A.withScope @ vendors~mg-plugin.3cc39455.js:1
A.cToHostCallbackFunction @ vendors~mg-plugin.3cc39455.js:1
A.cToHostCallbackFunction @ vendors~mg-plugin.3cc39455.js:1
$func806 @ 00284a2a:0x856b8
$func573 @ 00284a2a:0x6b75e
$func24 @ 00284a2a:0x3404
$func24 @ 00284a2a:0x51b1
$func457 @ 00284a2a:0x609f5
$func562 @ 00284a2a:0x6ac4e
$func83 @ 00284a2a:0x16013
$func24 @ 00284a2a:0x5271
$func24 @ 00284a2a:0x51b1
$func556 @ 00284a2a:0x6a4c2
$func562 @ 00284a2a:0x6ac14
$func24 @ 00284a2a:0x3404
$func24 @ 00284a2a:0x5327
$func457 @ 00284a2a:0x609f5
$func562 @ 00284a2a:0x6ac4e
$func83 @ 00284a2a:0x16013
$func24 @ 00284a2a:0x5271
$func24 @ 00284a2a:0x51b1
$func24 @ 00284a2a:0x51b1
$func556 @ 00284a2a:0x6a4c2
$func562 @ 00284a2a:0x6ac14
$func24 @ 00284a2a:0x3404
$func24 @ 00284a2a:0x5327
$func712 @ 00284a2a:0x7c38d
$X @ 00284a2a:0x7def0
E._QTS_ExecutePendingJob @ vendors~mg-plugin.3cc39455.js:1
A.executePendingJobs @ vendors~mg-plugin.3cc39455.js:1
(anonymous) @ app.cbca4f39.js:1
Promise.then (async)
executePendingJobs @ app.cbca4f39.js:1
i @ app.cbca4f39.js:1
c @ app.cbca4f39.js:1
Ns.handlePluginMessage @ app.cbca4f39.js:1
i @ chunk-libs.ca58d924.js:5
postMessage (async)
(anonymous) @ plugin-sandbox.html:26
postMessage (async)
send @ VM293:31
acknowledgeLocalRelayFile @ VM293:536
await in acknowledgeLocalRelayFile (async)
window.onmessage @ VM293:891
postMessage (async)
postMessage @ app.cbca4f39.js:1
(anonymous) @ app.cbca4f39.js:1
(anonymous) @ app.cbca4f39.js:14
(anonymous) @ vendors~mg-plugin.3cc39455.js:1
A.withScope @ vendors~mg-plugin.3cc39455.js:1
A.cToHostCallbackFunction @ vendors~mg-plugin.3cc39455.js:1
A.cToHostCallbackFunction @ vendors~mg-plugin.3cc39455.js:1
$func806 @ 00284a2a:0x856b8
$func573 @ 00284a2a:0x6b75e
$func24 @ 00284a2a:0x3404
$func24 @ 00284a2a:0x5327
$func24 @ 00284a2a:0x51b1
$func556 @ 00284a2a:0x6a4c2
$func562 @ 00284a2a:0x6ac14
$func24 @ 00284a2a:0x3404
$func24 @ 00284a2a:0x5327
$func712 @ 00284a2a:0x7c38d
$X @ 00284a2a:0x7def0
E._QTS_ExecutePendingJob @ vendors~mg-plugin.3cc39455.js:1
A.executePendingJobs @ vendors~mg-plugin.3cc39455.js:1
(anonymous) @ app.cbca4f39.js:1
Promise.then (async)
executePendingJobs @ app.cbca4f39.js:1
(anonymous) @ app.cbca4f39.js:1
i @ chunk-libs.ca58d924.js:5
setTimeout (async)
(anonymous) @ chunk-libs.ca58d924.js:5
(anonymous) @ app.cbca4f39.js:1
(anonymous) @ vendors~mg-plugin.3cc39455.js:1
A.withScope @ vendors~mg-plugin.3cc39455.js:1
A.cToHostCallbackFunction @ vendors~mg-plugin.3cc39455.js:1
A.cToHostCallbackFunction @ vendors~mg-plugin.3cc39455.js:1
$func806 @ 00284a2a:0x856b8
$func573 @ 00284a2a:0x6b75e
$func24 @ 00284a2a:0x3404
$func24 @ 00284a2a:0x51b1
$func457 @ 00284a2a:0x609f5
$func562 @ 00284a2a:0x6ac4e
$func83 @ 00284a2a:0x16013
$func24 @ 00284a2a:0x5271
$func24 @ 00284a2a:0x51b1
$func556 @ 00284a2a:0x6a4c2
$func562 @ 00284a2a:0x6ac14
$func24 @ 00284a2a:0x3404
$func24 @ 00284a2a:0x5327
$func457 @ 00284a2a:0x609f5
$func562 @ 00284a2a:0x6ac4e
$func83 @ 00284a2a:0x16013
$func24 @ 00284a2a:0x5271
$func24 @ 00284a2a:0x51b1
$func24 @ 00284a2a:0x51b1
$func556 @ 00284a2a:0x6a4c2
$func562 @ 00284a2a:0x6ac14
$func24 @ 00284a2a:0x3404
$func24 @ 00284a2a:0x5327
$func712 @ 00284a2a:0x7c38d
$X @ 00284a2a:0x7def0
E._QTS_ExecutePendingJob @ vendors~mg-plugin.3cc39455.js:1
A.executePendingJobs @ vendors~mg-plugin.3cc39455.js:1
(anonymous) @ app.cbca4f39.js:1
Promise.then (async)
executePendingJobs @ app.cbca4f39.js:1
i @ app.cbca4f39.js:1
c @ app.cbca4f39.js:1
Ns.handlePluginMessage @ app.cbca4f39.js:1
i @ chunk-libs.ca58d924.js:5
postMessage (async)
(anonymous) @ plugin-sandbox.html:26
postMessage (async)
send @ VM293:31
acknowledgeLocalRelayFile @ VM293:536
await in acknowledgeLocalRelayFile (async)
window.onmessage @ VM293:891
postMessage (async)
postMessage @ app.cbca4f39.js:1
(anonymous) @ app.cbca4f39.js:1
(anonymous) @ app.cbca4f39.js:14
(anonymous) @ vendors~mg-plugin.3cc39455.js:1
A.withScope @ vendors~mg-plugin.3cc39455.js:1
A.cToHostCallbackFunction @ vendors~mg-plugin.3cc39455.js:1
A.cToHostCallbackFunction @ vendors~mg-plugin.3cc39455.js:1
$func806 @ 00284a2a:0x856b8
$func573 @ 00284a2a:0x6b75e
$func24 @ 00284a2a:0x3404
$func24 @ 00284a2a:0x5327
$func24 @ 00284a2a:0x51b1
$func556 @ 00284a2a:0x6a4c2
$func562 @ 00284a2a:0x6ac14
$func24 @ 00284a2a:0x3404
$func24 @ 00284a2a:0x5327
$func712 @ 00284a2a:0x7c38d
$X @ 00284a2a:0x7def0
E._QTS_ExecutePendingJob @ vendors~mg-plugin.3cc39455.js:1
A.executePendingJobs @ vendors~mg-plugin.3cc39455.js:1
(anonymous) @ app.cbca4f39.js:1
Promise.then (async)
executePendingJobs @ app.cbca4f39.js:1
(anonymous) @ app.cbca4f39.js:1
i @ chunk-libs.ca58d924.js:5
setTimeout (async)
(anonymous) @ chunk-libs.ca58d924.js:5
(anonymous) @ app.cbca4f39.js:1
(anonymous) @ vendors~mg-plugin.3cc39455.js:1
A.withScope @ vendors~mg-plugin.3cc39455.js:1
A.cToHostCallbackFunction @ vendors~mg-plugin.3cc39455.js:1
A.cToHostCallbackFunction @ vendors~mg-plugin.3cc39455.js:1
$func806 @ 00284a2a:0x856b8
$func573 @ 00284a2a:0x6b75e
$func24 @ 00284a2a:0x3404
$func24 @ 00284a2a:0x51b1
$func457 @ 00284a2a:0x609f5
$func562 @ 00284a2a:0x6ac4e
$func83 @ 00284a2a:0x16013
$func24 @ 00284a2a:0x5271
$func24 @ 00284a2a:0x51b1
$func556 @ 00284a2a:0x6a4c2
$func562 @ 00284a2a:0x6ac14
$func24 @ 00284a2a:0x3404
$func24 @ 00284a2a:0x5327
$func457 @ 00284a2a:0x609f5
$func562 @ 00284a2a:0x6ac4e
$func83 @ 00284a2a:0x16013
$func24 @ 00284a2a:0x5271
$func24 @ 00284a2a:0x51b1
$func24 @ 00284a2a:0x51b1
$func556 @ 00284a2a:0x6a4c2
$func562 @ 00284a2a:0x6ac14
$func24 @ 00284a2a:0x3404
$func24 @ 00284a2a:0x5327
$func712 @ 00284a2a:0x7c38d
$X @ 00284a2a:0x7def0
E._QTS_ExecutePendingJob @ vendors~mg-plugin.3cc39455.js:1
A.executePendingJobs @ vendors~mg-plugin.3cc39455.js:1
(anonymous) @ app.cbca4f39.js:1
Promise.then (async)
executePendingJobs @ app.cbca4f39.js:1
i @ app.cbca4f39.js:1
c @ app.cbca4f39.js:1
Ns.handlePluginMessage @ app.cbca4f39.js:1
i @ chunk-libs.ca58d924.js:5
postMessage (async)
(anonymous) @ plugin-sandbox.html:26
chunk-libs.ca58d924.js:127 [MasterGo2Figma] Single layer record exceeds chunk byte target {"recordBytes":73022,"chunkMaxBytes":65536,"page":"agent 1","transfer":{"transferId":"export-1779262727345-7949022959725411","filename":"mastergo2figma-partial-pages-part-001-of-001-segment-001-agent-2026-05-20T07-38-47-345Z.zip","fileIndex":158,"postedChunks":3098,"streamedBytes":5410315}}
(anonymous) @ chunk-libs.ca58d924.js:127
(anonymous) @ app.cbca4f39.js:1
(anonymous) @ vendors~mg-plugin.3cc39455.js:1
A.withScope @ vendors~mg-plugin.3cc39455.js:1
A.cToHostCallbackFunction @ vendors~mg-plugin.3cc39455.js:1
A.cToHostCallbackFunction @ vendors~mg-plugin.3cc39455.js:1
$func806 @ 00284a2a:0x856b8
$func573 @ 00284a2a:0x6b75e
$func24 @ 00284a2a:0x3404
$func24 @ 00284a2a:0x5327
$func24 @ 00284a2a:0x51b1
$func556 @ 00284a2a:0x6a4c2
$func562 @ 00284a2a:0x6ac14
$func24 @ 00284a2a:0x3404
$func24 @ 00284a2a:0x5327
$func457 @ 00284a2a:0x609f5
$func562 @ 00284a2a:0x6ac4e
$func83 @ 00284a2a:0x16013
$func24 @ 00284a2a:0x5271
$func24 @ 00284a2a:0x51b1
$func24 @ 00284a2a:0x51b1
$func556 @ 00284a2a:0x6a4c2
$func562 @ 00284a2a:0x6ac14
$func24 @ 00284a2a:0x3404
$func24 @ 00284a2a:0x5327
$func712 @ 00284a2a:0x7c38d
$X @ 00284a2a:0x7def0
E._QTS_ExecutePendingJob @ vendors~mg-plugin.3cc39455.js:1
A.executePendingJobs @ vendors~mg-plugin.3cc39455.js:1
(anonymous) @ app.cbca4f39.js:1
Promise.then (async)
executePendingJobs @ app.cbca4f39.js:1
i @ app.cbca4f39.js:1
c @ app.cbca4f39.js:1
Ns.handlePluginMessage @ app.cbca4f39.js:1
i @ chunk-libs.ca58d924.js:5
postMessage (async)
(anonymous) @ plugin-sandbox.html:26
postMessage (async)
send @ VM293:31
acknowledgeLocalRelayFile @ VM293:536
await in acknowledgeLocalRelayFile (async)
window.onmessage @ VM293:891
postMessage (async)
postMessage @ app.cbca4f39.js:1
(anonymous) @ app.cbca4f39.js:1
(anonymous) @ app.cbca4f39.js:14
(anonymous) @ vendors~mg-plugin.3cc39455.js:1
A.withScope @ vendors~mg-plugin.3cc39455.js:1
A.cToHostCallbackFunction @ vendors~mg-plugin.3cc39455.js:1
A.cToHostCallbackFunction @ vendors~mg-plugin.3cc39455.js:1
$func806 @ 00284a2a:0x856b8
$func573 @ 00284a2a:0x6b75e
$func24 @ 00284a2a:0x3404
$func24 @ 00284a2a:0x5327
$func24 @ 00284a2a:0x51b1
$func556 @ 00284a2a:0x6a4c2
$func562 @ 00284a2a:0x6ac14
$func24 @ 00284a2a:0x3404
$func24 @ 00284a2a:0x5327
$func712 @ 00284a2a:0x7c38d
$X @ 00284a2a:0x7def0
E._QTS_ExecutePendingJob @ vendors~mg-plugin.3cc39455.js:1
A.executePendingJobs @ vendors~mg-plugin.3cc39455.js:1
(anonymous) @ app.cbca4f39.js:1
Promise.then (async)
executePendingJobs @ app.cbca4f39.js:1
(anonymous) @ app.cbca4f39.js:1
i @ chunk-libs.ca58d924.js:5
setTimeout (async)
(anonymous) @ chunk-libs.ca58d924.js:5
(anonymous) @ app.cbca4f39.js:1
(anonymous) @ vendors~mg-plugin.3cc39455.js:1
A.withScope @ vendors~mg-plugin.3cc39455.js:1
A.cToHostCallbackFunction @ vendors~mg-plugin.3cc39455.js:1
A.cToHostCallbackFunction @ vendors~mg-plugin.3cc39455.js:1
$func806 @ 00284a2a:0x856b8
$func573 @ 00284a2a:0x6b75e
$func24 @ 00284a2a:0x3404
$func24 @ 00284a2a:0x51b1
$func457 @ 00284a2a:0x609f5
$func562 @ 00284a2a:0x6ac4e
$func83 @ 00284a2a:0x16013
$func24 @ 00284a2a:0x5271
$func24 @ 00284a2a:0x51b1
$func556 @ 00284a2a:0x6a4c2
$func562 @ 00284a2a:0x6ac14
$func24 @ 00284a2a:0x3404
$func24 @ 00284a2a:0x5327
$func457 @ 00284a2a:0x609f5
$func562 @ 00284a2a:0x6ac4e
$func83 @ 00284a2a:0x16013
$func24 @ 00284a2a:0x5271
$func24 @ 00284a2a:0x51b1
$func24 @ 00284a2a:0x51b1
$func556 @ 00284a2a:0x6a4c2
$func562 @ 00284a2a:0x6ac14
$func24 @ 00284a2a:0x3404
$func24 @ 00284a2a:0x5327
$func712 @ 00284a2a:0x7c38d
$X @ 00284a2a:0x7def0
E._QTS_ExecutePendingJob @ vendors~mg-plugin.3cc39455.js:1
A.executePendingJobs @ vendors~mg-plugin.3cc39455.js:1
(anonymous) @ app.cbca4f39.js:1
Promise.then (async)
executePendingJobs @ app.cbca4f39.js:1
i @ app.cbca4f39.js:1
c @ app.cbca4f39.js:1
Ns.handlePluginMessage @ app.cbca4f39.js:1
i @ chunk-libs.ca58d924.js:5
postMessage (async)
(anonymous) @ plugin-sandbox.html:26
postMessage (async)
send @ VM293:31
acknowledgeLocalRelayFile @ VM293:536
await in acknowledgeLocalRelayFile (async)
window.onmessage @ VM293:891
postMessage (async)
postMessage @ app.cbca4f39.js:1
(anonymous) @ app.cbca4f39.js:1
(anonymous) @ app.cbca4f39.js:14
(anonymous) @ vendors~mg-plugin.3cc39455.js:1
A.withScope @ vendors~mg-plugin.3cc39455.js:1
A.cToHostCallbackFunction @ vendors~mg-plugin.3cc39455.js:1
A.cToHostCallbackFunction @ vendors~mg-plugin.3cc39455.js:1
$func806 @ 00284a2a:0x856b8
$func573 @ 00284a2a:0x6b75e
$func24 @ 00284a2a:0x3404
$func24 @ 00284a2a:0x5327
$func24 @ 00284a2a:0x51b1
$func556 @ 00284a2a:0x6a4c2
$func562 @ 00284a2a:0x6ac14
$func24 @ 00284a2a:0x3404
$func24 @ 00284a2a:0x5327
$func712 @ 00284a2a:0x7c38d
$X @ 00284a2a:0x7def0
E._QTS_ExecutePendingJob @ vendors~mg-plugin.3cc39455.js:1
A.executePendingJobs @ vendors~mg-plugin.3cc39455.js:1
(anonymous) @ app.cbca4f39.js:1
Promise.then (async)
executePendingJobs @ app.cbca4f39.js:1
(anonymous) @ app.cbca4f39.js:1
i @ chunk-libs.ca58d924.js:5
setTimeout (async)
(anonymous) @ chunk-libs.ca58d924.js:5
(anonymous) @ app.cbca4f39.js:1
(anonymous) @ vendors~mg-plugin.3cc39455.js:1
A.withScope @ vendors~mg-plugin.3cc39455.js:1
A.cToHostCallbackFunction @ vendors~mg-plugin.3cc39455.js:1
A.cToHostCallbackFunction @ vendors~mg-plugin.3cc39455.js:1
$func806 @ 00284a2a:0x856b8
$func573 @ 00284a2a:0x6b75e
$func24 @ 00284a2a:0x3404
$func24 @ 00284a2a:0x51b1
$func457 @ 00284a2a:0x609f5
$func562 @ 00284a2a:0x6ac4e
$func83 @ 00284a2a:0x16013
$func24 @ 00284a2a:0x5271
$func24 @ 00284a2a:0x51b1
$func556 @ 00284a2a:0x6a4c2
$func562 @ 00284a2a:0x6ac14
$func24 @ 00284a2a:0x3404
$func24 @ 00284a2a:0x5327
$func457 @ 00284a2a:0x609f5
$func562 @ 00284a2a:0x6ac4e
$func83 @ 00284a2a:0x16013
$func24 @ 00284a2a:0x5271
$func24 @ 00284a2a:0x51b1
$func24 @ 00284a2a:0x51b1
$func556 @ 00284a2a:0x6a4c2
$func562 @ 00284a2a:0x6ac14
$func24 @ 00284a2a:0x3404
$func24 @ 00284a2a:0x5327
$func712 @ 00284a2a:0x7c38d
$X @ 00284a2a:0x7def0
E._QTS_ExecutePendingJob @ vendors~mg-plugin.3cc39455.js:1
A.executePendingJobs @ vendors~mg-plugin.3cc39455.js:1
(anonymous) @ app.cbca4f39.js:1
Promise.then (async)
executePendingJobs @ app.cbca4f39.js:1
(anonymous) @ app.cbca4f39.js:1
i @ chunk-libs.ca58d924.js:5
setTimeout (async)
(anonymous) @ chunk-libs.ca58d924.js:5
(anonymous) @ app.cbca4f39.js:1
(anonymous) @ vendors~mg-plugin.3cc39455.js:1
A.withScope @ vendors~mg-plugin.3cc39455.js:1
A.cToHostCallbackFunction @ vendors~mg-plugin.3cc39455.js:1
A.cToHostCallbackFunction @ vendors~mg-plugin.3cc39455.js:1
$func806 @ 00284a2a:0x856b8
$func573 @ 00284a2a:0x6b75e
$func24 @ 00284a2a:0x3404
$func24 @ 00284a2a:0x51b1
$func457 @ 00284a2a:0x609f5
$func562 @ 00284a2a:0x6ac4e
$func83 @ 00284a2a:0x16013
$func24 @ 00284a2a:0x5271
$func24 @ 00284a2a:0x51b1
$func556 @ 00284a2a:0x6a4c2
$func562 @ 00284a2a:0x6ac14
$func24 @ 00284a2a:0x3404
$func24 @ 00284a2a:0x5327
$func457 @ 00284a2a:0x609f5
$func562 @ 00284a2a:0x6ac4e
$func83 @ 00284a2a:0x16013
$func24 @ 00284a2a:0x5271
$func24 @ 00284a2a:0x51b1
$func24 @ 00284a2a:0x51b1
$func556 @ 00284a2a:0x6a4c2
$func562 @ 00284a2a:0x6ac14
$func24 @ 00284a2a:0x3404
$func24 @ 00284a2a:0x5327
$func712 @ 00284a2a:0x7c38d
$X @ 00284a2a:0x7def0
E._QTS_ExecutePendingJob @ vendors~mg-plugin.3cc39455.js:1
A.executePendingJobs @ vendors~mg-plugin.3cc39455.js:1
(anonymous) @ app.cbca4f39.js:1
Promise.then (async)
executePendingJobs @ app.cbca4f39.js:1
i @ app.cbca4f39.js:1
c @ app.cbca4f39.js:1
Ns.handlePluginMessage @ app.cbca4f39.js:1
i @ chunk-libs.ca58d924.js:5
postMessage (async)
(anonymous) @ plugin-sandbox.html:26
postMessage (async)
send @ VM293:31
acknowledgeLocalRelayFile @ VM293:536
await in acknowledgeLocalRelayFile (async)
window.onmessage @ VM293:891
postMessage (async)
postMessage @ app.cbca4f39.js:1
(anonymous) @ app.cbca4f39.js:1
(anonymous) @ app.cbca4f39.js:14
(anonymous) @ vendors~mg-plugin.3cc39455.js:1
A.withScope @ vendors~mg-plugin.3cc39455.js:1
A.cToHostCallbackFunction @ vendors~mg-plugin.3cc39455.js:1
A.cToHostCallbackFunction @ vendors~mg-plugin.3cc39455.js:1
$func806 @ 00284a2a:0x856b8
$func573 @ 00284a2a:0x6b75e
$func24 @ 00284a2a:0x3404
$func24 @ 00284a2a:0x5327
$func24 @ 00284a2a:0x51b1
$func556 @ 00284a2a:0x6a4c2
$func562 @ 00284a2a:0x6ac14
$func24 @ 00284a2a:0x3404
$func24 @ 00284a2a:0x5327
$func712 @ 00284a2a:0x7c38d
$X @ 00284a2a:0x7def0
E._QTS_ExecutePendingJob @ vendors~mg-plugin.3cc39455.js:1
A.executePendingJobs @ vendors~mg-plugin.3cc39455.js:1
(anonymous) @ app.cbca4f39.js:1
Promise.then (async)
executePendingJobs @ app.cbca4f39.js:1
(anonymous) @ app.cbca4f39.js:1
i @ chunk-libs.ca58d924.js:5
setTimeout (async)
(anonymous) @ chunk-libs.ca58d924.js:5
(anonymous) @ app.cbca4f39.js:1
(anonymous) @ vendors~mg-plugin.3cc39455.js:1
A.withScope @ vendors~mg-plugin.3cc39455.js:1
A.cToHostCallbackFunction @ vendors~mg-plugin.3cc39455.js:1
A.cToHostCallbackFunction @ vendors~mg-plugin.3cc39455.js:1
$func806 @ 00284a2a:0x856b8
$func573 @ 00284a2a:0x6b75e
$func24 @ 00284a2a:0x3404
$func24 @ 00284a2a:0x51b1
$func457 @ 00284a2a:0x609f5
$func562 @ 00284a2a:0x6ac4e
$func83 @ 00284a2a:0x16013
$func24 @ 00284a2a:0x5271
$func24 @ 00284a2a:0x51b1
$func556 @ 00284a2a:0x6a4c2
$func562 @ 00284a2a:0x6ac14
$func24 @ 00284a2a:0x3404
$func24 @ 00284a2a:0x5327
$func457 @ 00284a2a:0x609f5
$func562 @ 00284a2a:0x6ac4e
$func83 @ 00284a2a:0x16013
$func24 @ 00284a2a:0x5271
$func24 @ 00284a2a:0x51b1
$func24 @ 00284a2a:0x51b1
$func556 @ 00284a2a:0x6a4c2
$func562 @ 00284a2a:0x6ac14
$func24 @ 00284a2a:0x3404
$func24 @ 00284a2a:0x5327
$func712 @ 00284a2a:0x7c38d
$X @ 00284a2a:0x7def0
E._QTS_ExecutePendingJob @ vendors~mg-plugin.3cc39455.js:1
A.executePendingJobs @ vendors~mg-plugin.3cc39455.js:1
(anonymous) @ app.cbca4f39.js:1
Promise.then (async)
executePendingJobs @ app.cbca4f39.js:1
i @ app.cbca4f39.js:1
c @ app.cbca4f39.js:1
Ns.handlePluginMessage @ app.cbca4f39.js:1
i @ chunk-libs.ca58d924.js:5
postMessage (async)
(anonymous) @ plugin-sandbox.html:26
postMessage (async)
send @ VM293:31
acknowledgeLocalRelayFile @ VM293:536
await in acknowledgeLocalRelayFile (async)
window.onmessage @ VM293:891
postMessage (async)
postMessage @ app.cbca4f39.js:1
(anonymous) @ app.cbca4f39.js:1
(anonymous) @ app.cbca4f39.js:14
(anonymous) @ vendors~mg-plugin.3cc39455.js:1
A.withScope @ vendors~mg-plugin.3cc39455.js:1
A.cToHostCallbackFunction @ vendors~mg-plugin.3cc39455.js:1
A.cToHostCallbackFunction @ vendors~mg-plugin.3cc39455.js:1
$func806 @ 00284a2a:0x856b8
$func573 @ 00284a2a:0x6b75e
$func24 @ 00284a2a:0x3404
$func24 @ 00284a2a:0x5327
$func24 @ 00284a2a:0x51b1
$func556 @ 00284a2a:0x6a4c2
$func562 @ 00284a2a:0x6ac14
$func24 @ 00284a2a:0x3404
$func24 @ 00284a2a:0x5327
$func712 @ 00284a2a:0x7c38d
$X @ 00284a2a:0x7def0
E._QTS_ExecutePendingJob @ vendors~mg-plugin.3cc39455.js:1
A.executePendingJobs @ vendors~mg-plugin.3cc39455.js:1
(anonymous) @ app.cbca4f39.js:1
Promise.then (async)
executePendingJobs @ app.cbca4f39.js:1
(anonymous) @ app.cbca4f39.js:1
i @ chunk-libs.ca58d924.js:5
setTimeout (async)
(anonymous) @ chunk-libs.ca58d924.js:5
(anonymous) @ app.cbca4f39.js:1
(anonymous) @ vendors~mg-plugin.3cc39455.js:1
A.withScope @ vendors~mg-plugin.3cc39455.js:1
A.cToHostCallbackFunction @ vendors~mg-plugin.3cc39455.js:1
A.cToHostCallbackFunction @ vendors~mg-plugin.3cc39455.js:1
$func806 @ 00284a2a:0x856b8
$func573 @ 00284a2a:0x6b75e
$func24 @ 00284a2a:0x3404
$func24 @ 00284a2a:0x51b1
$func457 @ 00284a2a:0x609f5
$func562 @ 00284a2a:0x6ac4e
$func83 @ 00284a2a:0x16013
$func24 @ 00284a2a:0x5271
$func24 @ 00284a2a:0x51b1
$func556 @ 00284a2a:0x6a4c2
$func562 @ 00284a2a:0x6ac14
$func24 @ 00284a2a:0x3404
$func24 @ 00284a2a:0x5327
$func457 @ 00284a2a:0x609f5
$func562 @ 00284a2a:0x6ac4e
$func83 @ 00284a2a:0x16013
$func24 @ 00284a2a:0x5271
$func24 @ 00284a2a:0x51b1
$func24 @ 00284a2a:0x51b1
$func556 @ 00284a2a:0x6a4c2
$func562 @ 00284a2a:0x6ac14
$func24 @ 00284a2a:0x3404
$func24 @ 00284a2a:0x5327
$func712 @ 00284a2a:0x7c38d
$X @ 00284a2a:0x7def0
E._QTS_ExecutePendingJob @ vendors~mg-plugin.3cc39455.js:1
A.executePendingJobs @ vendors~mg-plugin.3cc39455.js:1
(anonymous) @ app.cbca4f39.js:1
Promise.then (async)
executePendingJobs @ app.cbca4f39.js:1
i @ app.cbca4f39.js:1
c @ app.cbca4f39.js:1
Ns.handlePluginMessage @ app.cbca4f39.js:1
i @ chunk-libs.ca58d924.js:5
postMessage (async)
(anonymous) @ plugin-sandbox.html:26
chunk-libs.ca58d924.js:127 [MasterGo2Figma] Layer chunk flush {"page":"agent 1","path":"pages/page-001-agent/layers/layers-160.json","chunkIndex":160,"records":1,"bytes":73023,"processedNodes":4081,"transfer":{"transferId":"export-1779262727345-7949022959725411","filename":"mastergo2figma-partial-pages-part-001-of-001-segment-001-agent-2026-05-20T07-38-47-345Z.zip","fileIndex":159,"postedChunks":3105,"streamedBytes":5420877}}
chunk-libs.ca58d924.js:127 [MasterGo2Figma] Large layer record {"page":"agent","node":"联集 56 (PEN, 72:21980)","recordBytes":73022,"chunkBytes":19300,"chunkRecords":11,"complexity":{"name":"联集 56","message":"","stack":"[Stack Hidden]"},"transfer":{"transferId":"export-1779262727345-7949022959725411","filename":"mastergo2figma-partial-pages-part-001-of-001-segment-001-agent-2026-05-20T07-38-47-345Z.zip","fileIndex":179,"postedChunks":3492,"streamedBytes":6047023}}
(anonymous) @ chunk-libs.ca58d924.js:127
(anonymous) @ app.cbca4f39.js:1
(anonymous) @ vendors~mg-plugin.3cc39455.js:1
A.withScope @ vendors~mg-plugin.3cc39455.js:1
A.cToHostCallbackFunction @ vendors~mg-plugin.3cc39455.js:1
A.cToHostCallbackFunction @ vendors~mg-plugin.3cc39455.js:1
$func806 @ 00284a2a:0x856b8
$func573 @ 00284a2a:0x6b75e
$func24 @ 00284a2a:0x3404
$func24 @ 00284a2a:0x5327
$func24 @ 00284a2a:0x51b1
$func556 @ 00284a2a:0x6a4c2
$func562 @ 00284a2a:0x6ac14
$func24 @ 00284a2a:0x3404
$func24 @ 00284a2a:0x5327
$func712 @ 00284a2a:0x7c38d
$X @ 00284a2a:0x7def0
E._QTS_ExecutePendingJob @ vendors~mg-plugin.3cc39455.js:1
A.executePendingJobs @ vendors~mg-plugin.3cc39455.js:1
(anonymous) @ app.cbca4f39.js:1
Promise.then (async)
executePendingJobs @ app.cbca4f39.js:1
(anonymous) @ app.cbca4f39.js:1
i @ chunk-libs.ca58d924.js:5
setTimeout (async)
(anonymous) @ chunk-libs.ca58d924.js:5
(anonymous) @ app.cbca4f39.js:1
(anonymous) @ vendors~mg-plugin.3cc39455.js:1
A.withScope @ vendors~mg-plugin.3cc39455.js:1
A.cToHostCallbackFunction @ vendors~mg-plugin.3cc39455.js:1
A.cToHostCallbackFunction @ vendors~mg-plugin.3cc39455.js:1
$func806 @ 00284a2a:0x856b8
$func573 @ 00284a2a:0x6b75e
$func24 @ 00284a2a:0x3404
$func24 @ 00284a2a:0x51b1
$func457 @ 00284a2a:0x609f5
$func562 @ 00284a2a:0x6ac4e
$func83 @ 00284a2a:0x16013
$func24 @ 00284a2a:0x5271
$func24 @ 00284a2a:0x51b1
$func556 @ 00284a2a:0x6a4c2
$func562 @ 00284a2a:0x6ac14
$func24 @ 00284a2a:0x3404
$func24 @ 00284a2a:0x5327
$func457 @ 00284a2a:0x609f5
$func562 @ 00284a2a:0x6ac4e
$func83 @ 00284a2a:0x16013
$func24 @ 00284a2a:0x5271
$func24 @ 00284a2a:0x51b1
$func24 @ 00284a2a:0x51b1
$func556 @ 00284a2a:0x6a4c2
$func562 @ 00284a2a:0x6ac14
$func24 @ 00284a2a:0x3404
$func24 @ 00284a2a:0x5327
$func712 @ 00284a2a:0x7c38d
$X @ 00284a2a:0x7def0
E._QTS_ExecutePendingJob @ vendors~mg-plugin.3cc39455.js:1
A.executePendingJobs @ vendors~mg-plugin.3cc39455.js:1
(anonymous) @ app.cbca4f39.js:1
Promise.then (async)
executePendingJobs @ app.cbca4f39.js:1
i @ app.cbca4f39.js:1
c @ app.cbca4f39.js:1
Ns.handlePluginMessage @ app.cbca4f39.js:1
i @ chunk-libs.ca58d924.js:5
postMessage (async)
(anonymous) @ plugin-sandbox.html:26
postMessage (async)
send @ VM293:31
acknowledgeLocalRelayFile @ VM293:536
await in acknowledgeLocalRelayFile (async)
window.onmessage @ VM293:891
postMessage (async)
postMessage @ app.cbca4f39.js:1
(anonymous) @ app.cbca4f39.js:1
(anonymous) @ app.cbca4f39.js:14
(anonymous) @ vendors~mg-plugin.3cc39455.js:1
A.withScope @ vendors~mg-plugin.3cc39455.js:1
A.cToHostCallbackFunction @ vendors~mg-plugin.3cc39455.js:1
A.cToHostCallbackFunction @ vendors~mg-plugin.3cc39455.js:1
$func806 @ 00284a2a:0x856b8
$func573 @ 00284a2a:0x6b75e
$func24 @ 00284a2a:0x3404
$func24 @ 00284a2a:0x5327
$func24 @ 00284a2a:0x51b1
$func556 @ 00284a2a:0x6a4c2
$func562 @ 00284a2a:0x6ac14
$func24 @ 00284a2a:0x3404
$func24 @ 00284a2a:0x5327
$func712 @ 00284a2a:0x7c38d
$X @ 00284a2a:0x7def0
E._QTS_ExecutePendingJob @ vendors~mg-plugin.3cc39455.js:1
A.executePendingJobs @ vendors~mg-plugin.3cc39455.js:1
(anonymous) @ app.cbca4f39.js:1
Promise.then (async)
executePendingJobs @ app.cbca4f39.js:1
(anonymous) @ app.cbca4f39.js:1
i @ chunk-libs.ca58d924.js:5
setTimeout (async)
(anonymous) @ chunk-libs.ca58d924.js:5
(anonymous) @ app.cbca4f39.js:1
(anonymous) @ vendors~mg-plugin.3cc39455.js:1
A.withScope @ vendors~mg-plugin.3cc39455.js:1
A.cToHostCallbackFunction @ vendors~mg-plugin.3cc39455.js:1
A.cToHostCallbackFunction @ vendors~mg-plugin.3cc39455.js:1
$func806 @ 00284a2a:0x856b8
$func573 @ 00284a2a:0x6b75e
$func24 @ 00284a2a:0x3404
$func24 @ 00284a2a:0x51b1
$func457 @ 00284a2a:0x609f5
$func562 @ 00284a2a:0x6ac4e
$func83 @ 00284a2a:0x16013
$func24 @ 00284a2a:0x5271
$func24 @ 00284a2a:0x51b1
$func556 @ 00284a2a:0x6a4c2
$func562 @ 00284a2a:0x6ac14
$func24 @ 00284a2a:0x3404
$func24 @ 00284a2a:0x5327
$func457 @ 00284a2a:0x609f5
$func562 @ 00284a2a:0x6ac4e
$func83 @ 00284a2a:0x16013
$func24 @ 00284a2a:0x5271
$func24 @ 00284a2a:0x51b1
$func24 @ 00284a2a:0x51b1
$func556 @ 00284a2a:0x6a4c2
$func562 @ 00284a2a:0x6ac14
$func24 @ 00284a2a:0x3404
$func24 @ 00284a2a:0x5327
$func712 @ 00284a2a:0x7c38d
$X @ 00284a2a:0x7def0
E._QTS_ExecutePendingJob @ vendors~mg-plugin.3cc39455.js:1
A.executePendingJobs @ vendors~mg-plugin.3cc39455.js:1
(anonymous) @ app.cbca4f39.js:1
Promise.then (async)
executePendingJobs @ app.cbca4f39.js:1
i @ app.cbca4f39.js:1
c @ app.cbca4f39.js:1
Ns.handlePluginMessage @ app.cbca4f39.js:1
i @ chunk-libs.ca58d924.js:5
postMessage (async)
(anonymous) @ plugin-sandbox.html:26
postMessage (async)
send @ VM293:31
acknowledgeLocalRelayFile @ VM293:536
await in acknowledgeLocalRelayFile (async)
window.onmessage @ VM293:891
postMessage (async)
postMessage @ app.cbca4f39.js:1
(anonymous) @ app.cbca4f39.js:1
(anonymous) @ app.cbca4f39.js:14
(anonymous) @ vendors~mg-plugin.3cc39455.js:1
A.withScope @ vendors~mg-plugin.3cc39455.js:1
A.cToHostCallbackFunction @ vendors~mg-plugin.3cc39455.js:1
A.cToHostCallbackFunction @ vendors~mg-plugin.3cc39455.js:1
$func806 @ 00284a2a:0x856b8
$func573 @ 00284a2a:0x6b75e
$func24 @ 00284a2a:0x3404
$func24 @ 00284a2a:0x5327
$func24 @ 00284a2a:0x51b1
$func556 @ 00284a2a:0x6a4c2
$func562 @ 00284a2a:0x6ac14
$func24 @ 00284a2a:0x3404
$func24 @ 00284a2a:0x5327
$func712 @ 00284a2a:0x7c38d
$X @ 00284a2a:0x7def0
E._QTS_ExecutePendingJob @ vendors~mg-plugin.3cc39455.js:1
A.executePendingJobs @ vendors~mg-plugin.3cc39455.js:1
(anonymous) @ app.cbca4f39.js:1
Promise.then (async)
executePendingJobs @ app.cbca4f39.js:1
(anonymous) @ app.cbca4f39.js:1
i @ chunk-libs.ca58d924.js:5
setTimeout (async)
(anonymous) @ chunk-libs.ca58d924.js:5
(anonymous) @ app.cbca4f39.js:1
(anonymous) @ vendors~mg-plugin.3cc39455.js:1
A.withScope @ vendors~mg-plugin.3cc39455.js:1
A.cToHostCallbackFunction @ vendors~mg-plugin.3cc39455.js:1
A.cToHostCallbackFunction @ vendors~mg-plugin.3cc39455.js:1
$func806 @ 00284a2a:0x856b8
$func573 @ 00284a2a:0x6b75e
$func24 @ 00284a2a:0x3404
$func24 @ 00284a2a:0x51b1
$func457 @ 00284a2a:0x609f5
$func562 @ 00284a2a:0x6ac4e
$func83 @ 00284a2a:0x16013
$func24 @ 00284a2a:0x5271
$func24 @ 00284a2a:0x51b1
$func556 @ 00284a2a:0x6a4c2
$func562 @ 00284a2a:0x6ac14
$func24 @ 00284a2a:0x3404
$func24 @ 00284a2a:0x5327
$func457 @ 00284a2a:0x609f5
$func562 @ 00284a2a:0x6ac4e
$func83 @ 00284a2a:0x16013
$func24 @ 00284a2a:0x5271
$func24 @ 00284a2a:0x51b1
$func24 @ 00284a2a:0x51b1
$func556 @ 00284a2a:0x6a4c2
$func562 @ 00284a2a:0x6ac14
$func24 @ 00284a2a:0x3404
$func24 @ 00284a2a:0x5327
$func712 @ 00284a2a:0x7c38d
$X @ 00284a2a:0x7def0
E._QTS_ExecutePendingJob @ vendors~mg-plugin.3cc39455.js:1
A.executePendingJobs @ vendors~mg-plugin.3cc39455.js:1
(anonymous) @ app.cbca4f39.js:1
Promise.then (async)
executePendingJobs @ app.cbca4f39.js:1
(anonymous) @ app.cbca4f39.js:1
i @ chunk-libs.ca58d924.js:5
setTimeout (async)
(anonymous) @ chunk-libs.ca58d924.js:5
(anonymous) @ app.cbca4f39.js:1
(anonymous) @ vendors~mg-plugin.3cc39455.js:1
A.withScope @ vendors~mg-plugin.3cc39455.js:1
A.cToHostCallbackFunction @ vendors~mg-plugin.3cc39455.js:1
A.cToHostCallbackFunction @ vendors~mg-plugin.3cc39455.js:1
$func806 @ 00284a2a:0x856b8
$func573 @ 00284a2a:0x6b75e
$func24 @ 00284a2a:0x3404
$func24 @ 00284a2a:0x51b1
$func457 @ 00284a2a:0x609f5
$func562 @ 00284a2a:0x6ac4e
$func83 @ 00284a2a:0x16013
$func24 @ 00284a2a:0x5271
$func24 @ 00284a2a:0x51b1
$func556 @ 00284a2a:0x6a4c2
$func562 @ 00284a2a:0x6ac14
$func24 @ 00284a2a:0x3404
$func24 @ 00284a2a:0x5327
$func457 @ 00284a2a:0x609f5
$func562 @ 00284a2a:0x6ac4e
$func83 @ 00284a2a:0x16013
$func24 @ 00284a2a:0x5271
$func24 @ 00284a2a:0x51b1
$func24 @ 00284a2a:0x51b1
$func556 @ 00284a2a:0x6a4c2
$func562 @ 00284a2a:0x6ac14
$func24 @ 00284a2a:0x3404
$func24 @ 00284a2a:0x5327
$func712 @ 00284a2a:0x7c38d
$X @ 00284a2a:0x7def0
E._QTS_ExecutePendingJob @ vendors~mg-plugin.3cc39455.js:1
A.executePendingJobs @ vendors~mg-plugin.3cc39455.js:1
(anonymous) @ app.cbca4f39.js:1
Promise.then (async)
executePendingJobs @ app.cbca4f39.js:1
i @ app.cbca4f39.js:1
c @ app.cbca4f39.js:1
Ns.handlePluginMessage @ app.cbca4f39.js:1
i @ chunk-libs.ca58d924.js:5
postMessage (async)
(anonymous) @ plugin-sandbox.html:26
postMessage (async)
send @ VM293:31
acknowledgeLocalRelayFile @ VM293:536
await in acknowledgeLocalRelayFile (async)
window.onmessage @ VM293:891
postMessage (async)
postMessage @ app.cbca4f39.js:1
(anonymous) @ app.cbca4f39.js:1
(anonymous) @ app.cbca4f39.js:14
(anonymous) @ vendors~mg-plugin.3cc39455.js:1
A.withScope @ vendors~mg-plugin.3cc39455.js:1
A.cToHostCallbackFunction @ vendors~mg-plugin.3cc39455.js:1
A.cToHostCallbackFunction @ vendors~mg-plugin.3cc39455.js:1
$func806 @ 00284a2a:0x856b8
$func573 @ 00284a2a:0x6b75e
$func24 @ 00284a2a:0x3404
$func24 @ 00284a2a:0x5327
$func24 @ 00284a2a:0x51b1
$func556 @ 00284a2a:0x6a4c2
$func562 @ 00284a2a:0x6ac14
$func24 @ 00284a2a:0x3404
$func24 @ 00284a2a:0x5327
$func712 @ 00284a2a:0x7c38d
$X @ 00284a2a:0x7def0
E._QTS_ExecutePendingJob @ vendors~mg-plugin.3cc39455.js:1
A.executePendingJobs @ vendors~mg-plugin.3cc39455.js:1
(anonymous) @ app.cbca4f39.js:1
Promise.then (async)
executePendingJobs @ app.cbca4f39.js:1
(anonymous) @ app.cbca4f39.js:1
i @ chunk-libs.ca58d924.js:5
setTimeout (async)
(anonymous) @ chunk-libs.ca58d924.js:5
(anonymous) @ app.cbca4f39.js:1
(anonymous) @ vendors~mg-plugin.3cc39455.js:1
A.withScope @ vendors~mg-plugin.3cc39455.js:1
A.cToHostCallbackFunction @ vendors~mg-plugin.3cc39455.js:1
A.cToHostCallbackFunction @ vendors~mg-plugin.3cc39455.js:1
$func806 @ 00284a2a:0x856b8
$func573 @ 00284a2a:0x6b75e
$func24 @ 00284a2a:0x3404
$func24 @ 00284a2a:0x51b1
$func457 @ 00284a2a:0x609f5
$func562 @ 00284a2a:0x6ac4e
$func83 @ 00284a2a:0x16013
$func24 @ 00284a2a:0x5271
$func24 @ 00284a2a:0x51b1
$func556 @ 00284a2a:0x6a4c2
$func562 @ 00284a2a:0x6ac14
$func24 @ 00284a2a:0x3404
$func24 @ 00284a2a:0x5327
$func712 @ 00284a2a:0x7c38d
$X @ 00284a2a:0x7def0
E._QTS_ExecutePendingJob @ vendors~mg-plugin.3cc39455.js:1
A.executePendingJobs @ vendors~mg-plugin.3cc39455.js:1
(anonymous) @ app.cbca4f39.js:1
Promise.then (async)
executePendingJobs @ app.cbca4f39.js:1
i @ app.cbca4f39.js:1
c @ app.cbca4f39.js:1
Ns.handlePluginMessage @ app.cbca4f39.js:1
i @ chunk-libs.ca58d924.js:5
postMessage (async)
(anonymous) @ plugin-sandbox.html:26
postMessage (async)
send @ VM293:31
acknowledgeLocalRelayFile @ VM293:536
await in acknowledgeLocalRelayFile (async)
window.onmessage @ VM293:891
postMessage (async)
postMessage @ app.cbca4f39.js:1
(anonymous) @ app.cbca4f39.js:1
(anonymous) @ app.cbca4f39.js:14
(anonymous) @ vendors~mg-plugin.3cc39455.js:1
A.withScope @ vendors~mg-plugin.3cc39455.js:1
A.cToHostCallbackFunction @ vendors~mg-plugin.3cc39455.js:1
A.cToHostCallbackFunction @ vendors~mg-plugin.3cc39455.js:1
$func806 @ 00284a2a:0x856b8
$func573 @ 00284a2a:0x6b75e
$func24 @ 00284a2a:0x3404
$func24 @ 00284a2a:0x5327
$func24 @ 00284a2a:0x51b1
$func556 @ 00284a2a:0x6a4c2
$func562 @ 00284a2a:0x6ac14
$func24 @ 00284a2a:0x3404
$func24 @ 00284a2a:0x5327
$func712 @ 00284a2a:0x7c38d
$X @ 00284a2a:0x7def0
E._QTS_ExecutePendingJob @ vendors~mg-plugin.3cc39455.js:1
A.executePendingJobs @ vendors~mg-plugin.3cc39455.js:1
(anonymous) @ app.cbca4f39.js:1
Promise.then (async)
executePendingJobs @ app.cbca4f39.js:1
(anonymous) @ app.cbca4f39.js:1
i @ chunk-libs.ca58d924.js:5
setTimeout (async)
(anonymous) @ chunk-libs.ca58d924.js:5
(anonymous) @ app.cbca4f39.js:1
(anonymous) @ vendors~mg-plugin.3cc39455.js:1
A.withScope @ vendors~mg-plugin.3cc39455.js:1
A.cToHostCallbackFunction @ vendors~mg-plugin.3cc39455.js:1
A.cToHostCallbackFunction @ vendors~mg-plugin.3cc39455.js:1
$func806 @ 00284a2a:0x856b8
$func573 @ 00284a2a:0x6b75e
$func24 @ 00284a2a:0x3404
$func24 @ 00284a2a:0x51b1
$func457 @ 00284a2a:0x609f5
$func562 @ 00284a2a:0x6ac4e
$func83 @ 00284a2a:0x16013
$func24 @ 00284a2a:0x5271
$func24 @ 00284a2a:0x51b1
$func556 @ 00284a2a:0x6a4c2
$func562 @ 00284a2a:0x6ac14
$func24 @ 00284a2a:0x3404
$func24 @ 00284a2a:0x5327
$func457 @ 00284a2a:0x609f5
$func562 @ 00284a2a:0x6ac4e
$func83 @ 00284a2a:0x16013
$func24 @ 00284a2a:0x5271
$func24 @ 00284a2a:0x51b1
$func24 @ 00284a2a:0x51b1
$func556 @ 00284a2a:0x6a4c2
$func562 @ 00284a2a:0x6ac14
$func24 @ 00284a2a:0x3404
$func24 @ 00284a2a:0x5327
$func712 @ 00284a2a:0x7c38d
$X @ 00284a2a:0x7def0
E._QTS_ExecutePendingJob @ vendors~mg-plugin.3cc39455.js:1
A.executePendingJobs @ vendors~mg-plugin.3cc39455.js:1
(anonymous) @ app.cbca4f39.js:1
chunk-libs.ca58d924.js:127 [MasterGo2Figma] Single layer record exceeds chunk byte target {"recordBytes":73022,"chunkMaxBytes":65536,"page":"agent 1","transfer":{"transferId":"export-1779262727345-7949022959725411","filename":"mastergo2figma-partial-pages-part-001-of-001-segment-001-agent-2026-05-20T07-38-47-345Z.zip","fileIndex":179,"postedChunks":3492,"streamedBytes":6047023}}
(anonymous) @ chunk-libs.ca58d924.js:127
(anonymous) @ app.cbca4f39.js:1
(anonymous) @ vendors~mg-plugin.3cc39455.js:1
A.withScope @ vendors~mg-plugin.3cc39455.js:1
A.cToHostCallbackFunction @ vendors~mg-plugin.3cc39455.js:1
A.cToHostCallbackFunction @ vendors~mg-plugin.3cc39455.js:1
$func806 @ 00284a2a:0x856b8
$func573 @ 00284a2a:0x6b75e
$func24 @ 00284a2a:0x3404
$func24 @ 00284a2a:0x5327
$func24 @ 00284a2a:0x51b1
$func556 @ 00284a2a:0x6a4c2
$func562 @ 00284a2a:0x6ac14
$func24 @ 00284a2a:0x3404
$func24 @ 00284a2a:0x5327
$func457 @ 00284a2a:0x609f5
$func562 @ 00284a2a:0x6ac4e
$func83 @ 00284a2a:0x16013
$func24 @ 00284a2a:0x5271
$func24 @ 00284a2a:0x51b1
$func24 @ 00284a2a:0x51b1
$func556 @ 00284a2a:0x6a4c2
$func562 @ 00284a2a:0x6ac14
$func24 @ 00284a2a:0x3404
$func24 @ 00284a2a:0x5327
$func712 @ 00284a2a:0x7c38d
$X @ 00284a2a:0x7def0
E._QTS_ExecutePendingJob @ vendors~mg-plugin.3cc39455.js:1
A.executePendingJobs @ vendors~mg-plugin.3cc39455.js:1
(anonymous) @ app.cbca4f39.js:1
Promise.then (async)
executePendingJobs @ app.cbca4f39.js:1
(anonymous) @ app.cbca4f39.js:1
i @ chunk-libs.ca58d924.js:5
setTimeout (async)
(anonymous) @ chunk-libs.ca58d924.js:5
(anonymous) @ app.cbca4f39.js:1
(anonymous) @ vendors~mg-plugin.3cc39455.js:1
A.withScope @ vendors~mg-plugin.3cc39455.js:1
A.cToHostCallbackFunction @ vendors~mg-plugin.3cc39455.js:1
A.cToHostCallbackFunction @ vendors~mg-plugin.3cc39455.js:1
$func806 @ 00284a2a:0x856b8
$func573 @ 00284a2a:0x6b75e
$func24 @ 00284a2a:0x3404
$func24 @ 00284a2a:0x51b1
$func457 @ 00284a2a:0x609f5
$func562 @ 00284a2a:0x6ac4e
$func83 @ 00284a2a:0x16013
$func24 @ 00284a2a:0x5271
$func24 @ 00284a2a:0x51b1
$func556 @ 00284a2a:0x6a4c2
$func562 @ 00284a2a:0x6ac14
$func24 @ 00284a2a:0x3404
$func24 @ 00284a2a:0x5327
$func457 @ 00284a2a:0x609f5
$func562 @ 00284a2a:0x6ac4e
$func83 @ 00284a2a:0x16013
$func24 @ 00284a2a:0x5271
$func24 @ 00284a2a:0x51b1
$func24 @ 00284a2a:0x51b1
$func556 @ 00284a2a:0x6a4c2
$func562 @ 00284a2a:0x6ac14
$func24 @ 00284a2a:0x3404
$func24 @ 00284a2a:0x5327
$func712 @ 00284a2a:0x7c38d
$X @ 00284a2a:0x7def0
E._QTS_ExecutePendingJob @ vendors~mg-plugin.3cc39455.js:1
A.executePendingJobs @ vendors~mg-plugin.3cc39455.js:1
(anonymous) @ app.cbca4f39.js:1
Promise.then (async)
executePendingJobs @ app.cbca4f39.js:1
i @ app.cbca4f39.js:1
c @ app.cbca4f39.js:1
Ns.handlePluginMessage @ app.cbca4f39.js:1
i @ chunk-libs.ca58d924.js:5
postMessage (async)
(anonymous) @ plugin-sandbox.html:26
postMessage (async)
send @ VM293:31
acknowledgeLocalRelayFile @ VM293:536
await in acknowledgeLocalRelayFile (async)
window.onmessage @ VM293:891
postMessage (async)
postMessage @ app.cbca4f39.js:1
(anonymous) @ app.cbca4f39.js:1
(anonymous) @ app.cbca4f39.js:14
(anonymous) @ vendors~mg-plugin.3cc39455.js:1
A.withScope @ vendors~mg-plugin.3cc39455.js:1
A.cToHostCallbackFunction @ vendors~mg-plugin.3cc39455.js:1
A.cToHostCallbackFunction @ vendors~mg-plugin.3cc39455.js:1
$func806 @ 00284a2a:0x856b8
$func573 @ 00284a2a:0x6b75e
$func24 @ 00284a2a:0x3404
$func24 @ 00284a2a:0x5327
$func24 @ 00284a2a:0x51b1
$func556 @ 00284a2a:0x6a4c2
$func562 @ 00284a2a:0x6ac14
$func24 @ 00284a2a:0x3404
$func24 @ 00284a2a:0x5327
$func712 @ 00284a2a:0x7c38d
$X @ 00284a2a:0x7def0
E._QTS_ExecutePendingJob @ vendors~mg-plugin.3cc39455.js:1
A.executePendingJobs @ vendors~mg-plugin.3cc39455.js:1
(anonymous) @ app.cbca4f39.js:1
Promise.then (async)
executePendingJobs @ app.cbca4f39.js:1
(anonymous) @ app.cbca4f39.js:1
i @ chunk-libs.ca58d924.js:5
setTimeout (async)
(anonymous) @ chunk-libs.ca58d924.js:5
(anonymous) @ app.cbca4f39.js:1
(anonymous) @ vendors~mg-plugin.3cc39455.js:1
A.withScope @ vendors~mg-plugin.3cc39455.js:1
A.cToHostCallbackFunction @ vendors~mg-plugin.3cc39455.js:1
A.cToHostCallbackFunction @ vendors~mg-plugin.3cc39455.js:1
$func806 @ 00284a2a:0x856b8
$func573 @ 00284a2a:0x6b75e
$func24 @ 00284a2a:0x3404
$func24 @ 00284a2a:0x51b1
$func457 @ 00284a2a:0x609f5
$func562 @ 00284a2a:0x6ac4e
$func83 @ 00284a2a:0x16013
$func24 @ 00284a2a:0x5271
$func24 @ 00284a2a:0x51b1
$func556 @ 00284a2a:0x6a4c2
$func562 @ 00284a2a:0x6ac14
$func24 @ 00284a2a:0x3404
$func24 @ 00284a2a:0x5327
$func457 @ 00284a2a:0x609f5
$func562 @ 00284a2a:0x6ac4e
$func83 @ 00284a2a:0x16013
$func24 @ 00284a2a:0x5271
$func24 @ 00284a2a:0x51b1
$func24 @ 00284a2a:0x51b1
$func556 @ 00284a2a:0x6a4c2
$func562 @ 00284a2a:0x6ac14
$func24 @ 00284a2a:0x3404
$func24 @ 00284a2a:0x5327
$func712 @ 00284a2a:0x7c38d
$X @ 00284a2a:0x7def0
E._QTS_ExecutePendingJob @ vendors~mg-plugin.3cc39455.js:1
A.executePendingJobs @ vendors~mg-plugin.3cc39455.js:1
(anonymous) @ app.cbca4f39.js:1
Promise.then (async)
executePendingJobs @ app.cbca4f39.js:1
i @ app.cbca4f39.js:1
c @ app.cbca4f39.js:1
Ns.handlePluginMessage @ app.cbca4f39.js:1
i @ chunk-libs.ca58d924.js:5
postMessage (async)
(anonymous) @ plugin-sandbox.html:26
postMessage (async)
send @ VM293:31
acknowledgeLocalRelayFile @ VM293:536
await in acknowledgeLocalRelayFile (async)
window.onmessage @ VM293:891
postMessage (async)
postMessage @ app.cbca4f39.js:1
(anonymous) @ app.cbca4f39.js:1
(anonymous) @ app.cbca4f39.js:14
(anonymous) @ vendors~mg-plugin.3cc39455.js:1
A.withScope @ vendors~mg-plugin.3cc39455.js:1
A.cToHostCallbackFunction @ vendors~mg-plugin.3cc39455.js:1
A.cToHostCallbackFunction @ vendors~mg-plugin.3cc39455.js:1
$func806 @ 00284a2a:0x856b8
$func573 @ 00284a2a:0x6b75e
$func24 @ 00284a2a:0x3404
$func24 @ 00284a2a:0x5327
$func24 @ 00284a2a:0x51b1
$func556 @ 00284a2a:0x6a4c2
$func562 @ 00284a2a:0x6ac14
$func24 @ 00284a2a:0x3404
$func24 @ 00284a2a:0x5327
$func712 @ 00284a2a:0x7c38d
$X @ 00284a2a:0x7def0
E._QTS_ExecutePendingJob @ vendors~mg-plugin.3cc39455.js:1
A.executePendingJobs @ vendors~mg-plugin.3cc39455.js:1
(anonymous) @ app.cbca4f39.js:1
Promise.then (async)
executePendingJobs @ app.cbca4f39.js:1
(anonymous) @ app.cbca4f39.js:1
i @ chunk-libs.ca58d924.js:5
setTimeout (async)
(anonymous) @ chunk-libs.ca58d924.js:5
(anonymous) @ app.cbca4f39.js:1
(anonymous) @ vendors~mg-plugin.3cc39455.js:1
A.withScope @ vendors~mg-plugin.3cc39455.js:1
A.cToHostCallbackFunction @ vendors~mg-plugin.3cc39455.js:1
A.cToHostCallbackFunction @ vendors~mg-plugin.3cc39455.js:1
$func806 @ 00284a2a:0x856b8
$func573 @ 00284a2a:0x6b75e
$func24 @ 00284a2a:0x3404
$func24 @ 00284a2a:0x51b1
$func457 @ 00284a2a:0x609f5
$func562 @ 00284a2a:0x6ac4e
$func83 @ 00284a2a:0x16013
$func24 @ 00284a2a:0x5271
$func24 @ 00284a2a:0x51b1
$func556 @ 00284a2a:0x6a4c2
$func562 @ 00284a2a:0x6ac14
$func24 @ 00284a2a:0x3404
$func24 @ 00284a2a:0x5327
$func457 @ 00284a2a:0x609f5
$func562 @ 00284a2a:0x6ac4e
$func83 @ 00284a2a:0x16013
$func24 @ 00284a2a:0x5271
$func24 @ 00284a2a:0x51b1
$func24 @ 00284a2a:0x51b1
$func556 @ 00284a2a:0x6a4c2
$func562 @ 00284a2a:0x6ac14
$func24 @ 00284a2a:0x3404
$func24 @ 00284a2a:0x5327
$func712 @ 00284a2a:0x7c38d
$X @ 00284a2a:0x7def0
E._QTS_ExecutePendingJob @ vendors~mg-plugin.3cc39455.js:1
A.executePendingJobs @ vendors~mg-plugin.3cc39455.js:1
(anonymous) @ app.cbca4f39.js:1
Promise.then (async)
executePendingJobs @ app.cbca4f39.js:1
(anonymous) @ app.cbca4f39.js:1
i @ chunk-libs.ca58d924.js:5
setTimeout (async)
(anonymous) @ chunk-libs.ca58d924.js:5
(anonymous) @ app.cbca4f39.js:1
(anonymous) @ vendors~mg-plugin.3cc39455.js:1
A.withScope @ vendors~mg-plugin.3cc39455.js:1
A.cToHostCallbackFunction @ vendors~mg-plugin.3cc39455.js:1
A.cToHostCallbackFunction @ vendors~mg-plugin.3cc39455.js:1
$func806 @ 00284a2a:0x856b8
$func573 @ 00284a2a:0x6b75e
$func24 @ 00284a2a:0x3404
$func24 @ 00284a2a:0x51b1
$func457 @ 00284a2a:0x609f5
$func562 @ 00284a2a:0x6ac4e
$func83 @ 00284a2a:0x16013
$func24 @ 00284a2a:0x5271
$func24 @ 00284a2a:0x51b1
$func556 @ 00284a2a:0x6a4c2
$func562 @ 00284a2a:0x6ac14
$func24 @ 00284a2a:0x3404
$func24 @ 00284a2a:0x5327
$func457 @ 00284a2a:0x609f5
$func562 @ 00284a2a:0x6ac4e
$func83 @ 00284a2a:0x16013
$func24 @ 00284a2a:0x5271
$func24 @ 00284a2a:0x51b1
$func24 @ 00284a2a:0x51b1
$func556 @ 00284a2a:0x6a4c2
$func562 @ 00284a2a:0x6ac14
$func24 @ 00284a2a:0x3404
$func24 @ 00284a2a:0x5327
$func712 @ 00284a2a:0x7c38d
$X @ 00284a2a:0x7def0
E._QTS_ExecutePendingJob @ vendors~mg-plugin.3cc39455.js:1
A.executePendingJobs @ vendors~mg-plugin.3cc39455.js:1
(anonymous) @ app.cbca4f39.js:1
Promise.then (async)
executePendingJobs @ app.cbca4f39.js:1
i @ app.cbca4f39.js:1
c @ app.cbca4f39.js:1
Ns.handlePluginMessage @ app.cbca4f39.js:1
i @ chunk-libs.ca58d924.js:5
postMessage (async)
(anonymous) @ plugin-sandbox.html:26
postMessage (async)
send @ VM293:31
acknowledgeLocalRelayFile @ VM293:536
await in acknowledgeLocalRelayFile (async)
window.onmessage @ VM293:891
postMessage (async)
postMessage @ app.cbca4f39.js:1
(anonymous) @ app.cbca4f39.js:1
(anonymous) @ app.cbca4f39.js:14
(anonymous) @ vendors~mg-plugin.3cc39455.js:1
A.withScope @ vendors~mg-plugin.3cc39455.js:1
A.cToHostCallbackFunction @ vendors~mg-plugin.3cc39455.js:1
A.cToHostCallbackFunction @ vendors~mg-plugin.3cc39455.js:1
$func806 @ 00284a2a:0x856b8
$func573 @ 00284a2a:0x6b75e
$func24 @ 00284a2a:0x3404
$func24 @ 00284a2a:0x5327
$func24 @ 00284a2a:0x51b1
$func556 @ 00284a2a:0x6a4c2
$func562 @ 00284a2a:0x6ac14
$func24 @ 00284a2a:0x3404
$func24 @ 00284a2a:0x5327
$func712 @ 00284a2a:0x7c38d
$X @ 00284a2a:0x7def0
E._QTS_ExecutePendingJob @ vendors~mg-plugin.3cc39455.js:1
A.executePendingJobs @ vendors~mg-plugin.3cc39455.js:1
(anonymous) @ app.cbca4f39.js:1
Promise.then (async)
executePendingJobs @ app.cbca4f39.js:1
(anonymous) @ app.cbca4f39.js:1
i @ chunk-libs.ca58d924.js:5
setTimeout (async)
(anonymous) @ chunk-libs.ca58d924.js:5
(anonymous) @ app.cbca4f39.js:1
(anonymous) @ vendors~mg-plugin.3cc39455.js:1
A.withScope @ vendors~mg-plugin.3cc39455.js:1
A.cToHostCallbackFunction @ vendors~mg-plugin.3cc39455.js:1
A.cToHostCallbackFunction @ vendors~mg-plugin.3cc39455.js:1
$func806 @ 00284a2a:0x856b8
$func573 @ 00284a2a:0x6b75e
$func24 @ 00284a2a:0x3404
$func24 @ 00284a2a:0x51b1
$func457 @ 00284a2a:0x609f5
$func562 @ 00284a2a:0x6ac4e
$func83 @ 00284a2a:0x16013
$func24 @ 00284a2a:0x5271
$func24 @ 00284a2a:0x51b1
$func556 @ 00284a2a:0x6a4c2
$func562 @ 00284a2a:0x6ac14
$func24 @ 00284a2a:0x3404
$func24 @ 00284a2a:0x5327
$func712 @ 00284a2a:0x7c38d
$X @ 00284a2a:0x7def0
E._QTS_ExecutePendingJob @ vendors~mg-plugin.3cc39455.js:1
A.executePendingJobs @ vendors~mg-plugin.3cc39455.js:1
(anonymous) @ app.cbca4f39.js:1
Promise.then (async)
executePendingJobs @ app.cbca4f39.js:1
i @ app.cbca4f39.js:1
c @ app.cbca4f39.js:1
Ns.handlePluginMessage @ app.cbca4f39.js:1
i @ chunk-libs.ca58d924.js:5
postMessage (async)
(anonymous) @ plugin-sandbox.html:26
postMessage (async)
send @ VM293:31
acknowledgeLocalRelayFile @ VM293:536
await in acknowledgeLocalRelayFile (async)
window.onmessage @ VM293:891
postMessage (async)
postMessage @ app.cbca4f39.js:1
(anonymous) @ app.cbca4f39.js:1
(anonymous) @ app.cbca4f39.js:14
(anonymous) @ vendors~mg-plugin.3cc39455.js:1
A.withScope @ vendors~mg-plugin.3cc39455.js:1
A.cToHostCallbackFunction @ vendors~mg-plugin.3cc39455.js:1
A.cToHostCallbackFunction @ vendors~mg-plugin.3cc39455.js:1
$func806 @ 00284a2a:0x856b8
$func573 @ 00284a2a:0x6b75e
$func24 @ 00284a2a:0x3404
$func24 @ 00284a2a:0x5327
$func24 @ 00284a2a:0x51b1
$func556 @ 00284a2a:0x6a4c2
$func562 @ 00284a2a:0x6ac14
$func24 @ 00284a2a:0x3404
$func24 @ 00284a2a:0x5327
$func712 @ 00284a2a:0x7c38d
$X @ 00284a2a:0x7def0
E._QTS_ExecutePendingJob @ vendors~mg-plugin.3cc39455.js:1
A.executePendingJobs @ vendors~mg-plugin.3cc39455.js:1
(anonymous) @ app.cbca4f39.js:1
Promise.then (async)
executePendingJobs @ app.cbca4f39.js:1
(anonymous) @ app.cbca4f39.js:1
i @ chunk-libs.ca58d924.js:5
setTimeout (async)
(anonymous) @ chunk-libs.ca58d924.js:5
(anonymous) @ app.cbca4f39.js:1
(anonymous) @ vendors~mg-plugin.3cc39455.js:1
A.withScope @ vendors~mg-plugin.3cc39455.js:1
A.cToHostCallbackFunction @ vendors~mg-plugin.3cc39455.js:1
A.cToHostCallbackFunction @ vendors~mg-plugin.3cc39455.js:1
$func806 @ 00284a2a:0x856b8
$func573 @ 00284a2a:0x6b75e
$func24 @ 00284a2a:0x3404
$func24 @ 00284a2a:0x51b1
$func457 @ 00284a2a:0x609f5
$func562 @ 00284a2a:0x6ac4e
$func83 @ 00284a2a:0x16013
$func24 @ 00284a2a:0x5271
$func24 @ 00284a2a:0x51b1
$func556 @ 00284a2a:0x6a4c2
$func562 @ 00284a2a:0x6ac14
$func24 @ 00284a2a:0x3404
$func24 @ 00284a2a:0x5327
$func457 @ 00284a2a:0x609f5
$func562 @ 00284a2a:0x6ac4e
$func83 @ 00284a2a:0x16013
$func24 @ 00284a2a:0x5271
$func24 @ 00284a2a:0x51b1
$func24 @ 00284a2a:0x51b1
$func556 @ 00284a2a:0x6a4c2
$func562 @ 00284a2a:0x6ac14
$func24 @ 00284a2a:0x3404
$func24 @ 00284a2a:0x5327
$func712 @ 00284a2a:0x7c38d
$X @ 00284a2a:0x7def0
E._QTS_ExecutePendingJob @ vendors~mg-plugin.3cc39455.js:1
A.executePendingJobs @ vendors~mg-plugin.3cc39455.js:1
(anonymous) @ app.cbca4f39.js:1
chunk-libs.ca58d924.js:127 [MasterGo2Figma] Layer chunk flush {"page":"agent 1","path":"pages/page-001-agent/layers/layers-181.json","chunkIndex":181,"records":1,"bytes":73023,"processedNodes":4397,"transfer":{"transferId":"export-1779262727345-7949022959725411","filename":"mastergo2figma-partial-pages-part-001-of-001-segment-001-agent-2026-05-20T07-38-47-345Z.zip","fileIndex":180,"postedChunks":3505,"streamedBytes":6066404}}
chunk-libs.ca58d924.js:127 [MasterGo2Figma] Large layer record {"page":"agent","node":"联集 56 (PEN, 72:23624)","recordBytes":73022,"chunkBytes":5017,"chunkRecords":2,"complexity":{"name":"联集 56","message":"","stack":"[Stack Hidden]"},"transfer":{"transferId":"export-1779262727345-7949022959725411","filename":"mastergo2figma-partial-pages-part-001-of-001-segment-001-agent-2026-05-20T07-38-47-345Z.zip","fileIndex":196,"postedChunks":3820,"streamedBytes":6602487}}
(anonymous) @ chunk-libs.ca58d924.js:127
(anonymous) @ app.cbca4f39.js:1
(anonymous) @ vendors~mg-plugin.3cc39455.js:1
A.withScope @ vendors~mg-plugin.3cc39455.js:1
A.cToHostCallbackFunction @ vendors~mg-plugin.3cc39455.js:1
A.cToHostCallbackFunction @ vendors~mg-plugin.3cc39455.js:1
$func806 @ 00284a2a:0x856b8
$func573 @ 00284a2a:0x6b75e
$func24 @ 00284a2a:0x3404
$func24 @ 00284a2a:0x5327
$func24 @ 00284a2a:0x51b1
$func556 @ 00284a2a:0x6a4c2
$func562 @ 00284a2a:0x6ac14
$func24 @ 00284a2a:0x3404
$func24 @ 00284a2a:0x5327
$func712 @ 00284a2a:0x7c38d
$X @ 00284a2a:0x7def0
E._QTS_ExecutePendingJob @ vendors~mg-plugin.3cc39455.js:1
A.executePendingJobs @ vendors~mg-plugin.3cc39455.js:1
(anonymous) @ app.cbca4f39.js:1
Promise.then (async)
executePendingJobs @ app.cbca4f39.js:1
i @ app.cbca4f39.js:1
c @ app.cbca4f39.js:1
Ns.handlePluginMessage @ app.cbca4f39.js:1
i @ chunk-libs.ca58d924.js:5
postMessage (async)
(anonymous) @ plugin-sandbox.html:26
postMessage (async)
send @ VM293:31
acknowledgeLocalRelayFile @ VM293:536
await in acknowledgeLocalRelayFile (async)
window.onmessage @ VM293:891
postMessage (async)
postMessage @ app.cbca4f39.js:1
(anonymous) @ app.cbca4f39.js:1
(anonymous) @ app.cbca4f39.js:14
(anonymous) @ vendors~mg-plugin.3cc39455.js:1
A.withScope @ vendors~mg-plugin.3cc39455.js:1
A.cToHostCallbackFunction @ vendors~mg-plugin.3cc39455.js:1
A.cToHostCallbackFunction @ vendors~mg-plugin.3cc39455.js:1
$func806 @ 00284a2a:0x856b8
$func573 @ 00284a2a:0x6b75e
$func24 @ 00284a2a:0x3404
$func24 @ 00284a2a:0x5327
$func24 @ 00284a2a:0x51b1
$func556 @ 00284a2a:0x6a4c2
$func562 @ 00284a2a:0x6ac14
$func24 @ 00284a2a:0x3404
$func24 @ 00284a2a:0x5327
$func712 @ 00284a2a:0x7c38d
$X @ 00284a2a:0x7def0
E._QTS_ExecutePendingJob @ vendors~mg-plugin.3cc39455.js:1
A.executePendingJobs @ vendors~mg-plugin.3cc39455.js:1
(anonymous) @ app.cbca4f39.js:1
Promise.then (async)
executePendingJobs @ app.cbca4f39.js:1
(anonymous) @ app.cbca4f39.js:1
i @ chunk-libs.ca58d924.js:5
setTimeout (async)
(anonymous) @ chunk-libs.ca58d924.js:5
(anonymous) @ app.cbca4f39.js:1
(anonymous) @ vendors~mg-plugin.3cc39455.js:1
A.withScope @ vendors~mg-plugin.3cc39455.js:1
A.cToHostCallbackFunction @ vendors~mg-plugin.3cc39455.js:1
A.cToHostCallbackFunction @ vendors~mg-plugin.3cc39455.js:1
$func806 @ 00284a2a:0x856b8
$func573 @ 00284a2a:0x6b75e
$func24 @ 00284a2a:0x3404
$func24 @ 00284a2a:0x51b1
$func457 @ 00284a2a:0x609f5
$func562 @ 00284a2a:0x6ac4e
$func83 @ 00284a2a:0x16013
$func24 @ 00284a2a:0x5271
$func24 @ 00284a2a:0x51b1
$func556 @ 00284a2a:0x6a4c2
$func562 @ 00284a2a:0x6ac14
$func24 @ 00284a2a:0x3404
$func24 @ 00284a2a:0x5327
$func457 @ 00284a2a:0x609f5
$func562 @ 00284a2a:0x6ac4e
$func83 @ 00284a2a:0x16013
$func24 @ 00284a2a:0x5271
$func24 @ 00284a2a:0x51b1
$func24 @ 00284a2a:0x51b1
$func556 @ 00284a2a:0x6a4c2
$func562 @ 00284a2a:0x6ac14
$func24 @ 00284a2a:0x3404
$func24 @ 00284a2a:0x5327
$func712 @ 00284a2a:0x7c38d
$X @ 00284a2a:0x7def0
E._QTS_ExecutePendingJob @ vendors~mg-plugin.3cc39455.js:1
A.executePendingJobs @ vendors~mg-plugin.3cc39455.js:1
(anonymous) @ app.cbca4f39.js:1
Promise.then (async)
executePendingJobs @ app.cbca4f39.js:1
(anonymous) @ app.cbca4f39.js:1
i @ chunk-libs.ca58d924.js:5
setTimeout (async)
(anonymous) @ chunk-libs.ca58d924.js:5
(anonymous) @ app.cbca4f39.js:1
(anonymous) @ vendors~mg-plugin.3cc39455.js:1
A.withScope @ vendors~mg-plugin.3cc39455.js:1
A.cToHostCallbackFunction @ vendors~mg-plugin.3cc39455.js:1
A.cToHostCallbackFunction @ vendors~mg-plugin.3cc39455.js:1
$func806 @ 00284a2a:0x856b8
$func573 @ 00284a2a:0x6b75e
$func24 @ 00284a2a:0x3404
$func24 @ 00284a2a:0x51b1
$func457 @ 00284a2a:0x609f5
$func562 @ 00284a2a:0x6ac4e
$func83 @ 00284a2a:0x16013
$func24 @ 00284a2a:0x5271
$func24 @ 00284a2a:0x51b1
$func556 @ 00284a2a:0x6a4c2
$func562 @ 00284a2a:0x6ac14
$func24 @ 00284a2a:0x3404
$func24 @ 00284a2a:0x5327
$func457 @ 00284a2a:0x609f5
$func562 @ 00284a2a:0x6ac4e
$func83 @ 00284a2a:0x16013
$func24 @ 00284a2a:0x5271
$func24 @ 00284a2a:0x51b1
$func24 @ 00284a2a:0x51b1
$func556 @ 00284a2a:0x6a4c2
$func562 @ 00284a2a:0x6ac14
$func24 @ 00284a2a:0x3404
$func24 @ 00284a2a:0x5327
$func712 @ 00284a2a:0x7c38d
$X @ 00284a2a:0x7def0
E._QTS_ExecutePendingJob @ vendors~mg-plugin.3cc39455.js:1
A.executePendingJobs @ vendors~mg-plugin.3cc39455.js:1
(anonymous) @ app.cbca4f39.js:1
Promise.then (async)
executePendingJobs @ app.cbca4f39.js:1
i @ app.cbca4f39.js:1
c @ app.cbca4f39.js:1
Ns.handlePluginMessage @ app.cbca4f39.js:1
i @ chunk-libs.ca58d924.js:5
postMessage (async)
(anonymous) @ plugin-sandbox.html:26
postMessage (async)
send @ VM293:31
acknowledgeLocalRelayFile @ VM293:536
await in acknowledgeLocalRelayFile (async)
window.onmessage @ VM293:891
postMessage (async)
postMessage @ app.cbca4f39.js:1
(anonymous) @ app.cbca4f39.js:1
(anonymous) @ app.cbca4f39.js:14
(anonymous) @ vendors~mg-plugin.3cc39455.js:1
A.withScope @ vendors~mg-plugin.3cc39455.js:1
A.cToHostCallbackFunction @ vendors~mg-plugin.3cc39455.js:1
A.cToHostCallbackFunction @ vendors~mg-plugin.3cc39455.js:1
$func806 @ 00284a2a:0x856b8
$func573 @ 00284a2a:0x6b75e
$func24 @ 00284a2a:0x3404
$func24 @ 00284a2a:0x5327
$func24 @ 00284a2a:0x51b1
$func556 @ 00284a2a:0x6a4c2
$func562 @ 00284a2a:0x6ac14
$func24 @ 00284a2a:0x3404
$func24 @ 00284a2a:0x5327
$func712 @ 00284a2a:0x7c38d
$X @ 00284a2a:0x7def0
E._QTS_ExecutePendingJob @ vendors~mg-plugin.3cc39455.js:1
A.executePendingJobs @ vendors~mg-plugin.3cc39455.js:1
(anonymous) @ app.cbca4f39.js:1
Promise.then (async)
executePendingJobs @ app.cbca4f39.js:1
i @ app.cbca4f39.js:1
c @ app.cbca4f39.js:1
Ns.handlePluginMessage @ app.cbca4f39.js:1
i @ chunk-libs.ca58d924.js:5
postMessage (async)
(anonymous) @ plugin-sandbox.html:26
postMessage (async)
send @ VM293:31
acknowledgeLocalRelayFile @ VM293:536
await in acknowledgeLocalRelayFile (async)
window.onmessage @ VM293:891
postMessage (async)
postMessage @ app.cbca4f39.js:1
(anonymous) @ app.cbca4f39.js:1
(anonymous) @ app.cbca4f39.js:14
(anonymous) @ vendors~mg-plugin.3cc39455.js:1
A.withScope @ vendors~mg-plugin.3cc39455.js:1
A.cToHostCallbackFunction @ vendors~mg-plugin.3cc39455.js:1
A.cToHostCallbackFunction @ vendors~mg-plugin.3cc39455.js:1
$func806 @ 00284a2a:0x856b8
$func573 @ 00284a2a:0x6b75e
$func24 @ 00284a2a:0x3404
$func24 @ 00284a2a:0x5327
$func24 @ 00284a2a:0x51b1
$func556 @ 00284a2a:0x6a4c2
$func562 @ 00284a2a:0x6ac14
$func24 @ 00284a2a:0x3404
$func24 @ 00284a2a:0x5327
$func712 @ 00284a2a:0x7c38d
$X @ 00284a2a:0x7def0
E._QTS_ExecutePendingJob @ vendors~mg-plugin.3cc39455.js:1
A.executePendingJobs @ vendors~mg-plugin.3cc39455.js:1
(anonymous) @ app.cbca4f39.js:1
Promise.then (async)
executePendingJobs @ app.cbca4f39.js:1
(anonymous) @ app.cbca4f39.js:1
i @ chunk-libs.ca58d924.js:5
setTimeout (async)
(anonymous) @ chunk-libs.ca58d924.js:5
(anonymous) @ app.cbca4f39.js:1
(anonymous) @ vendors~mg-plugin.3cc39455.js:1
A.withScope @ vendors~mg-plugin.3cc39455.js:1
A.cToHostCallbackFunction @ vendors~mg-plugin.3cc39455.js:1
A.cToHostCallbackFunction @ vendors~mg-plugin.3cc39455.js:1
$func806 @ 00284a2a:0x856b8
$func573 @ 00284a2a:0x6b75e
$func24 @ 00284a2a:0x3404
$func24 @ 00284a2a:0x51b1
$func457 @ 00284a2a:0x609f5
$func562 @ 00284a2a:0x6ac4e
$func83 @ 00284a2a:0x16013
$func24 @ 00284a2a:0x5271
$func24 @ 00284a2a:0x51b1
$func556 @ 00284a2a:0x6a4c2
$func562 @ 00284a2a:0x6ac14
$func24 @ 00284a2a:0x3404
$func24 @ 00284a2a:0x5327
$func457 @ 00284a2a:0x609f5
$func562 @ 00284a2a:0x6ac4e
$func83 @ 00284a2a:0x16013
$func24 @ 00284a2a:0x5271
$func24 @ 00284a2a:0x51b1
$func24 @ 00284a2a:0x51b1
$func556 @ 00284a2a:0x6a4c2
$func562 @ 00284a2a:0x6ac14
$func24 @ 00284a2a:0x3404
$func24 @ 00284a2a:0x5327
$func712 @ 00284a2a:0x7c38d
$X @ 00284a2a:0x7def0
E._QTS_ExecutePendingJob @ vendors~mg-plugin.3cc39455.js:1
A.executePendingJobs @ vendors~mg-plugin.3cc39455.js:1
(anonymous) @ app.cbca4f39.js:1
Promise.then (async)
executePendingJobs @ app.cbca4f39.js:1
(anonymous) @ app.cbca4f39.js:1
i @ chunk-libs.ca58d924.js:5
setTimeout (async)
(anonymous) @ chunk-libs.ca58d924.js:5
(anonymous) @ app.cbca4f39.js:1
(anonymous) @ vendors~mg-plugin.3cc39455.js:1
A.withScope @ vendors~mg-plugin.3cc39455.js:1
A.cToHostCallbackFunction @ vendors~mg-plugin.3cc39455.js:1
A.cToHostCallbackFunction @ vendors~mg-plugin.3cc39455.js:1
$func806 @ 00284a2a:0x856b8
$func573 @ 00284a2a:0x6b75e
$func24 @ 00284a2a:0x3404
$func24 @ 00284a2a:0x51b1
$func457 @ 00284a2a:0x609f5
$func562 @ 00284a2a:0x6ac4e
$func83 @ 00284a2a:0x16013
$func24 @ 00284a2a:0x5271
$func24 @ 00284a2a:0x51b1
$func556 @ 00284a2a:0x6a4c2
$func562 @ 00284a2a:0x6ac14
$func24 @ 00284a2a:0x3404
$func24 @ 00284a2a:0x5327
$func457 @ 00284a2a:0x609f5
$func562 @ 00284a2a:0x6ac4e
$func83 @ 00284a2a:0x16013
$func24 @ 00284a2a:0x5271
$func24 @ 00284a2a:0x51b1
$func24 @ 00284a2a:0x51b1
$func556 @ 00284a2a:0x6a4c2
$func562 @ 00284a2a:0x6ac14
$func24 @ 00284a2a:0x3404
$func24 @ 00284a2a:0x5327
$func712 @ 00284a2a:0x7c38d
$X @ 00284a2a:0x7def0
E._QTS_ExecutePendingJob @ vendors~mg-plugin.3cc39455.js:1
A.executePendingJobs @ vendors~mg-plugin.3cc39455.js:1
(anonymous) @ app.cbca4f39.js:1
Promise.then (async)
executePendingJobs @ app.cbca4f39.js:1
i @ app.cbca4f39.js:1
c @ app.cbca4f39.js:1
Ns.handlePluginMessage @ app.cbca4f39.js:1
i @ chunk-libs.ca58d924.js:5
postMessage (async)
(anonymous) @ plugin-sandbox.html:26
postMessage (async)
send @ VM293:31
acknowledgeLocalRelayFile @ VM293:536
await in acknowledgeLocalRelayFile (async)
window.onmessage @ VM293:891
postMessage (async)
postMessage @ app.cbca4f39.js:1
(anonymous) @ app.cbca4f39.js:1
(anonymous) @ app.cbca4f39.js:14
(anonymous) @ vendors~mg-plugin.3cc39455.js:1
A.withScope @ vendors~mg-plugin.3cc39455.js:1
A.cToHostCallbackFunction @ vendors~mg-plugin.3cc39455.js:1
A.cToHostCallbackFunction @ vendors~mg-plugin.3cc39455.js:1
$func806 @ 00284a2a:0x856b8
$func573 @ 00284a2a:0x6b75e
$func24 @ 00284a2a:0x3404
$func24 @ 00284a2a:0x5327
$func24 @ 00284a2a:0x51b1
$func556 @ 00284a2a:0x6a4c2
$func562 @ 00284a2a:0x6ac14
$func24 @ 00284a2a:0x3404
$func24 @ 00284a2a:0x5327
$func712 @ 00284a2a:0x7c38d
$X @ 00284a2a:0x7def0
E._QTS_ExecutePendingJob @ vendors~mg-plugin.3cc39455.js:1
A.executePendingJobs @ vendors~mg-plugin.3cc39455.js:1
(anonymous) @ app.cbca4f39.js:1
Promise.then (async)
executePendingJobs @ app.cbca4f39.js:1
(anonymous) @ app.cbca4f39.js:1
i @ chunk-libs.ca58d924.js:5
setTimeout (async)
(anonymous) @ chunk-libs.ca58d924.js:5
(anonymous) @ app.cbca4f39.js:1
(anonymous) @ vendors~mg-plugin.3cc39455.js:1
A.withScope @ vendors~mg-plugin.3cc39455.js:1
A.cToHostCallbackFunction @ vendors~mg-plugin.3cc39455.js:1
A.cToHostCallbackFunction @ vendors~mg-plugin.3cc39455.js:1
$func806 @ 00284a2a:0x856b8
$func573 @ 00284a2a:0x6b75e
$func24 @ 00284a2a:0x3404
$func24 @ 00284a2a:0x51b1
$func457 @ 00284a2a:0x609f5
$func562 @ 00284a2a:0x6ac4e
$func83 @ 00284a2a:0x16013
$func24 @ 00284a2a:0x5271
$func24 @ 00284a2a:0x51b1
$func556 @ 00284a2a:0x6a4c2
$func562 @ 00284a2a:0x6ac14
$func24 @ 00284a2a:0x3404
$func24 @ 00284a2a:0x5327
$func457 @ 00284a2a:0x609f5
$func562 @ 00284a2a:0x6ac4e
$func83 @ 00284a2a:0x16013
$func24 @ 00284a2a:0x5271
$func24 @ 00284a2a:0x51b1
$func24 @ 00284a2a:0x51b1
$func556 @ 00284a2a:0x6a4c2
$func562 @ 00284a2a:0x6ac14
$func24 @ 00284a2a:0x3404
$func24 @ 00284a2a:0x5327
$func712 @ 00284a2a:0x7c38d
$X @ 00284a2a:0x7def0
E._QTS_ExecutePendingJob @ vendors~mg-plugin.3cc39455.js:1
A.executePendingJobs @ vendors~mg-plugin.3cc39455.js:1
(anonymous) @ app.cbca4f39.js:1
Promise.then (async)
executePendingJobs @ app.cbca4f39.js:1
(anonymous) @ app.cbca4f39.js:1
i @ chunk-libs.ca58d924.js:5
setTimeout (async)
(anonymous) @ chunk-libs.ca58d924.js:5
(anonymous) @ app.cbca4f39.js:1
(anonymous) @ vendors~mg-plugin.3cc39455.js:1
A.withScope @ vendors~mg-plugin.3cc39455.js:1
A.cToHostCallbackFunction @ vendors~mg-plugin.3cc39455.js:1
A.cToHostCallbackFunction @ vendors~mg-plugin.3cc39455.js:1
$func806 @ 00284a2a:0x856b8
$func573 @ 00284a2a:0x6b75e
$func24 @ 00284a2a:0x3404
$func24 @ 00284a2a:0x51b1
$func457 @ 00284a2a:0x609f5
$func562 @ 00284a2a:0x6ac4e
$func83 @ 00284a2a:0x16013
$func24 @ 00284a2a:0x5271
$func24 @ 00284a2a:0x51b1
$func556 @ 00284a2a:0x6a4c2
$func562 @ 00284a2a:0x6ac14
$func24 @ 00284a2a:0x3404
$func24 @ 00284a2a:0x5327
$func457 @ 00284a2a:0x609f5
$func562 @ 00284a2a:0x6ac4e
$func83 @ 00284a2a:0x16013
$func24 @ 00284a2a:0x5271
$func24 @ 00284a2a:0x51b1
$func24 @ 00284a2a:0x51b1
$func556 @ 00284a2a:0x6a4c2
$func562 @ 00284a2a:0x6ac14
$func24 @ 00284a2a:0x3404
$func24 @ 00284a2a:0x5327
$func712 @ 00284a2a:0x7c38d
$X @ 00284a2a:0x7def0
E._QTS_ExecutePendingJob @ vendors~mg-plugin.3cc39455.js:1
A.executePendingJobs @ vendors~mg-plugin.3cc39455.js:1
(anonymous) @ app.cbca4f39.js:1
chunk-libs.ca58d924.js:127 [MasterGo2Figma] Single layer record exceeds chunk byte target {"recordBytes":73022,"chunkMaxBytes":65536,"page":"agent 1","transfer":{"transferId":"export-1779262727345-7949022959725411","filename":"mastergo2figma-partial-pages-part-001-of-001-segment-001-agent-2026-05-20T07-38-47-345Z.zip","fileIndex":196,"postedChunks":3820,"streamedBytes":6602487}}
(anonymous) @ chunk-libs.ca58d924.js:127
(anonymous) @ app.cbca4f39.js:1
(anonymous) @ vendors~mg-plugin.3cc39455.js:1
A.withScope @ vendors~mg-plugin.3cc39455.js:1
A.cToHostCallbackFunction @ vendors~mg-plugin.3cc39455.js:1
A.cToHostCallbackFunction @ vendors~mg-plugin.3cc39455.js:1
$func806 @ 00284a2a:0x856b8
$func573 @ 00284a2a:0x6b75e
$func24 @ 00284a2a:0x3404
$func24 @ 00284a2a:0x5327
$func24 @ 00284a2a:0x51b1
$func556 @ 00284a2a:0x6a4c2
$func562 @ 00284a2a:0x6ac14
$func24 @ 00284a2a:0x3404
$func24 @ 00284a2a:0x5327
$func457 @ 00284a2a:0x609f5
$func562 @ 00284a2a:0x6ac4e
$func83 @ 00284a2a:0x16013
$func24 @ 00284a2a:0x5271
$func24 @ 00284a2a:0x51b1
$func24 @ 00284a2a:0x51b1
$func556 @ 00284a2a:0x6a4c2
$func562 @ 00284a2a:0x6ac14
$func24 @ 00284a2a:0x3404
$func24 @ 00284a2a:0x5327
$func712 @ 00284a2a:0x7c38d
$X @ 00284a2a:0x7def0
E._QTS_ExecutePendingJob @ vendors~mg-plugin.3cc39455.js:1
A.executePendingJobs @ vendors~mg-plugin.3cc39455.js:1
(anonymous) @ app.cbca4f39.js:1
Promise.then (async)
executePendingJobs @ app.cbca4f39.js:1
i @ app.cbca4f39.js:1
c @ app.cbca4f39.js:1
Ns.handlePluginMessage @ app.cbca4f39.js:1
i @ chunk-libs.ca58d924.js:5
postMessage (async)
(anonymous) @ plugin-sandbox.html:26
postMessage (async)
send @ VM293:31
acknowledgeLocalRelayFile @ VM293:536
await in acknowledgeLocalRelayFile (async)
window.onmessage @ VM293:891
postMessage (async)
postMessage @ app.cbca4f39.js:1
(anonymous) @ app.cbca4f39.js:1
(anonymous) @ app.cbca4f39.js:14
(anonymous) @ vendors~mg-plugin.3cc39455.js:1
A.withScope @ vendors~mg-plugin.3cc39455.js:1
A.cToHostCallbackFunction @ vendors~mg-plugin.3cc39455.js:1
A.cToHostCallbackFunction @ vendors~mg-plugin.3cc39455.js:1
$func806 @ 00284a2a:0x856b8
$func573 @ 00284a2a:0x6b75e
$func24 @ 00284a2a:0x3404
$func24 @ 00284a2a:0x5327
$func24 @ 00284a2a:0x51b1
$func556 @ 00284a2a:0x6a4c2
$func562 @ 00284a2a:0x6ac14
$func24 @ 00284a2a:0x3404
$func24 @ 00284a2a:0x5327
$func712 @ 00284a2a:0x7c38d
$X @ 00284a2a:0x7def0
E._QTS_ExecutePendingJob @ vendors~mg-plugin.3cc39455.js:1
A.executePendingJobs @ vendors~mg-plugin.3cc39455.js:1
(anonymous) @ app.cbca4f39.js:1
Promise.then (async)
executePendingJobs @ app.cbca4f39.js:1
(anonymous) @ app.cbca4f39.js:1
i @ chunk-libs.ca58d924.js:5
setTimeout (async)
(anonymous) @ chunk-libs.ca58d924.js:5
(anonymous) @ app.cbca4f39.js:1
(anonymous) @ vendors~mg-plugin.3cc39455.js:1
A.withScope @ vendors~mg-plugin.3cc39455.js:1
A.cToHostCallbackFunction @ vendors~mg-plugin.3cc39455.js:1
A.cToHostCallbackFunction @ vendors~mg-plugin.3cc39455.js:1
$func806 @ 00284a2a:0x856b8
$func573 @ 00284a2a:0x6b75e
$func24 @ 00284a2a:0x3404
$func24 @ 00284a2a:0x51b1
$func457 @ 00284a2a:0x609f5
$func562 @ 00284a2a:0x6ac4e
$func83 @ 00284a2a:0x16013
$func24 @ 00284a2a:0x5271
$func24 @ 00284a2a:0x51b1
$func556 @ 00284a2a:0x6a4c2
$func562 @ 00284a2a:0x6ac14
$func24 @ 00284a2a:0x3404
$func24 @ 00284a2a:0x5327
$func457 @ 00284a2a:0x609f5
$func562 @ 00284a2a:0x6ac4e
$func83 @ 00284a2a:0x16013
$func24 @ 00284a2a:0x5271
$func24 @ 00284a2a:0x51b1
$func24 @ 00284a2a:0x51b1
$func556 @ 00284a2a:0x6a4c2
$func562 @ 00284a2a:0x6ac14
$func24 @ 00284a2a:0x3404
$func24 @ 00284a2a:0x5327
$func712 @ 00284a2a:0x7c38d
$X @ 00284a2a:0x7def0
E._QTS_ExecutePendingJob @ vendors~mg-plugin.3cc39455.js:1
A.executePendingJobs @ vendors~mg-plugin.3cc39455.js:1
(anonymous) @ app.cbca4f39.js:1
Promise.then (async)
executePendingJobs @ app.cbca4f39.js:1
(anonymous) @ app.cbca4f39.js:1
i @ chunk-libs.ca58d924.js:5
setTimeout (async)
(anonymous) @ chunk-libs.ca58d924.js:5
(anonymous) @ app.cbca4f39.js:1
(anonymous) @ vendors~mg-plugin.3cc39455.js:1
A.withScope @ vendors~mg-plugin.3cc39455.js:1
A.cToHostCallbackFunction @ vendors~mg-plugin.3cc39455.js:1
A.cToHostCallbackFunction @ vendors~mg-plugin.3cc39455.js:1
$func806 @ 00284a2a:0x856b8
$func573 @ 00284a2a:0x6b75e
$func24 @ 00284a2a:0x3404
$func24 @ 00284a2a:0x51b1
$func457 @ 00284a2a:0x609f5
$func562 @ 00284a2a:0x6ac4e
$func83 @ 00284a2a:0x16013
$func24 @ 00284a2a:0x5271
$func24 @ 00284a2a:0x51b1
$func556 @ 00284a2a:0x6a4c2
$func562 @ 00284a2a:0x6ac14
$func24 @ 00284a2a:0x3404
$func24 @ 00284a2a:0x5327
$func457 @ 00284a2a:0x609f5
$func562 @ 00284a2a:0x6ac4e
$func83 @ 00284a2a:0x16013
$func24 @ 00284a2a:0x5271
$func24 @ 00284a2a:0x51b1
$func24 @ 00284a2a:0x51b1
$func556 @ 00284a2a:0x6a4c2
$func562 @ 00284a2a:0x6ac14
$func24 @ 00284a2a:0x3404
$func24 @ 00284a2a:0x5327
$func712 @ 00284a2a:0x7c38d
$X @ 00284a2a:0x7def0
E._QTS_ExecutePendingJob @ vendors~mg-plugin.3cc39455.js:1
A.executePendingJobs @ vendors~mg-plugin.3cc39455.js:1
(anonymous) @ app.cbca4f39.js:1
Promise.then (async)
executePendingJobs @ app.cbca4f39.js:1
i @ app.cbca4f39.js:1
c @ app.cbca4f39.js:1
Ns.handlePluginMessage @ app.cbca4f39.js:1
i @ chunk-libs.ca58d924.js:5
postMessage (async)
(anonymous) @ plugin-sandbox.html:26
postMessage (async)
send @ VM293:31
acknowledgeLocalRelayFile @ VM293:536
await in acknowledgeLocalRelayFile (async)
window.onmessage @ VM293:891
postMessage (async)
postMessage @ app.cbca4f39.js:1
(anonymous) @ app.cbca4f39.js:1
(anonymous) @ app.cbca4f39.js:14
(anonymous) @ vendors~mg-plugin.3cc39455.js:1
A.withScope @ vendors~mg-plugin.3cc39455.js:1
A.cToHostCallbackFunction @ vendors~mg-plugin.3cc39455.js:1
A.cToHostCallbackFunction @ vendors~mg-plugin.3cc39455.js:1
$func806 @ 00284a2a:0x856b8
$func573 @ 00284a2a:0x6b75e
$func24 @ 00284a2a:0x3404
$func24 @ 00284a2a:0x5327
$func24 @ 00284a2a:0x51b1
$func556 @ 00284a2a:0x6a4c2
$func562 @ 00284a2a:0x6ac14
$func24 @ 00284a2a:0x3404
$func24 @ 00284a2a:0x5327
$func712 @ 00284a2a:0x7c38d
$X @ 00284a2a:0x7def0
E._QTS_ExecutePendingJob @ vendors~mg-plugin.3cc39455.js:1
A.executePendingJobs @ vendors~mg-plugin.3cc39455.js:1
(anonymous) @ app.cbca4f39.js:1
Promise.then (async)
executePendingJobs @ app.cbca4f39.js:1
i @ app.cbca4f39.js:1
c @ app.cbca4f39.js:1
Ns.handlePluginMessage @ app.cbca4f39.js:1
i @ chunk-libs.ca58d924.js:5
postMessage (async)
(anonymous) @ plugin-sandbox.html:26
postMessage (async)
send @ VM293:31
acknowledgeLocalRelayFile @ VM293:536
await in acknowledgeLocalRelayFile (async)
window.onmessage @ VM293:891
postMessage (async)
postMessage @ app.cbca4f39.js:1
(anonymous) @ app.cbca4f39.js:1
(anonymous) @ app.cbca4f39.js:14
(anonymous) @ vendors~mg-plugin.3cc39455.js:1
A.withScope @ vendors~mg-plugin.3cc39455.js:1
A.cToHostCallbackFunction @ vendors~mg-plugin.3cc39455.js:1
A.cToHostCallbackFunction @ vendors~mg-plugin.3cc39455.js:1
$func806 @ 00284a2a:0x856b8
$func573 @ 00284a2a:0x6b75e
$func24 @ 00284a2a:0x3404
$func24 @ 00284a2a:0x5327
$func24 @ 00284a2a:0x51b1
$func556 @ 00284a2a:0x6a4c2
$func562 @ 00284a2a:0x6ac14
$func24 @ 00284a2a:0x3404
$func24 @ 00284a2a:0x5327
$func712 @ 00284a2a:0x7c38d
$X @ 00284a2a:0x7def0
E._QTS_ExecutePendingJob @ vendors~mg-plugin.3cc39455.js:1
A.executePendingJobs @ vendors~mg-plugin.3cc39455.js:1
(anonymous) @ app.cbca4f39.js:1
Promise.then (async)
executePendingJobs @ app.cbca4f39.js:1
(anonymous) @ app.cbca4f39.js:1
i @ chunk-libs.ca58d924.js:5
setTimeout (async)
(anonymous) @ chunk-libs.ca58d924.js:5
(anonymous) @ app.cbca4f39.js:1
(anonymous) @ vendors~mg-plugin.3cc39455.js:1
A.withScope @ vendors~mg-plugin.3cc39455.js:1
A.cToHostCallbackFunction @ vendors~mg-plugin.3cc39455.js:1
A.cToHostCallbackFunction @ vendors~mg-plugin.3cc39455.js:1
$func806 @ 00284a2a:0x856b8
$func573 @ 00284a2a:0x6b75e
$func24 @ 00284a2a:0x3404
$func24 @ 00284a2a:0x51b1
$func457 @ 00284a2a:0x609f5
$func562 @ 00284a2a:0x6ac4e
$func83 @ 00284a2a:0x16013
$func24 @ 00284a2a:0x5271
$func24 @ 00284a2a:0x51b1
$func556 @ 00284a2a:0x6a4c2
$func562 @ 00284a2a:0x6ac14
$func24 @ 00284a2a:0x3404
$func24 @ 00284a2a:0x5327
$func457 @ 00284a2a:0x609f5
$func562 @ 00284a2a:0x6ac4e
$func83 @ 00284a2a:0x16013
$func24 @ 00284a2a:0x5271
$func24 @ 00284a2a:0x51b1
$func24 @ 00284a2a:0x51b1
$func556 @ 00284a2a:0x6a4c2
$func562 @ 00284a2a:0x6ac14
$func24 @ 00284a2a:0x3404
$func24 @ 00284a2a:0x5327
$func712 @ 00284a2a:0x7c38d
$X @ 00284a2a:0x7def0
E._QTS_ExecutePendingJob @ vendors~mg-plugin.3cc39455.js:1
A.executePendingJobs @ vendors~mg-plugin.3cc39455.js:1
(anonymous) @ app.cbca4f39.js:1
Promise.then (async)
executePendingJobs @ app.cbca4f39.js:1
(anonymous) @ app.cbca4f39.js:1
i @ chunk-libs.ca58d924.js:5
setTimeout (async)
(anonymous) @ chunk-libs.ca58d924.js:5
(anonymous) @ app.cbca4f39.js:1
(anonymous) @ vendors~mg-plugin.3cc39455.js:1
A.withScope @ vendors~mg-plugin.3cc39455.js:1
A.cToHostCallbackFunction @ vendors~mg-plugin.3cc39455.js:1
A.cToHostCallbackFunction @ vendors~mg-plugin.3cc39455.js:1
$func806 @ 00284a2a:0x856b8
$func573 @ 00284a2a:0x6b75e
$func24 @ 00284a2a:0x3404
$func24 @ 00284a2a:0x51b1
$func457 @ 00284a2a:0x609f5
$func562 @ 00284a2a:0x6ac4e
$func83 @ 00284a2a:0x16013
$func24 @ 00284a2a:0x5271
$func24 @ 00284a2a:0x51b1
$func556 @ 00284a2a:0x6a4c2
$func562 @ 00284a2a:0x6ac14
$func24 @ 00284a2a:0x3404
$func24 @ 00284a2a:0x5327
$func457 @ 00284a2a:0x609f5
$func562 @ 00284a2a:0x6ac4e
$func83 @ 00284a2a:0x16013
$func24 @ 00284a2a:0x5271
$func24 @ 00284a2a:0x51b1
$func24 @ 00284a2a:0x51b1
$func556 @ 00284a2a:0x6a4c2
$func562 @ 00284a2a:0x6ac14
$func24 @ 00284a2a:0x3404
$func24 @ 00284a2a:0x5327
$func712 @ 00284a2a:0x7c38d
$X @ 00284a2a:0x7def0
E._QTS_ExecutePendingJob @ vendors~mg-plugin.3cc39455.js:1
A.executePendingJobs @ vendors~mg-plugin.3cc39455.js:1
(anonymous) @ app.cbca4f39.js:1
Promise.then (async)
executePendingJobs @ app.cbca4f39.js:1
i @ app.cbca4f39.js:1
c @ app.cbca4f39.js:1
Ns.handlePluginMessage @ app.cbca4f39.js:1
i @ chunk-libs.ca58d924.js:5
postMessage (async)
(anonymous) @ plugin-sandbox.html:26
postMessage (async)
send @ VM293:31
acknowledgeLocalRelayFile @ VM293:536
await in acknowledgeLocalRelayFile (async)
window.onmessage @ VM293:891
postMessage (async)
postMessage @ app.cbca4f39.js:1
(anonymous) @ app.cbca4f39.js:1
(anonymous) @ app.cbca4f39.js:14
(anonymous) @ vendors~mg-plugin.3cc39455.js:1
A.withScope @ vendors~mg-plugin.3cc39455.js:1
A.cToHostCallbackFunction @ vendors~mg-plugin.3cc39455.js:1
A.cToHostCallbackFunction @ vendors~mg-plugin.3cc39455.js:1
$func806 @ 00284a2a:0x856b8
$func573 @ 00284a2a:0x6b75e
$func24 @ 00284a2a:0x3404
$func24 @ 00284a2a:0x5327
$func24 @ 00284a2a:0x51b1
$func556 @ 00284a2a:0x6a4c2
$func562 @ 00284a2a:0x6ac14
$func24 @ 00284a2a:0x3404
$func24 @ 00284a2a:0x5327
$func712 @ 00284a2a:0x7c38d
$X @ 00284a2a:0x7def0
E._QTS_ExecutePendingJob @ vendors~mg-plugin.3cc39455.js:1
A.executePendingJobs @ vendors~mg-plugin.3cc39455.js:1
(anonymous) @ app.cbca4f39.js:1
Promise.then (async)
executePendingJobs @ app.cbca4f39.js:1
(anonymous) @ app.cbca4f39.js:1
i @ chunk-libs.ca58d924.js:5
setTimeout (async)
(anonymous) @ chunk-libs.ca58d924.js:5
(anonymous) @ app.cbca4f39.js:1
(anonymous) @ vendors~mg-plugin.3cc39455.js:1
A.withScope @ vendors~mg-plugin.3cc39455.js:1
A.cToHostCallbackFunction @ vendors~mg-plugin.3cc39455.js:1
A.cToHostCallbackFunction @ vendors~mg-plugin.3cc39455.js:1
$func806 @ 00284a2a:0x856b8
$func573 @ 00284a2a:0x6b75e
$func24 @ 00284a2a:0x3404
$func24 @ 00284a2a:0x51b1
$func457 @ 00284a2a:0x609f5
$func562 @ 00284a2a:0x6ac4e
$func83 @ 00284a2a:0x16013
$func24 @ 00284a2a:0x5271
$func24 @ 00284a2a:0x51b1
$func556 @ 00284a2a:0x6a4c2
$func562 @ 00284a2a:0x6ac14
$func24 @ 00284a2a:0x3404
$func24 @ 00284a2a:0x5327
$func457 @ 00284a2a:0x609f5
$func562 @ 00284a2a:0x6ac4e
$func83 @ 00284a2a:0x16013
$func24 @ 00284a2a:0x5271
$func24 @ 00284a2a:0x51b1
$func24 @ 00284a2a:0x51b1
$func556 @ 00284a2a:0x6a4c2
$func562 @ 00284a2a:0x6ac14
$func24 @ 00284a2a:0x3404
$func24 @ 00284a2a:0x5327
$func712 @ 00284a2a:0x7c38d
$X @ 00284a2a:0x7def0
E._QTS_ExecutePendingJob @ vendors~mg-plugin.3cc39455.js:1
A.executePendingJobs @ vendors~mg-plugin.3cc39455.js:1
(anonymous) @ app.cbca4f39.js:1
Promise.then (async)
executePendingJobs @ app.cbca4f39.js:1
(anonymous) @ app.cbca4f39.js:1
i @ chunk-libs.ca58d924.js:5
setTimeout (async)
(anonymous) @ chunk-libs.ca58d924.js:5
(anonymous) @ app.cbca4f39.js:1
(anonymous) @ vendors~mg-plugin.3cc39455.js:1
A.withScope @ vendors~mg-plugin.3cc39455.js:1
A.cToHostCallbackFunction @ vendors~mg-plugin.3cc39455.js:1
A.cToHostCallbackFunction @ vendors~mg-plugin.3cc39455.js:1
$func806 @ 00284a2a:0x856b8
$func573 @ 00284a2a:0x6b75e
$func24 @ 00284a2a:0x3404
$func24 @ 00284a2a:0x51b1
$func457 @ 00284a2a:0x609f5
$func562 @ 00284a2a:0x6ac4e
$func83 @ 00284a2a:0x16013
$func24 @ 00284a2a:0x5271
$func24 @ 00284a2a:0x51b1
$func556 @ 00284a2a:0x6a4c2
$func562 @ 00284a2a:0x6ac14
$func24 @ 00284a2a:0x3404
$func24 @ 00284a2a:0x5327
$func457 @ 00284a2a:0x609f5
$func562 @ 00284a2a:0x6ac4e
$func83 @ 00284a2a:0x16013
$func24 @ 00284a2a:0x5271
$func24 @ 00284a2a:0x51b1
$func24 @ 00284a2a:0x51b1
$func556 @ 00284a2a:0x6a4c2
$func562 @ 00284a2a:0x6ac14
$func24 @ 00284a2a:0x3404
$func24 @ 00284a2a:0x5327
$func712 @ 00284a2a:0x7c38d
$X @ 00284a2a:0x7def0
E._QTS_ExecutePendingJob @ vendors~mg-plugin.3cc39455.js:1
A.executePendingJobs @ vendors~mg-plugin.3cc39455.js:1
(anonymous) @ app.cbca4f39.js:1
chunk-libs.ca58d924.js:127 [MasterGo2Figma] Layer chunk flush {"page":"agent 1","path":"pages/page-001-agent/layers/layers-198.json","chunkIndex":198,"records":1,"bytes":73023,"processedNodes":4640,"transfer":{"transferId":"export-1779262727345-7949022959725411","filename":"mastergo2figma-partial-pages-part-001-of-001-segment-001-agent-2026-05-20T07-38-47-345Z.zip","fileIndex":197,"postedChunks":3824,"streamedBytes":6607585}}
chunk-libs.ca58d924.js:127 [MasterGo2Figma] Layer chunk flush {"page":"agent 1","path":"pages/page-001-agent/layers/layers-200.json","chunkIndex":200,"records":16,"bytes":32921,"processedNodes":4672,"transfer":{"transferId":"export-1779262727345-7949022959725411","filename":"mastergo2figma-partial-pages-part-001-of-001-segment-001-agent-2026-05-20T07-38-47-345Z.zip","fileIndex":199,"postedChunks":3862,"streamedBytes":6704281}}
chunk-libs.ca58d924.js:127 [MasterGo2Figma] Large layer record {"page":"agent","node":"联集 56 (PEN, 72:23138)","recordBytes":73022,"chunkBytes":2850,"chunkRecords":1,"complexity":{"name":"联集 56","message":"","stack":"[Stack Hidden]"},"transfer":{"transferId":"export-1779262727345-7949022959725411","filename":"mastergo2figma-partial-pages-part-001-of-001-segment-001-agent-2026-05-20T07-38-47-345Z.zip","fileIndex":212,"postedChunks":4118,"streamedBytes":7108868}}
(anonymous) @ chunk-libs.ca58d924.js:127
(anonymous) @ app.cbca4f39.js:1
(anonymous) @ vendors~mg-plugin.3cc39455.js:1
A.withScope @ vendors~mg-plugin.3cc39455.js:1
A.cToHostCallbackFunction @ vendors~mg-plugin.3cc39455.js:1
A.cToHostCallbackFunction @ vendors~mg-plugin.3cc39455.js:1
$func806 @ 00284a2a:0x856b8
$func573 @ 00284a2a:0x6b75e
$func24 @ 00284a2a:0x3404
$func24 @ 00284a2a:0x5327
$func24 @ 00284a2a:0x51b1
$func556 @ 00284a2a:0x6a4c2
$func562 @ 00284a2a:0x6ac14
$func24 @ 00284a2a:0x3404
$func24 @ 00284a2a:0x5327
$func712 @ 00284a2a:0x7c38d
$X @ 00284a2a:0x7def0
E._QTS_ExecutePendingJob @ vendors~mg-plugin.3cc39455.js:1
A.executePendingJobs @ vendors~mg-plugin.3cc39455.js:1
(anonymous) @ app.cbca4f39.js:1
Promise.then (async)
executePendingJobs @ app.cbca4f39.js:1
(anonymous) @ app.cbca4f39.js:1
i @ chunk-libs.ca58d924.js:5
setTimeout (async)
(anonymous) @ chunk-libs.ca58d924.js:5
(anonymous) @ app.cbca4f39.js:1
(anonymous) @ vendors~mg-plugin.3cc39455.js:1
A.withScope @ vendors~mg-plugin.3cc39455.js:1
A.cToHostCallbackFunction @ vendors~mg-plugin.3cc39455.js:1
A.cToHostCallbackFunction @ vendors~mg-plugin.3cc39455.js:1
$func806 @ 00284a2a:0x856b8
$func573 @ 00284a2a:0x6b75e
$func24 @ 00284a2a:0x3404
$func24 @ 00284a2a:0x51b1
$func457 @ 00284a2a:0x609f5
$func562 @ 00284a2a:0x6ac4e
$func83 @ 00284a2a:0x16013
$func24 @ 00284a2a:0x5271
$func24 @ 00284a2a:0x51b1
$func556 @ 00284a2a:0x6a4c2
$func562 @ 00284a2a:0x6ac14
$func24 @ 00284a2a:0x3404
$func24 @ 00284a2a:0x5327
$func457 @ 00284a2a:0x609f5
$func562 @ 00284a2a:0x6ac4e
$func83 @ 00284a2a:0x16013
$func24 @ 00284a2a:0x5271
$func24 @ 00284a2a:0x51b1
$func24 @ 00284a2a:0x51b1
$func556 @ 00284a2a:0x6a4c2
$func562 @ 00284a2a:0x6ac14
$func24 @ 00284a2a:0x3404
$func24 @ 00284a2a:0x5327
$func712 @ 00284a2a:0x7c38d
$X @ 00284a2a:0x7def0
E._QTS_ExecutePendingJob @ vendors~mg-plugin.3cc39455.js:1
A.executePendingJobs @ vendors~mg-plugin.3cc39455.js:1
(anonymous) @ app.cbca4f39.js:1
Promise.then (async)
executePendingJobs @ app.cbca4f39.js:1
i @ app.cbca4f39.js:1
c @ app.cbca4f39.js:1
Ns.handlePluginMessage @ app.cbca4f39.js:1
i @ chunk-libs.ca58d924.js:5
postMessage (async)
(anonymous) @ plugin-sandbox.html:26
postMessage (async)
send @ VM293:31
acknowledgeLocalRelayFile @ VM293:536
await in acknowledgeLocalRelayFile (async)
window.onmessage @ VM293:891
postMessage (async)
postMessage @ app.cbca4f39.js:1
(anonymous) @ app.cbca4f39.js:1
(anonymous) @ app.cbca4f39.js:14
(anonymous) @ vendors~mg-plugin.3cc39455.js:1
A.withScope @ vendors~mg-plugin.3cc39455.js:1
A.cToHostCallbackFunction @ vendors~mg-plugin.3cc39455.js:1
A.cToHostCallbackFunction @ vendors~mg-plugin.3cc39455.js:1
$func806 @ 00284a2a:0x856b8
$func573 @ 00284a2a:0x6b75e
$func24 @ 00284a2a:0x3404
$func24 @ 00284a2a:0x5327
$func24 @ 00284a2a:0x51b1
$func556 @ 00284a2a:0x6a4c2
$func562 @ 00284a2a:0x6ac14
$func24 @ 00284a2a:0x3404
$func24 @ 00284a2a:0x5327
$func712 @ 00284a2a:0x7c38d
$X @ 00284a2a:0x7def0
E._QTS_ExecutePendingJob @ vendors~mg-plugin.3cc39455.js:1
A.executePendingJobs @ vendors~mg-plugin.3cc39455.js:1
(anonymous) @ app.cbca4f39.js:1
Promise.then (async)
executePendingJobs @ app.cbca4f39.js:1
i @ app.cbca4f39.js:1
c @ app.cbca4f39.js:1
Ns.handlePluginMessage @ app.cbca4f39.js:1
i @ chunk-libs.ca58d924.js:5
postMessage (async)
(anonymous) @ plugin-sandbox.html:26
postMessage (async)
send @ VM293:31
acknowledgeLocalRelayFile @ VM293:536
await in acknowledgeLocalRelayFile (async)
window.onmessage @ VM293:891
postMessage (async)
postMessage @ app.cbca4f39.js:1
(anonymous) @ app.cbca4f39.js:1
(anonymous) @ app.cbca4f39.js:14
(anonymous) @ vendors~mg-plugin.3cc39455.js:1
A.withScope @ vendors~mg-plugin.3cc39455.js:1
A.cToHostCallbackFunction @ vendors~mg-plugin.3cc39455.js:1
A.cToHostCallbackFunction @ vendors~mg-plugin.3cc39455.js:1
$func806 @ 00284a2a:0x856b8
$func573 @ 00284a2a:0x6b75e
$func24 @ 00284a2a:0x3404
$func24 @ 00284a2a:0x5327
$func24 @ 00284a2a:0x51b1
$func556 @ 00284a2a:0x6a4c2
$func562 @ 00284a2a:0x6ac14
$func24 @ 00284a2a:0x3404
$func24 @ 00284a2a:0x5327
$func712 @ 00284a2a:0x7c38d
$X @ 00284a2a:0x7def0
E._QTS_ExecutePendingJob @ vendors~mg-plugin.3cc39455.js:1
A.executePendingJobs @ vendors~mg-plugin.3cc39455.js:1
(anonymous) @ app.cbca4f39.js:1
Promise.then (async)
executePendingJobs @ app.cbca4f39.js:1
(anonymous) @ app.cbca4f39.js:1
i @ chunk-libs.ca58d924.js:5
setTimeout (async)
(anonymous) @ chunk-libs.ca58d924.js:5
(anonymous) @ app.cbca4f39.js:1
(anonymous) @ vendors~mg-plugin.3cc39455.js:1
A.withScope @ vendors~mg-plugin.3cc39455.js:1
A.cToHostCallbackFunction @ vendors~mg-plugin.3cc39455.js:1
A.cToHostCallbackFunction @ vendors~mg-plugin.3cc39455.js:1
$func806 @ 00284a2a:0x856b8
$func573 @ 00284a2a:0x6b75e
$func24 @ 00284a2a:0x3404
$func24 @ 00284a2a:0x51b1
$func457 @ 00284a2a:0x609f5
$func562 @ 00284a2a:0x6ac4e
$func83 @ 00284a2a:0x16013
$func24 @ 00284a2a:0x5271
$func24 @ 00284a2a:0x51b1
$func556 @ 00284a2a:0x6a4c2
$func562 @ 00284a2a:0x6ac14
$func24 @ 00284a2a:0x3404
$func24 @ 00284a2a:0x5327
$func457 @ 00284a2a:0x609f5
$func562 @ 00284a2a:0x6ac4e
$func83 @ 00284a2a:0x16013
$func24 @ 00284a2a:0x5271
$func24 @ 00284a2a:0x51b1
$func24 @ 00284a2a:0x51b1
$func556 @ 00284a2a:0x6a4c2
$func562 @ 00284a2a:0x6ac14
$func24 @ 00284a2a:0x3404
$func24 @ 00284a2a:0x5327
$func712 @ 00284a2a:0x7c38d
$X @ 00284a2a:0x7def0
E._QTS_ExecutePendingJob @ vendors~mg-plugin.3cc39455.js:1
A.executePendingJobs @ vendors~mg-plugin.3cc39455.js:1
(anonymous) @ app.cbca4f39.js:1
Promise.then (async)
executePendingJobs @ app.cbca4f39.js:1
(anonymous) @ app.cbca4f39.js:1
i @ chunk-libs.ca58d924.js:5
setTimeout (async)
(anonymous) @ chunk-libs.ca58d924.js:5
(anonymous) @ app.cbca4f39.js:1
(anonymous) @ vendors~mg-plugin.3cc39455.js:1
A.withScope @ vendors~mg-plugin.3cc39455.js:1
A.cToHostCallbackFunction @ vendors~mg-plugin.3cc39455.js:1
A.cToHostCallbackFunction @ vendors~mg-plugin.3cc39455.js:1
$func806 @ 00284a2a:0x856b8
$func573 @ 00284a2a:0x6b75e
$func24 @ 00284a2a:0x3404
$func24 @ 00284a2a:0x51b1
$func457 @ 00284a2a:0x609f5
$func562 @ 00284a2a:0x6ac4e
$func83 @ 00284a2a:0x16013
$func24 @ 00284a2a:0x5271
$func24 @ 00284a2a:0x51b1
$func556 @ 00284a2a:0x6a4c2
$func562 @ 00284a2a:0x6ac14
$func24 @ 00284a2a:0x3404
$func24 @ 00284a2a:0x5327
$func457 @ 00284a2a:0x609f5
$func562 @ 00284a2a:0x6ac4e
$func83 @ 00284a2a:0x16013
$func24 @ 00284a2a:0x5271
$func24 @ 00284a2a:0x51b1
$func24 @ 00284a2a:0x51b1
$func556 @ 00284a2a:0x6a4c2
$func562 @ 00284a2a:0x6ac14
$func24 @ 00284a2a:0x3404
$func24 @ 00284a2a:0x5327
$func712 @ 00284a2a:0x7c38d
$X @ 00284a2a:0x7def0
E._QTS_ExecutePendingJob @ vendors~mg-plugin.3cc39455.js:1
A.executePendingJobs @ vendors~mg-plugin.3cc39455.js:1
(anonymous) @ app.cbca4f39.js:1
Promise.then (async)
executePendingJobs @ app.cbca4f39.js:1
i @ app.cbca4f39.js:1
c @ app.cbca4f39.js:1
Ns.handlePluginMessage @ app.cbca4f39.js:1
i @ chunk-libs.ca58d924.js:5
postMessage (async)
(anonymous) @ plugin-sandbox.html:26
postMessage (async)
send @ VM293:31
acknowledgeLocalRelayFile @ VM293:536
await in acknowledgeLocalRelayFile (async)
window.onmessage @ VM293:891
postMessage (async)
postMessage @ app.cbca4f39.js:1
(anonymous) @ app.cbca4f39.js:1
(anonymous) @ app.cbca4f39.js:14
(anonymous) @ vendors~mg-plugin.3cc39455.js:1
A.withScope @ vendors~mg-plugin.3cc39455.js:1
A.cToHostCallbackFunction @ vendors~mg-plugin.3cc39455.js:1
A.cToHostCallbackFunction @ vendors~mg-plugin.3cc39455.js:1
$func806 @ 00284a2a:0x856b8
$func573 @ 00284a2a:0x6b75e
$func24 @ 00284a2a:0x3404
$func24 @ 00284a2a:0x5327
$func24 @ 00284a2a:0x51b1
$func556 @ 00284a2a:0x6a4c2
$func562 @ 00284a2a:0x6ac14
$func24 @ 00284a2a:0x3404
$func24 @ 00284a2a:0x5327
$func712 @ 00284a2a:0x7c38d
$X @ 00284a2a:0x7def0
E._QTS_ExecutePendingJob @ vendors~mg-plugin.3cc39455.js:1
A.executePendingJobs @ vendors~mg-plugin.3cc39455.js:1
(anonymous) @ app.cbca4f39.js:1
Promise.then (async)
executePendingJobs @ app.cbca4f39.js:1
(anonymous) @ app.cbca4f39.js:1
i @ chunk-libs.ca58d924.js:5
setTimeout (async)
(anonymous) @ chunk-libs.ca58d924.js:5
(anonymous) @ app.cbca4f39.js:1
(anonymous) @ vendors~mg-plugin.3cc39455.js:1
A.withScope @ vendors~mg-plugin.3cc39455.js:1
A.cToHostCallbackFunction @ vendors~mg-plugin.3cc39455.js:1
A.cToHostCallbackFunction @ vendors~mg-plugin.3cc39455.js:1
$func806 @ 00284a2a:0x856b8
$func573 @ 00284a2a:0x6b75e
$func24 @ 00284a2a:0x3404
$func24 @ 00284a2a:0x51b1
$func457 @ 00284a2a:0x609f5
$func562 @ 00284a2a:0x6ac4e
$func83 @ 00284a2a:0x16013
$func24 @ 00284a2a:0x5271
$func24 @ 00284a2a:0x51b1
$func556 @ 00284a2a:0x6a4c2
$func562 @ 00284a2a:0x6ac14
$func24 @ 00284a2a:0x3404
$func24 @ 00284a2a:0x5327
$func457 @ 00284a2a:0x609f5
$func562 @ 00284a2a:0x6ac4e
$func83 @ 00284a2a:0x16013
$func24 @ 00284a2a:0x5271
$func24 @ 00284a2a:0x51b1
$func24 @ 00284a2a:0x51b1
$func556 @ 00284a2a:0x6a4c2
$func562 @ 00284a2a:0x6ac14
$func24 @ 00284a2a:0x3404
$func24 @ 00284a2a:0x5327
$func712 @ 00284a2a:0x7c38d
$X @ 00284a2a:0x7def0
E._QTS_ExecutePendingJob @ vendors~mg-plugin.3cc39455.js:1
A.executePendingJobs @ vendors~mg-plugin.3cc39455.js:1
(anonymous) @ app.cbca4f39.js:1
Promise.then (async)
executePendingJobs @ app.cbca4f39.js:1
i @ app.cbca4f39.js:1
c @ app.cbca4f39.js:1
Ns.handlePluginMessage @ app.cbca4f39.js:1
i @ chunk-libs.ca58d924.js:5
postMessage (async)
(anonymous) @ plugin-sandbox.html:26
postMessage (async)
send @ VM293:31
acknowledgeLocalRelayFile @ VM293:536
await in acknowledgeLocalRelayFile (async)
window.onmessage @ VM293:891
postMessage (async)
postMessage @ app.cbca4f39.js:1
(anonymous) @ app.cbca4f39.js:1
(anonymous) @ app.cbca4f39.js:14
(anonymous) @ vendors~mg-plugin.3cc39455.js:1
A.withScope @ vendors~mg-plugin.3cc39455.js:1
A.cToHostCallbackFunction @ vendors~mg-plugin.3cc39455.js:1
A.cToHostCallbackFunction @ vendors~mg-plugin.3cc39455.js:1
$func806 @ 00284a2a:0x856b8
$func573 @ 00284a2a:0x6b75e
$func24 @ 00284a2a:0x3404
$func24 @ 00284a2a:0x5327
$func24 @ 00284a2a:0x51b1
$func556 @ 00284a2a:0x6a4c2
$func562 @ 00284a2a:0x6ac14
$func24 @ 00284a2a:0x3404
$func24 @ 00284a2a:0x5327
$func712 @ 00284a2a:0x7c38d
$X @ 00284a2a:0x7def0
E._QTS_ExecutePendingJob @ vendors~mg-plugin.3cc39455.js:1
A.executePendingJobs @ vendors~mg-plugin.3cc39455.js:1
(anonymous) @ app.cbca4f39.js:1
Promise.then (async)
executePendingJobs @ app.cbca4f39.js:1
(anonymous) @ app.cbca4f39.js:1
i @ chunk-libs.ca58d924.js:5
setTimeout (async)
(anonymous) @ chunk-libs.ca58d924.js:5
(anonymous) @ app.cbca4f39.js:1
(anonymous) @ vendors~mg-plugin.3cc39455.js:1
A.withScope @ vendors~mg-plugin.3cc39455.js:1
A.cToHostCallbackFunction @ vendors~mg-plugin.3cc39455.js:1
A.cToHostCallbackFunction @ vendors~mg-plugin.3cc39455.js:1
$func806 @ 00284a2a:0x856b8
$func573 @ 00284a2a:0x6b75e
$func24 @ 00284a2a:0x3404
$func24 @ 00284a2a:0x51b1
$func457 @ 00284a2a:0x609f5
$func562 @ 00284a2a:0x6ac4e
$func83 @ 00284a2a:0x16013
$func24 @ 00284a2a:0x5271
$func24 @ 00284a2a:0x51b1
$func556 @ 00284a2a:0x6a4c2
$func562 @ 00284a2a:0x6ac14
$func24 @ 00284a2a:0x3404
$func24 @ 00284a2a:0x5327
$func457 @ 00284a2a:0x609f5
$func562 @ 00284a2a:0x6ac4e
$func83 @ 00284a2a:0x16013
$func24 @ 00284a2a:0x5271
$func24 @ 00284a2a:0x51b1
$func24 @ 00284a2a:0x51b1
$func556 @ 00284a2a:0x6a4c2
$func562 @ 00284a2a:0x6ac14
$func24 @ 00284a2a:0x3404
$func24 @ 00284a2a:0x5327
$func712 @ 00284a2a:0x7c38d
$X @ 00284a2a:0x7def0
E._QTS_ExecutePendingJob @ vendors~mg-plugin.3cc39455.js:1
A.executePendingJobs @ vendors~mg-plugin.3cc39455.js:1
(anonymous) @ app.cbca4f39.js:1
Promise.then (async)
executePendingJobs @ app.cbca4f39.js:1
i @ app.cbca4f39.js:1
c @ app.cbca4f39.js:1
Ns.handlePluginMessage @ app.cbca4f39.js:1
i @ chunk-libs.ca58d924.js:5
postMessage (async)
(anonymous) @ plugin-sandbox.html:26
chunk-libs.ca58d924.js:127 [MasterGo2Figma] Single layer record exceeds chunk byte target {"recordBytes":73022,"chunkMaxBytes":65536,"page":"agent 1","transfer":{"transferId":"export-1779262727345-7949022959725411","filename":"mastergo2figma-partial-pages-part-001-of-001-segment-001-agent-2026-05-20T07-38-47-345Z.zip","fileIndex":212,"postedChunks":4118,"streamedBytes":7108868}}
(anonymous) @ chunk-libs.ca58d924.js:127
(anonymous) @ app.cbca4f39.js:1
(anonymous) @ vendors~mg-plugin.3cc39455.js:1
A.withScope @ vendors~mg-plugin.3cc39455.js:1
A.cToHostCallbackFunction @ vendors~mg-plugin.3cc39455.js:1
A.cToHostCallbackFunction @ vendors~mg-plugin.3cc39455.js:1
$func806 @ 00284a2a:0x856b8
$func573 @ 00284a2a:0x6b75e
$func24 @ 00284a2a:0x3404
$func24 @ 00284a2a:0x5327
$func24 @ 00284a2a:0x51b1
$func556 @ 00284a2a:0x6a4c2
$func562 @ 00284a2a:0x6ac14
$func24 @ 00284a2a:0x3404
$func24 @ 00284a2a:0x5327
$func457 @ 00284a2a:0x609f5
$func562 @ 00284a2a:0x6ac4e
$func83 @ 00284a2a:0x16013
$func24 @ 00284a2a:0x5271
$func24 @ 00284a2a:0x51b1
$func24 @ 00284a2a:0x51b1
$func556 @ 00284a2a:0x6a4c2
$func562 @ 00284a2a:0x6ac14
$func24 @ 00284a2a:0x3404
$func24 @ 00284a2a:0x5327
$func712 @ 00284a2a:0x7c38d
$X @ 00284a2a:0x7def0
E._QTS_ExecutePendingJob @ vendors~mg-plugin.3cc39455.js:1
A.executePendingJobs @ vendors~mg-plugin.3cc39455.js:1
(anonymous) @ app.cbca4f39.js:1
Promise.then (async)
executePendingJobs @ app.cbca4f39.js:1
(anonymous) @ app.cbca4f39.js:1
i @ chunk-libs.ca58d924.js:5
setTimeout (async)
(anonymous) @ chunk-libs.ca58d924.js:5
(anonymous) @ app.cbca4f39.js:1
(anonymous) @ vendors~mg-plugin.3cc39455.js:1
A.withScope @ vendors~mg-plugin.3cc39455.js:1
A.cToHostCallbackFunction @ vendors~mg-plugin.3cc39455.js:1
A.cToHostCallbackFunction @ vendors~mg-plugin.3cc39455.js:1
$func806 @ 00284a2a:0x856b8
$func573 @ 00284a2a:0x6b75e
$func24 @ 00284a2a:0x3404
$func24 @ 00284a2a:0x51b1
$func457 @ 00284a2a:0x609f5
$func562 @ 00284a2a:0x6ac4e
$func83 @ 00284a2a:0x16013
$func24 @ 00284a2a:0x5271
$func24 @ 00284a2a:0x51b1
$func556 @ 00284a2a:0x6a4c2
$func562 @ 00284a2a:0x6ac14
$func24 @ 00284a2a:0x3404
$func24 @ 00284a2a:0x5327
$func457 @ 00284a2a:0x609f5
$func562 @ 00284a2a:0x6ac4e
$func83 @ 00284a2a:0x16013
$func24 @ 00284a2a:0x5271
$func24 @ 00284a2a:0x51b1
$func24 @ 00284a2a:0x51b1
$func556 @ 00284a2a:0x6a4c2
$func562 @ 00284a2a:0x6ac14
$func24 @ 00284a2a:0x3404
$func24 @ 00284a2a:0x5327
$func712 @ 00284a2a:0x7c38d
$X @ 00284a2a:0x7def0
E._QTS_ExecutePendingJob @ vendors~mg-plugin.3cc39455.js:1
A.executePendingJobs @ vendors~mg-plugin.3cc39455.js:1
(anonymous) @ app.cbca4f39.js:1
Promise.then (async)
executePendingJobs @ app.cbca4f39.js:1
i @ app.cbca4f39.js:1
c @ app.cbca4f39.js:1
Ns.handlePluginMessage @ app.cbca4f39.js:1
i @ chunk-libs.ca58d924.js:5
postMessage (async)
(anonymous) @ plugin-sandbox.html:26
postMessage (async)
send @ VM293:31
acknowledgeLocalRelayFile @ VM293:536
await in acknowledgeLocalRelayFile (async)
window.onmessage @ VM293:891
postMessage (async)
postMessage @ app.cbca4f39.js:1
(anonymous) @ app.cbca4f39.js:1
(anonymous) @ app.cbca4f39.js:14
(anonymous) @ vendors~mg-plugin.3cc39455.js:1
A.withScope @ vendors~mg-plugin.3cc39455.js:1
A.cToHostCallbackFunction @ vendors~mg-plugin.3cc39455.js:1
A.cToHostCallbackFunction @ vendors~mg-plugin.3cc39455.js:1
$func806 @ 00284a2a:0x856b8
$func573 @ 00284a2a:0x6b75e
$func24 @ 00284a2a:0x3404
$func24 @ 00284a2a:0x5327
$func24 @ 00284a2a:0x51b1
$func556 @ 00284a2a:0x6a4c2
$func562 @ 00284a2a:0x6ac14
$func24 @ 00284a2a:0x3404
$func24 @ 00284a2a:0x5327
$func712 @ 00284a2a:0x7c38d
$X @ 00284a2a:0x7def0
E._QTS_ExecutePendingJob @ vendors~mg-plugin.3cc39455.js:1
A.executePendingJobs @ vendors~mg-plugin.3cc39455.js:1
(anonymous) @ app.cbca4f39.js:1
Promise.then (async)
executePendingJobs @ app.cbca4f39.js:1
i @ app.cbca4f39.js:1
c @ app.cbca4f39.js:1
Ns.handlePluginMessage @ app.cbca4f39.js:1
i @ chunk-libs.ca58d924.js:5
postMessage (async)
(anonymous) @ plugin-sandbox.html:26
postMessage (async)
send @ VM293:31
acknowledgeLocalRelayFile @ VM293:536
await in acknowledgeLocalRelayFile (async)
window.onmessage @ VM293:891
postMessage (async)
postMessage @ app.cbca4f39.js:1
(anonymous) @ app.cbca4f39.js:1
(anonymous) @ app.cbca4f39.js:14
(anonymous) @ vendors~mg-plugin.3cc39455.js:1
A.withScope @ vendors~mg-plugin.3cc39455.js:1
A.cToHostCallbackFunction @ vendors~mg-plugin.3cc39455.js:1
A.cToHostCallbackFunction @ vendors~mg-plugin.3cc39455.js:1
$func806 @ 00284a2a:0x856b8
$func573 @ 00284a2a:0x6b75e
$func24 @ 00284a2a:0x3404
$func24 @ 00284a2a:0x5327
$func24 @ 00284a2a:0x51b1
$func556 @ 00284a2a:0x6a4c2
$func562 @ 00284a2a:0x6ac14
$func24 @ 00284a2a:0x3404
$func24 @ 00284a2a:0x5327
$func712 @ 00284a2a:0x7c38d
$X @ 00284a2a:0x7def0
E._QTS_ExecutePendingJob @ vendors~mg-plugin.3cc39455.js:1
A.executePendingJobs @ vendors~mg-plugin.3cc39455.js:1
(anonymous) @ app.cbca4f39.js:1
Promise.then (async)
executePendingJobs @ app.cbca4f39.js:1
(anonymous) @ app.cbca4f39.js:1
i @ chunk-libs.ca58d924.js:5
setTimeout (async)
(anonymous) @ chunk-libs.ca58d924.js:5
(anonymous) @ app.cbca4f39.js:1
(anonymous) @ vendors~mg-plugin.3cc39455.js:1
A.withScope @ vendors~mg-plugin.3cc39455.js:1
A.cToHostCallbackFunction @ vendors~mg-plugin.3cc39455.js:1
A.cToHostCallbackFunction @ vendors~mg-plugin.3cc39455.js:1
$func806 @ 00284a2a:0x856b8
$func573 @ 00284a2a:0x6b75e
$func24 @ 00284a2a:0x3404
$func24 @ 00284a2a:0x51b1
$func457 @ 00284a2a:0x609f5
$func562 @ 00284a2a:0x6ac4e
$func83 @ 00284a2a:0x16013
$func24 @ 00284a2a:0x5271
$func24 @ 00284a2a:0x51b1
$func556 @ 00284a2a:0x6a4c2
$func562 @ 00284a2a:0x6ac14
$func24 @ 00284a2a:0x3404
$func24 @ 00284a2a:0x5327
$func457 @ 00284a2a:0x609f5
$func562 @ 00284a2a:0x6ac4e
$func83 @ 00284a2a:0x16013
$func24 @ 00284a2a:0x5271
$func24 @ 00284a2a:0x51b1
$func24 @ 00284a2a:0x51b1
$func556 @ 00284a2a:0x6a4c2
$func562 @ 00284a2a:0x6ac14
$func24 @ 00284a2a:0x3404
$func24 @ 00284a2a:0x5327
$func712 @ 00284a2a:0x7c38d
$X @ 00284a2a:0x7def0
E._QTS_ExecutePendingJob @ vendors~mg-plugin.3cc39455.js:1
A.executePendingJobs @ vendors~mg-plugin.3cc39455.js:1
(anonymous) @ app.cbca4f39.js:1
Promise.then (async)
executePendingJobs @ app.cbca4f39.js:1
(anonymous) @ app.cbca4f39.js:1
i @ chunk-libs.ca58d924.js:5
setTimeout (async)
(anonymous) @ chunk-libs.ca58d924.js:5
(anonymous) @ app.cbca4f39.js:1
(anonymous) @ vendors~mg-plugin.3cc39455.js:1
A.withScope @ vendors~mg-plugin.3cc39455.js:1
A.cToHostCallbackFunction @ vendors~mg-plugin.3cc39455.js:1
A.cToHostCallbackFunction @ vendors~mg-plugin.3cc39455.js:1
$func806 @ 00284a2a:0x856b8
$func573 @ 00284a2a:0x6b75e
$func24 @ 00284a2a:0x3404
$func24 @ 00284a2a:0x51b1
$func457 @ 00284a2a:0x609f5
$func562 @ 00284a2a:0x6ac4e
$func83 @ 00284a2a:0x16013
$func24 @ 00284a2a:0x5271
$func24 @ 00284a2a:0x51b1
$func556 @ 00284a2a:0x6a4c2
$func562 @ 00284a2a:0x6ac14
$func24 @ 00284a2a:0x3404
$func24 @ 00284a2a:0x5327
$func457 @ 00284a2a:0x609f5
$func562 @ 00284a2a:0x6ac4e
$func83 @ 00284a2a:0x16013
$func24 @ 00284a2a:0x5271
$func24 @ 00284a2a:0x51b1
$func24 @ 00284a2a:0x51b1
$func556 @ 00284a2a:0x6a4c2
$func562 @ 00284a2a:0x6ac14
$func24 @ 00284a2a:0x3404
$func24 @ 00284a2a:0x5327
$func712 @ 00284a2a:0x7c38d
$X @ 00284a2a:0x7def0
E._QTS_ExecutePendingJob @ vendors~mg-plugin.3cc39455.js:1
A.executePendingJobs @ vendors~mg-plugin.3cc39455.js:1
(anonymous) @ app.cbca4f39.js:1
Promise.then (async)
executePendingJobs @ app.cbca4f39.js:1
i @ app.cbca4f39.js:1
c @ app.cbca4f39.js:1
Ns.handlePluginMessage @ app.cbca4f39.js:1
i @ chunk-libs.ca58d924.js:5
postMessage (async)
(anonymous) @ plugin-sandbox.html:26
postMessage (async)
send @ VM293:31
acknowledgeLocalRelayFile @ VM293:536
await in acknowledgeLocalRelayFile (async)
window.onmessage @ VM293:891
postMessage (async)
postMessage @ app.cbca4f39.js:1
(anonymous) @ app.cbca4f39.js:1
(anonymous) @ app.cbca4f39.js:14
(anonymous) @ vendors~mg-plugin.3cc39455.js:1
A.withScope @ vendors~mg-plugin.3cc39455.js:1
A.cToHostCallbackFunction @ vendors~mg-plugin.3cc39455.js:1
A.cToHostCallbackFunction @ vendors~mg-plugin.3cc39455.js:1
$func806 @ 00284a2a:0x856b8
$func573 @ 00284a2a:0x6b75e
$func24 @ 00284a2a:0x3404
$func24 @ 00284a2a:0x5327
$func24 @ 00284a2a:0x51b1
$func556 @ 00284a2a:0x6a4c2
$func562 @ 00284a2a:0x6ac14
$func24 @ 00284a2a:0x3404
$func24 @ 00284a2a:0x5327
$func712 @ 00284a2a:0x7c38d
$X @ 00284a2a:0x7def0
E._QTS_ExecutePendingJob @ vendors~mg-plugin.3cc39455.js:1
A.executePendingJobs @ vendors~mg-plugin.3cc39455.js:1
(anonymous) @ app.cbca4f39.js:1
Promise.then (async)
executePendingJobs @ app.cbca4f39.js:1
(anonymous) @ app.cbca4f39.js:1
i @ chunk-libs.ca58d924.js:5
setTimeout (async)
(anonymous) @ chunk-libs.ca58d924.js:5
(anonymous) @ app.cbca4f39.js:1
(anonymous) @ vendors~mg-plugin.3cc39455.js:1
A.withScope @ vendors~mg-plugin.3cc39455.js:1
A.cToHostCallbackFunction @ vendors~mg-plugin.3cc39455.js:1
A.cToHostCallbackFunction @ vendors~mg-plugin.3cc39455.js:1
$func806 @ 00284a2a:0x856b8
$func573 @ 00284a2a:0x6b75e
$func24 @ 00284a2a:0x3404
$func24 @ 00284a2a:0x51b1
$func457 @ 00284a2a:0x609f5
$func562 @ 00284a2a:0x6ac4e
$func83 @ 00284a2a:0x16013
$func24 @ 00284a2a:0x5271
$func24 @ 00284a2a:0x51b1
$func556 @ 00284a2a:0x6a4c2
$func562 @ 00284a2a:0x6ac14
$func24 @ 00284a2a:0x3404
$func24 @ 00284a2a:0x5327
$func457 @ 00284a2a:0x609f5
$func562 @ 00284a2a:0x6ac4e
$func83 @ 00284a2a:0x16013
$func24 @ 00284a2a:0x5271
$func24 @ 00284a2a:0x51b1
$func24 @ 00284a2a:0x51b1
$func556 @ 00284a2a:0x6a4c2
$func562 @ 00284a2a:0x6ac14
$func24 @ 00284a2a:0x3404
$func24 @ 00284a2a:0x5327
$func712 @ 00284a2a:0x7c38d
$X @ 00284a2a:0x7def0
E._QTS_ExecutePendingJob @ vendors~mg-plugin.3cc39455.js:1
A.executePendingJobs @ vendors~mg-plugin.3cc39455.js:1
(anonymous) @ app.cbca4f39.js:1
Promise.then (async)
executePendingJobs @ app.cbca4f39.js:1
i @ app.cbca4f39.js:1
c @ app.cbca4f39.js:1
Ns.handlePluginMessage @ app.cbca4f39.js:1
i @ chunk-libs.ca58d924.js:5
postMessage (async)
(anonymous) @ plugin-sandbox.html:26
postMessage (async)
send @ VM293:31
acknowledgeLocalRelayFile @ VM293:536
await in acknowledgeLocalRelayFile (async)
window.onmessage @ VM293:891
postMessage (async)
postMessage @ app.cbca4f39.js:1
(anonymous) @ app.cbca4f39.js:1
(anonymous) @ app.cbca4f39.js:14
(anonymous) @ vendors~mg-plugin.3cc39455.js:1
A.withScope @ vendors~mg-plugin.3cc39455.js:1
A.cToHostCallbackFunction @ vendors~mg-plugin.3cc39455.js:1
A.cToHostCallbackFunction @ vendors~mg-plugin.3cc39455.js:1
$func806 @ 00284a2a:0x856b8
$func573 @ 00284a2a:0x6b75e
$func24 @ 00284a2a:0x3404
$func24 @ 00284a2a:0x5327
$func24 @ 00284a2a:0x51b1
$func556 @ 00284a2a:0x6a4c2
$func562 @ 00284a2a:0x6ac14
$func24 @ 00284a2a:0x3404
$func24 @ 00284a2a:0x5327
$func712 @ 00284a2a:0x7c38d
$X @ 00284a2a:0x7def0
E._QTS_ExecutePendingJob @ vendors~mg-plugin.3cc39455.js:1
A.executePendingJobs @ vendors~mg-plugin.3cc39455.js:1
(anonymous) @ app.cbca4f39.js:1
Promise.then (async)
executePendingJobs @ app.cbca4f39.js:1
(anonymous) @ app.cbca4f39.js:1
i @ chunk-libs.ca58d924.js:5
setTimeout (async)
(anonymous) @ chunk-libs.ca58d924.js:5
(anonymous) @ app.cbca4f39.js:1
(anonymous) @ vendors~mg-plugin.3cc39455.js:1
A.withScope @ vendors~mg-plugin.3cc39455.js:1
A.cToHostCallbackFunction @ vendors~mg-plugin.3cc39455.js:1
A.cToHostCallbackFunction @ vendors~mg-plugin.3cc39455.js:1
$func806 @ 00284a2a:0x856b8
$func573 @ 00284a2a:0x6b75e
$func24 @ 00284a2a:0x3404
$func24 @ 00284a2a:0x51b1
$func457 @ 00284a2a:0x609f5
$func562 @ 00284a2a:0x6ac4e
$func83 @ 00284a2a:0x16013
$func24 @ 00284a2a:0x5271
$func24 @ 00284a2a:0x51b1
$func556 @ 00284a2a:0x6a4c2
$func562 @ 00284a2a:0x6ac14
$func24 @ 00284a2a:0x3404
$func24 @ 00284a2a:0x5327
$func457 @ 00284a2a:0x609f5
$func562 @ 00284a2a:0x6ac4e
$func83 @ 00284a2a:0x16013
$func24 @ 00284a2a:0x5271
$func24 @ 00284a2a:0x51b1
$func24 @ 00284a2a:0x51b1
$func556 @ 00284a2a:0x6a4c2
$func562 @ 00284a2a:0x6ac14
$func24 @ 00284a2a:0x3404
$func24 @ 00284a2a:0x5327
$func712 @ 00284a2a:0x7c38d
$X @ 00284a2a:0x7def0
E._QTS_ExecutePendingJob @ vendors~mg-plugin.3cc39455.js:1
A.executePendingJobs @ vendors~mg-plugin.3cc39455.js:1
(anonymous) @ app.cbca4f39.js:1
Promise.then (async)
executePendingJobs @ app.cbca4f39.js:1
i @ app.cbca4f39.js:1
c @ app.cbca4f39.js:1
Ns.handlePluginMessage @ app.cbca4f39.js:1
i @ chunk-libs.ca58d924.js:5
postMessage (async)
(anonymous) @ plugin-sandbox.html:26
chunk-libs.ca58d924.js:127 [MasterGo2Figma] Layer chunk flush {"page":"agent 1","path":"pages/page-001-agent/layers/layers-214.json","chunkIndex":214,"records":1,"bytes":73023,"processedNodes":4866,"transfer":{"transferId":"export-1779262727345-7949022959725411","filename":"mastergo2figma-partial-pages-part-001-of-001-segment-001-agent-2026-05-20T07-38-47-345Z.zip","fileIndex":213,"postedChunks":4121,"streamedBytes":7111799}}
chunk-libs.ca58d924.js:127 [MasterGo2Figma] Layer chunk flush {"page":"agent 1","path":"pages/page-001-agent/layers/layers-225.json","chunkIndex":225,"records":16,"bytes":53207,"processedNodes":5042,"transfer":{"transferId":"export-1779262727345-7949022959725411","filename":"mastergo2figma-partial-pages-part-001-of-001-segment-001-agent-2026-05-20T07-38-47-345Z.zip","fileIndex":224,"postedChunks":4332,"streamedBytes":7468927}}
chunk-libs.ca58d924.js:127 [MasterGo2Figma] Large layer record {"page":"agent","node":"路径 (PEN, 1:22257)","recordBytes":50116,"chunkBytes":0,"chunkRecords":0,"complexity":{"name":"路径","message":"","stack":"[Stack Hidden]"},"transfer":{"transferId":"export-1779262727345-7949022959725411","filename":"mastergo2figma-partial-pages-part-001-of-001-segment-001-agent-2026-05-20T07-38-47-345Z.zip","fileIndex":239,"postedChunks":4635,"streamedBytes":7991605}}
(anonymous) @ chunk-libs.ca58d924.js:127
(anonymous) @ app.cbca4f39.js:1
(anonymous) @ vendors~mg-plugin.3cc39455.js:1
A.withScope @ vendors~mg-plugin.3cc39455.js:1
A.cToHostCallbackFunction @ vendors~mg-plugin.3cc39455.js:1
A.cToHostCallbackFunction @ vendors~mg-plugin.3cc39455.js:1
$func806 @ 00284a2a:0x856b8
$func573 @ 00284a2a:0x6b75e
$func24 @ 00284a2a:0x3404
$func24 @ 00284a2a:0x5327
$func24 @ 00284a2a:0x51b1
$func556 @ 00284a2a:0x6a4c2
$func562 @ 00284a2a:0x6ac14
$func24 @ 00284a2a:0x3404
$func24 @ 00284a2a:0x5327
$func712 @ 00284a2a:0x7c38d
$X @ 00284a2a:0x7def0
E._QTS_ExecutePendingJob @ vendors~mg-plugin.3cc39455.js:1
A.executePendingJobs @ vendors~mg-plugin.3cc39455.js:1
(anonymous) @ app.cbca4f39.js:1
Promise.then (async)
executePendingJobs @ app.cbca4f39.js:1
(anonymous) @ app.cbca4f39.js:1
i @ chunk-libs.ca58d924.js:5
setTimeout (async)
(anonymous) @ chunk-libs.ca58d924.js:5
(anonymous) @ app.cbca4f39.js:1
(anonymous) @ vendors~mg-plugin.3cc39455.js:1
A.withScope @ vendors~mg-plugin.3cc39455.js:1
A.cToHostCallbackFunction @ vendors~mg-plugin.3cc39455.js:1
A.cToHostCallbackFunction @ vendors~mg-plugin.3cc39455.js:1
$func806 @ 00284a2a:0x856b8
$func573 @ 00284a2a:0x6b75e
$func24 @ 00284a2a:0x3404
$func24 @ 00284a2a:0x51b1
$func457 @ 00284a2a:0x609f5
$func562 @ 00284a2a:0x6ac4e
$func83 @ 00284a2a:0x16013
$func24 @ 00284a2a:0x5271
$func24 @ 00284a2a:0x51b1
$func556 @ 00284a2a:0x6a4c2
$func562 @ 00284a2a:0x6ac14
$func24 @ 00284a2a:0x3404
$func24 @ 00284a2a:0x5327
$func457 @ 00284a2a:0x609f5
$func562 @ 00284a2a:0x6ac4e
$func83 @ 00284a2a:0x16013
$func24 @ 00284a2a:0x5271
$func24 @ 00284a2a:0x51b1
$func24 @ 00284a2a:0x51b1
$func556 @ 00284a2a:0x6a4c2
$func562 @ 00284a2a:0x6ac14
$func24 @ 00284a2a:0x3404
$func24 @ 00284a2a:0x5327
$func712 @ 00284a2a:0x7c38d
$X @ 00284a2a:0x7def0
E._QTS_ExecutePendingJob @ vendors~mg-plugin.3cc39455.js:1
A.executePendingJobs @ vendors~mg-plugin.3cc39455.js:1
(anonymous) @ app.cbca4f39.js:1
Promise.then (async)
executePendingJobs @ app.cbca4f39.js:1
i @ app.cbca4f39.js:1
c @ app.cbca4f39.js:1
Ns.handlePluginMessage @ app.cbca4f39.js:1
i @ chunk-libs.ca58d924.js:5
postMessage (async)
(anonymous) @ plugin-sandbox.html:26
postMessage (async)
send @ VM293:31
acknowledgeLocalRelayFile @ VM293:536
await in acknowledgeLocalRelayFile (async)
window.onmessage @ VM293:891
postMessage (async)
postMessage @ app.cbca4f39.js:1
(anonymous) @ app.cbca4f39.js:1
(anonymous) @ app.cbca4f39.js:14
(anonymous) @ vendors~mg-plugin.3cc39455.js:1
A.withScope @ vendors~mg-plugin.3cc39455.js:1
A.cToHostCallbackFunction @ vendors~mg-plugin.3cc39455.js:1
A.cToHostCallbackFunction @ vendors~mg-plugin.3cc39455.js:1
$func806 @ 00284a2a:0x856b8
$func573 @ 00284a2a:0x6b75e
$func24 @ 00284a2a:0x3404
$func24 @ 00284a2a:0x5327
$func24 @ 00284a2a:0x51b1
$func556 @ 00284a2a:0x6a4c2
$func562 @ 00284a2a:0x6ac14
$func24 @ 00284a2a:0x3404
$func24 @ 00284a2a:0x5327
$func712 @ 00284a2a:0x7c38d
$X @ 00284a2a:0x7def0
E._QTS_ExecutePendingJob @ vendors~mg-plugin.3cc39455.js:1
A.executePendingJobs @ vendors~mg-plugin.3cc39455.js:1
(anonymous) @ app.cbca4f39.js:1
Promise.then (async)
executePendingJobs @ app.cbca4f39.js:1
(anonymous) @ app.cbca4f39.js:1
Promise.finally (async)
(anonymous) @ app.cbca4f39.js:1
(anonymous) @ app.cbca4f39.js:14
(anonymous) @ vendors~mg-plugin.3cc39455.js:1
A.withScope @ vendors~mg-plugin.3cc39455.js:1
A.cToHostCallbackFunction @ vendors~mg-plugin.3cc39455.js:1
A.cToHostCallbackFunction @ vendors~mg-plugin.3cc39455.js:1
$func806 @ 00284a2a:0x856b8
$func573 @ 00284a2a:0x6b75e
$func24 @ 00284a2a:0x3404
$func24 @ 00284a2a:0x5327
$func556 @ 00284a2a:0x6a4c2
$func562 @ 00284a2a:0x6ac14
$func24 @ 00284a2a:0x3404
$func24 @ 00284a2a:0x5327
$func457 @ 00284a2a:0x609f5
$func562 @ 00284a2a:0x6ac4e
$func83 @ 00284a2a:0x16013
$func24 @ 00284a2a:0x5271
$func24 @ 00284a2a:0x51b1
$func24 @ 00284a2a:0x51b1
$func556 @ 00284a2a:0x6a4c2
$func562 @ 00284a2a:0x6ac14
$func24 @ 00284a2a:0x3404
$func24 @ 00284a2a:0x5327
$func457 @ 00284a2a:0x609f5
$func562 @ 00284a2a:0x6ac4e
$func83 @ 00284a2a:0x16013
$func24 @ 00284a2a:0x5271
$func24 @ 00284a2a:0x51b1
$func24 @ 00284a2a:0x51b1
$func556 @ 00284a2a:0x6a4c2
$func562 @ 00284a2a:0x6ac14
$func24 @ 00284a2a:0x3404
$func24 @ 00284a2a:0x5327
$func457 @ 00284a2a:0x609f5
$func562 @ 00284a2a:0x6ac4e
$func83 @ 00284a2a:0x16013
$func24 @ 00284a2a:0x5271
$func24 @ 00284a2a:0x51b1
$func24 @ 00284a2a:0x51b1
$func556 @ 00284a2a:0x6a4c2
$func562 @ 00284a2a:0x6ac14
$func24 @ 00284a2a:0x3404
$func24 @ 00284a2a:0x5327
$func457 @ 00284a2a:0x609f5
$func562 @ 00284a2a:0x6ac4e
$func83 @ 00284a2a:0x16013
$func24 @ 00284a2a:0x5271
$func24 @ 00284a2a:0x51b1
$func24 @ 00284a2a:0x51b1
$func556 @ 00284a2a:0x6a4c2
$func562 @ 00284a2a:0x6ac14
$func24 @ 00284a2a:0x3404
$func24 @ 00284a2a:0x5327
$func712 @ 00284a2a:0x7c38d
$X @ 00284a2a:0x7def0
E._QTS_ExecutePendingJob @ vendors~mg-plugin.3cc39455.js:1
A.executePendingJobs @ vendors~mg-plugin.3cc39455.js:1
(anonymous) @ app.cbca4f39.js:1
Promise.then (async)
executePendingJobs @ app.cbca4f39.js:1
(anonymous) @ app.cbca4f39.js:1
Promise.finally (async)
(anonymous) @ app.cbca4f39.js:1
(anonymous) @ app.cbca4f39.js:14
(anonymous) @ vendors~mg-plugin.3cc39455.js:1
A.withScope @ vendors~mg-plugin.3cc39455.js:1
A.cToHostCallbackFunction @ vendors~mg-plugin.3cc39455.js:1
A.cToHostCallbackFunction @ vendors~mg-plugin.3cc39455.js:1
$func806 @ 00284a2a:0x856b8
$func573 @ 00284a2a:0x6b75e
$func24 @ 00284a2a:0x3404
$func24 @ 00284a2a:0x5327
$func556 @ 00284a2a:0x6a4c2
$func562 @ 00284a2a:0x6ac14
$func24 @ 00284a2a:0x3404
$func24 @ 00284a2a:0x5327
$func457 @ 00284a2a:0x609f5
$func562 @ 00284a2a:0x6ac4e
$func83 @ 00284a2a:0x16013
$func24 @ 00284a2a:0x5271
$func24 @ 00284a2a:0x51b1
$func24 @ 00284a2a:0x51b1
$func556 @ 00284a2a:0x6a4c2
$func562 @ 00284a2a:0x6ac14
$func24 @ 00284a2a:0x3404
$func24 @ 00284a2a:0x5327
$func457 @ 00284a2a:0x609f5
$func562 @ 00284a2a:0x6ac4e
$func83 @ 00284a2a:0x16013
$func24 @ 00284a2a:0x5271
$func24 @ 00284a2a:0x51b1
$func24 @ 00284a2a:0x51b1
$func556 @ 00284a2a:0x6a4c2
$func562 @ 00284a2a:0x6ac14
$func24 @ 00284a2a:0x3404
$func24 @ 00284a2a:0x5327
$func457 @ 00284a2a:0x609f5
$func562 @ 00284a2a:0x6ac4e
$func83 @ 00284a2a:0x16013
$func24 @ 00284a2a:0x5271
$func24 @ 00284a2a:0x51b1
$func24 @ 00284a2a:0x51b1
$func556 @ 00284a2a:0x6a4c2
$func562 @ 00284a2a:0x6ac14
$func24 @ 00284a2a:0x3404
$func24 @ 00284a2a:0x5327
$func457 @ 00284a2a:0x609f5
$func562 @ 00284a2a:0x6ac4e
$func83 @ 00284a2a:0x16013
$func24 @ 00284a2a:0x5271
$func24 @ 00284a2a:0x51b1
$func24 @ 00284a2a:0x51b1
$func556 @ 00284a2a:0x6a4c2
$func562 @ 00284a2a:0x6ac14
$func24 @ 00284a2a:0x3404
$func24 @ 00284a2a:0x5327
$func712 @ 00284a2a:0x7c38d
$X @ 00284a2a:0x7def0
E._QTS_ExecutePendingJob @ vendors~mg-plugin.3cc39455.js:1
A.executePendingJobs @ vendors~mg-plugin.3cc39455.js:1
(anonymous) @ app.cbca4f39.js:1
Promise.then (async)
executePendingJobs @ app.cbca4f39.js:1
(anonymous) @ app.cbca4f39.js:1
Promise.finally (async)
(anonymous) @ app.cbca4f39.js:1
(anonymous) @ app.cbca4f39.js:14
(anonymous) @ vendors~mg-plugin.3cc39455.js:1
A.withScope @ vendors~mg-plugin.3cc39455.js:1
A.cToHostCallbackFunction @ vendors~mg-plugin.3cc39455.js:1
A.cToHostCallbackFunction @ vendors~mg-plugin.3cc39455.js:1
$func806 @ 00284a2a:0x856b8
$func573 @ 00284a2a:0x6b75e
$func24 @ 00284a2a:0x3404
$func24 @ 00284a2a:0x5327
$func556 @ 00284a2a:0x6a4c2
$func562 @ 00284a2a:0x6ac14
$func24 @ 00284a2a:0x3404
$func24 @ 00284a2a:0x5327
$func457 @ 00284a2a:0x609f5
$func562 @ 00284a2a:0x6ac4e
$func83 @ 00284a2a:0x16013
$func24 @ 00284a2a:0x5271
$func24 @ 00284a2a:0x51b1
$func24 @ 00284a2a:0x51b1
$func556 @ 00284a2a:0x6a4c2
$func562 @ 00284a2a:0x6ac14
$func24 @ 00284a2a:0x3404
$func24 @ 00284a2a:0x5327
$func457 @ 00284a2a:0x609f5
$func562 @ 00284a2a:0x6ac4e
$func83 @ 00284a2a:0x16013
$func24 @ 00284a2a:0x5271
$func24 @ 00284a2a:0x51b1
$func24 @ 00284a2a:0x51b1
$func556 @ 00284a2a:0x6a4c2
$func562 @ 00284a2a:0x6ac14
$func24 @ 00284a2a:0x3404
$func24 @ 00284a2a:0x5327
$func457 @ 00284a2a:0x609f5
$func562 @ 00284a2a:0x6ac4e
$func83 @ 00284a2a:0x16013
$func24 @ 00284a2a:0x5271
$func24 @ 00284a2a:0x51b1
$func24 @ 00284a2a:0x51b1
$func556 @ 00284a2a:0x6a4c2
$func562 @ 00284a2a:0x6ac14
$func24 @ 00284a2a:0x3404
$func24 @ 00284a2a:0x5327
$func457 @ 00284a2a:0x609f5
$func562 @ 00284a2a:0x6ac4e
$func83 @ 00284a2a:0x16013
$func24 @ 00284a2a:0x5271
$func24 @ 00284a2a:0x51b1
$func24 @ 00284a2a:0x51b1
$func556 @ 00284a2a:0x6a4c2
$func562 @ 00284a2a:0x6ac14
$func24 @ 00284a2a:0x3404
$func24 @ 00284a2a:0x5327
$func712 @ 00284a2a:0x7c38d
$X @ 00284a2a:0x7def0
E._QTS_ExecutePendingJob @ vendors~mg-plugin.3cc39455.js:1
A.executePendingJobs @ vendors~mg-plugin.3cc39455.js:1
(anonymous) @ app.cbca4f39.js:1
Promise.then (async)
executePendingJobs @ app.cbca4f39.js:1
(anonymous) @ app.cbca4f39.js:1
Promise.finally (async)
(anonymous) @ app.cbca4f39.js:1
(anonymous) @ app.cbca4f39.js:14
(anonymous) @ vendors~mg-plugin.3cc39455.js:1
A.withScope @ vendors~mg-plugin.3cc39455.js:1
A.cToHostCallbackFunction @ vendors~mg-plugin.3cc39455.js:1
A.cToHostCallbackFunction @ vendors~mg-plugin.3cc39455.js:1
$func806 @ 00284a2a:0x856b8
$func573 @ 00284a2a:0x6b75e
$func24 @ 00284a2a:0x3404
$func24 @ 00284a2a:0x5327
$func556 @ 00284a2a:0x6a4c2
$func562 @ 00284a2a:0x6ac14
$func24 @ 00284a2a:0x3404
$func24 @ 00284a2a:0x5327
$func457 @ 00284a2a:0x609f5
$func562 @ 00284a2a:0x6ac4e
$func83 @ 00284a2a:0x16013
$func24 @ 00284a2a:0x5271
$func24 @ 00284a2a:0x51b1
$func24 @ 00284a2a:0x51b1
$func556 @ 00284a2a:0x6a4c2
$func562 @ 00284a2a:0x6ac14
$func24 @ 00284a2a:0x3404
$func24 @ 00284a2a:0x5327
$func457 @ 00284a2a:0x609f5
$func562 @ 00284a2a:0x6ac4e
$func83 @ 00284a2a:0x16013
$func24 @ 00284a2a:0x5271
$func24 @ 00284a2a:0x51b1
$func24 @ 00284a2a:0x51b1
$func556 @ 00284a2a:0x6a4c2
$func562 @ 00284a2a:0x6ac14
$func24 @ 00284a2a:0x3404
$func24 @ 00284a2a:0x5327
$func457 @ 00284a2a:0x609f5
$func562 @ 00284a2a:0x6ac4e
$func83 @ 00284a2a:0x16013
$func24 @ 00284a2a:0x5271
$func24 @ 00284a2a:0x51b1
$func24 @ 00284a2a:0x51b1
$func556 @ 00284a2a:0x6a4c2
$func562 @ 00284a2a:0x6ac14
$func24 @ 00284a2a:0x3404
$func24 @ 00284a2a:0x5327
$func457 @ 00284a2a:0x609f5
$func562 @ 00284a2a:0x6ac4e
$func83 @ 00284a2a:0x16013
$func24 @ 00284a2a:0x5271
$func24 @ 00284a2a:0x51b1
$func24 @ 00284a2a:0x51b1
$func556 @ 00284a2a:0x6a4c2
$func562 @ 00284a2a:0x6ac14
$func24 @ 00284a2a:0x3404
$func24 @ 00284a2a:0x5327
$func712 @ 00284a2a:0x7c38d
$X @ 00284a2a:0x7def0
E._QTS_ExecutePendingJob @ vendors~mg-plugin.3cc39455.js:1
A.executePendingJobs @ vendors~mg-plugin.3cc39455.js:1
(anonymous) @ app.cbca4f39.js:1
Promise.then (async)
executePendingJobs @ app.cbca4f39.js:1
i @ app.cbca4f39.js:1
c @ app.cbca4f39.js:1
Ns.handlePluginMessage @ app.cbca4f39.js:1
i @ chunk-libs.ca58d924.js:5
postMessage (async)
(anonymous) @ plugin-sandbox.html:26
postMessage (async)
send @ VM293:31
acknowledgeLocalRelayFile @ VM293:536
await in acknowledgeLocalRelayFile (async)
window.onmessage @ VM293:891
postMessage (async)
postMessage @ app.cbca4f39.js:1
(anonymous) @ app.cbca4f39.js:1
(anonymous) @ app.cbca4f39.js:14
(anonymous) @ vendors~mg-plugin.3cc39455.js:1
A.withScope @ vendors~mg-plugin.3cc39455.js:1
A.cToHostCallbackFunction @ vendors~mg-plugin.3cc39455.js:1
A.cToHostCallbackFunction @ vendors~mg-plugin.3cc39455.js:1
$func806 @ 00284a2a:0x856b8
$func573 @ 00284a2a:0x6b75e
$func24 @ 00284a2a:0x3404
$func24 @ 00284a2a:0x5327
$func24 @ 00284a2a:0x51b1
$func556 @ 00284a2a:0x6a4c2
$func562 @ 00284a2a:0x6ac14
$func24 @ 00284a2a:0x3404
$func24 @ 00284a2a:0x5327
$func712 @ 00284a2a:0x7c38d
$X @ 00284a2a:0x7def0
E._QTS_ExecutePendingJob @ vendors~mg-plugin.3cc39455.js:1
A.executePendingJobs @ vendors~mg-plugin.3cc39455.js:1
(anonymous) @ app.cbca4f39.js:1
Promise.then (async)
executePendingJobs @ app.cbca4f39.js:1
(anonymous) @ app.cbca4f39.js:1
i @ chunk-libs.ca58d924.js:5
setTimeout (async)
(anonymous) @ chunk-libs.ca58d924.js:5
(anonymous) @ app.cbca4f39.js:1
(anonymous) @ vendors~mg-plugin.3cc39455.js:1
A.withScope @ vendors~mg-plugin.3cc39455.js:1
A.cToHostCallbackFunction @ vendors~mg-plugin.3cc39455.js:1
A.cToHostCallbackFunction @ vendors~mg-plugin.3cc39455.js:1
$func806 @ 00284a2a:0x856b8
$func573 @ 00284a2a:0x6b75e
$func24 @ 00284a2a:0x3404
$func24 @ 00284a2a:0x51b1
$func457 @ 00284a2a:0x609f5
$func562 @ 00284a2a:0x6ac4e
$func83 @ 00284a2a:0x16013
$func24 @ 00284a2a:0x5271
$func24 @ 00284a2a:0x51b1
$func556 @ 00284a2a:0x6a4c2
$func562 @ 00284a2a:0x6ac14
$func24 @ 00284a2a:0x3404
$func24 @ 00284a2a:0x5327
$func457 @ 00284a2a:0x609f5
$func562 @ 00284a2a:0x6ac4e
$func83 @ 00284a2a:0x16013
$func24 @ 00284a2a:0x5271
$func24 @ 00284a2a:0x51b1
$func24 @ 00284a2a:0x51b1
$func556 @ 00284a2a:0x6a4c2
$func562 @ 00284a2a:0x6ac14
$func24 @ 00284a2a:0x3404
$func24 @ 00284a2a:0x5327
$func712 @ 00284a2a:0x7c38d
$X @ 00284a2a:0x7def0
E._QTS_ExecutePendingJob @ vendors~mg-plugin.3cc39455.js:1
A.executePendingJobs @ vendors~mg-plugin.3cc39455.js:1
(anonymous) @ app.cbca4f39.js:1
Promise.then (async)
executePendingJobs @ app.cbca4f39.js:1
(anonymous) @ app.cbca4f39.js:1
Promise.finally (async)
(anonymous) @ app.cbca4f39.js:1
(anonymous) @ app.cbca4f39.js:14
(anonymous) @ vendors~mg-plugin.3cc39455.js:1
A.withScope @ vendors~mg-plugin.3cc39455.js:1
A.cToHostCallbackFunction @ vendors~mg-plugin.3cc39455.js:1
A.cToHostCallbackFunction @ vendors~mg-plugin.3cc39455.js:1
$func806 @ 00284a2a:0x856b8
$func573 @ 00284a2a:0x6b75e
$func24 @ 00284a2a:0x3404
$func24 @ 00284a2a:0x5327
$func556 @ 00284a2a:0x6a4c2
$func562 @ 00284a2a:0x6ac14
$func24 @ 00284a2a:0x3404
$func24 @ 00284a2a:0x5327
$func457 @ 00284a2a:0x609f5
$func562 @ 00284a2a:0x6ac4e
$func83 @ 00284a2a:0x16013
$func24 @ 00284a2a:0x5271
$func24 @ 00284a2a:0x51b1
$func24 @ 00284a2a:0x51b1
$func556 @ 00284a2a:0x6a4c2
$func562 @ 00284a2a:0x6ac14
$func24 @ 00284a2a:0x3404
$func24 @ 00284a2a:0x5327
$func457 @ 00284a2a:0x609f5
$func562 @ 00284a2a:0x6ac4e
$func83 @ 00284a2a:0x16013
$func24 @ 00284a2a:0x5271
$func24 @ 00284a2a:0x51b1
$func24 @ 00284a2a:0x51b1
$func556 @ 00284a2a:0x6a4c2
$func562 @ 00284a2a:0x6ac14
$func24 @ 00284a2a:0x3404
$func24 @ 00284a2a:0x5327
$func457 @ 00284a2a:0x609f5
$func562 @ 00284a2a:0x6ac4e
$func83 @ 00284a2a:0x16013
$func24 @ 00284a2a:0x5271
$func24 @ 00284a2a:0x51b1
$func24 @ 00284a2a:0x51b1
$func556 @ 00284a2a:0x6a4c2
$func562 @ 00284a2a:0x6ac14
$func24 @ 00284a2a:0x3404
$func24 @ 00284a2a:0x5327
$func457 @ 00284a2a:0x609f5
$func562 @ 00284a2a:0x6ac4e
$func83 @ 00284a2a:0x16013
$func24 @ 00284a2a:0x5271
$func24 @ 00284a2a:0x51b1
$func24 @ 00284a2a:0x51b1
$func556 @ 00284a2a:0x6a4c2
$func562 @ 00284a2a:0x6ac14
$func24 @ 00284a2a:0x3404
$func24 @ 00284a2a:0x5327
$func712 @ 00284a2a:0x7c38d
$X @ 00284a2a:0x7def0
E._QTS_ExecutePendingJob @ vendors~mg-plugin.3cc39455.js:1
A.executePendingJobs @ vendors~mg-plugin.3cc39455.js:1
(anonymous) @ app.cbca4f39.js:1
Promise.then (async)
executePendingJobs @ app.cbca4f39.js:1
(anonymous) @ app.cbca4f39.js:1
Promise.finally (async)
(anonymous) @ app.cbca4f39.js:1
(anonymous) @ app.cbca4f39.js:14
(anonymous) @ vendors~mg-plugin.3cc39455.js:1
A.withScope @ vendors~mg-plugin.3cc39455.js:1
A.cToHostCallbackFunction @ vendors~mg-plugin.3cc39455.js:1
A.cToHostCallbackFunction @ vendors~mg-plugin.3cc39455.js:1
$func806 @ 00284a2a:0x856b8
$func573 @ 00284a2a:0x6b75e
$func24 @ 00284a2a:0x3404
$func24 @ 00284a2a:0x5327
$func556 @ 00284a2a:0x6a4c2
$func562 @ 00284a2a:0x6ac14
$func24 @ 00284a2a:0x3404
$func24 @ 00284a2a:0x5327
$func457 @ 00284a2a:0x609f5
$func562 @ 00284a2a:0x6ac4e
$func83 @ 00284a2a:0x16013
$func24 @ 00284a2a:0x5271
$func24 @ 00284a2a:0x51b1
$func24 @ 00284a2a:0x51b1
$func556 @ 00284a2a:0x6a4c2
$func562 @ 00284a2a:0x6ac14
$func24 @ 00284a2a:0x3404
$func24 @ 00284a2a:0x5327
$func457 @ 00284a2a:0x609f5
$func562 @ 00284a2a:0x6ac4e
$func83 @ 00284a2a:0x16013
$func24 @ 00284a2a:0x5271
$func24 @ 00284a2a:0x51b1
$func24 @ 00284a2a:0x51b1
$func556 @ 00284a2a:0x6a4c2
$func562 @ 00284a2a:0x6ac14
$func24 @ 00284a2a:0x3404
$func24 @ 00284a2a:0x5327
$func457 @ 00284a2a:0x609f5
$func562 @ 00284a2a:0x6ac4e
$func83 @ 00284a2a:0x16013
$func24 @ 00284a2a:0x5271
$func24 @ 00284a2a:0x51b1
$func24 @ 00284a2a:0x51b1
$func556 @ 00284a2a:0x6a4c2
$func562 @ 00284a2a:0x6ac14
$func24 @ 00284a2a:0x3404
$func24 @ 00284a2a:0x5327
$func457 @ 00284a2a:0x609f5
$func562 @ 00284a2a:0x6ac4e
$func83 @ 00284a2a:0x16013
$func24 @ 00284a2a:0x5271
$func24 @ 00284a2a:0x51b1
$func24 @ 00284a2a:0x51b1
$func556 @ 00284a2a:0x6a4c2
$func562 @ 00284a2a:0x6ac14
$func24 @ 00284a2a:0x3404
$func24 @ 00284a2a:0x5327
$func712 @ 00284a2a:0x7c38d
$X @ 00284a2a:0x7def0
E._QTS_ExecutePendingJob @ vendors~mg-plugin.3cc39455.js:1
A.executePendingJobs @ vendors~mg-plugin.3cc39455.js:1
(anonymous) @ app.cbca4f39.js:1
Promise.then (async)
executePendingJobs @ app.cbca4f39.js:1
(anonymous) @ app.cbca4f39.js:1
Promise.finally (async)
(anonymous) @ app.cbca4f39.js:1
(anonymous) @ app.cbca4f39.js:14
(anonymous) @ vendors~mg-plugin.3cc39455.js:1
A.withScope @ vendors~mg-plugin.3cc39455.js:1
A.cToHostCallbackFunction @ vendors~mg-plugin.3cc39455.js:1
A.cToHostCallbackFunction @ vendors~mg-plugin.3cc39455.js:1
$func806 @ 00284a2a:0x856b8
$func573 @ 00284a2a:0x6b75e
$func24 @ 00284a2a:0x3404
$func24 @ 00284a2a:0x5327
$func556 @ 00284a2a:0x6a4c2
$func562 @ 00284a2a:0x6ac14
$func24 @ 00284a2a:0x3404
$func24 @ 00284a2a:0x5327
$func457 @ 00284a2a:0x609f5
$func562 @ 00284a2a:0x6ac4e
$func83 @ 00284a2a:0x16013
$func24 @ 00284a2a:0x5271
$func24 @ 00284a2a:0x51b1
$func24 @ 00284a2a:0x51b1
$func556 @ 00284a2a:0x6a4c2
$func562 @ 00284a2a:0x6ac14
$func24 @ 00284a2a:0x3404
$func24 @ 00284a2a:0x5327
$func457 @ 00284a2a:0x609f5
$func562 @ 00284a2a:0x6ac4e
$func83 @ 00284a2a:0x16013
$func24 @ 00284a2a:0x5271
$func24 @ 00284a2a:0x51b1
$func24 @ 00284a2a:0x51b1
$func556 @ 00284a2a:0x6a4c2
$func562 @ 00284a2a:0x6ac14
$func24 @ 00284a2a:0x3404
$func24 @ 00284a2a:0x5327
$func457 @ 00284a2a:0x609f5
$func562 @ 00284a2a:0x6ac4e
$func83 @ 00284a2a:0x16013
$func24 @ 00284a2a:0x5271
$func24 @ 00284a2a:0x51b1
$func24 @ 00284a2a:0x51b1
$func556 @ 00284a2a:0x6a4c2
$func562 @ 00284a2a:0x6ac14
$func24 @ 00284a2a:0x3404
$func24 @ 00284a2a:0x5327
$func457 @ 00284a2a:0x609f5
$func562 @ 00284a2a:0x6ac4e
$func83 @ 00284a2a:0x16013
$func24 @ 00284a2a:0x5271
$func24 @ 00284a2a:0x51b1
$func24 @ 00284a2a:0x51b1
$func556 @ 00284a2a:0x6a4c2
$func562 @ 00284a2a:0x6ac14
$func24 @ 00284a2a:0x3404
$func24 @ 00284a2a:0x5327
$func712 @ 00284a2a:0x7c38d
$X @ 00284a2a:0x7def0
E._QTS_ExecutePendingJob @ vendors~mg-plugin.3cc39455.js:1
A.executePendingJobs @ vendors~mg-plugin.3cc39455.js:1
(anonymous) @ app.cbca4f39.js:1
Promise.then (async)
executePendingJobs @ app.cbca4f39.js:1
(anonymous) @ app.cbca4f39.js:1
Promise.finally (async)
(anonymous) @ app.cbca4f39.js:1
(anonymous) @ app.cbca4f39.js:14
(anonymous) @ vendors~mg-plugin.3cc39455.js:1
A.withScope @ vendors~mg-plugin.3cc39455.js:1
A.cToHostCallbackFunction @ vendors~mg-plugin.3cc39455.js:1
A.cToHostCallbackFunction @ vendors~mg-plugin.3cc39455.js:1
$func806 @ 00284a2a:0x856b8
$func573 @ 00284a2a:0x6b75e
$func24 @ 00284a2a:0x3404
$func24 @ 00284a2a:0x5327
$func556 @ 00284a2a:0x6a4c2
$func562 @ 00284a2a:0x6ac14
$func24 @ 00284a2a:0x3404
$func24 @ 00284a2a:0x5327
$func457 @ 00284a2a:0x609f5
$func562 @ 00284a2a:0x6ac4e
$func83 @ 00284a2a:0x16013
$func24 @ 00284a2a:0x5271
$func24 @ 00284a2a:0x51b1
$func24 @ 00284a2a:0x51b1
$func556 @ 00284a2a:0x6a4c2
$func562 @ 00284a2a:0x6ac14
$func24 @ 00284a2a:0x3404
$func24 @ 00284a2a:0x5327
$func457 @ 00284a2a:0x609f5
$func562 @ 00284a2a:0x6ac4e
$func83 @ 00284a2a:0x16013
$func24 @ 00284a2a:0x5271
$func24 @ 00284a2a:0x51b1
$func24 @ 00284a2a:0x51b1
$func556 @ 00284a2a:0x6a4c2
$func562 @ 00284a2a:0x6ac14
$func24 @ 00284a2a:0x3404
$func24 @ 00284a2a:0x5327
$func457 @ 00284a2a:0x609f5
$func562 @ 00284a2a:0x6ac4e
$func83 @ 00284a2a:0x16013
$func24 @ 00284a2a:0x5271
$func24 @ 00284a2a:0x51b1
$func24 @ 00284a2a:0x51b1
$func556 @ 00284a2a:0x6a4c2
$func562 @ 00284a2a:0x6ac14
$func24 @ 00284a2a:0x3404
$func24 @ 00284a2a:0x5327
$func457 @ 00284a2a:0x609f5
$func562 @ 00284a2a:0x6ac4e
$func83 @ 00284a2a:0x16013
$func24 @ 00284a2a:0x5271
$func24 @ 00284a2a:0x51b1
$func24 @ 00284a2a:0x51b1
$func556 @ 00284a2a:0x6a4c2
$func562 @ 00284a2a:0x6ac14
$func24 @ 00284a2a:0x3404
$func24 @ 00284a2a:0x5327
$func712 @ 00284a2a:0x7c38d
$X @ 00284a2a:0x7def0
E._QTS_ExecutePendingJob @ vendors~mg-plugin.3cc39455.js:1
A.executePendingJobs @ vendors~mg-plugin.3cc39455.js:1
(anonymous) @ app.cbca4f39.js:1
Promise.then (async)
executePendingJobs @ app.cbca4f39.js:1
(anonymous) @ app.cbca4f39.js:1
Promise.finally (async)
(anonymous) @ app.cbca4f39.js:1
(anonymous) @ app.cbca4f39.js:14
(anonymous) @ vendors~mg-plugin.3cc39455.js:1
A.withScope @ vendors~mg-plugin.3cc39455.js:1
A.cToHostCallbackFunction @ vendors~mg-plugin.3cc39455.js:1
A.cToHostCallbackFunction @ vendors~mg-plugin.3cc39455.js:1
$func806 @ 00284a2a:0x856b8
$func573 @ 00284a2a:0x6b75e
$func24 @ 00284a2a:0x3404
$func24 @ 00284a2a:0x5327
$func556 @ 00284a2a:0x6a4c2
$func562 @ 00284a2a:0x6ac14
$func24 @ 00284a2a:0x3404
$func24 @ 00284a2a:0x5327
$func457 @ 00284a2a:0x609f5
$func562 @ 00284a2a:0x6ac4e
$func83 @ 00284a2a:0x16013
$func24 @ 00284a2a:0x5271
$func24 @ 00284a2a:0x51b1
$func24 @ 00284a2a:0x51b1
$func556 @ 00284a2a:0x6a4c2
$func562 @ 00284a2a:0x6ac14
$func24 @ 00284a2a:0x3404
$func24 @ 00284a2a:0x5327
$func457 @ 00284a2a:0x609f5
$func562 @ 00284a2a:0x6ac4e
$func83 @ 00284a2a:0x16013
$func24 @ 00284a2a:0x5271
$func24 @ 00284a2a:0x51b1
$func24 @ 00284a2a:0x51b1
$func556 @ 00284a2a:0x6a4c2
$func562 @ 00284a2a:0x6ac14
$func24 @ 00284a2a:0x3404
$func24 @ 00284a2a:0x5327
$func457 @ 00284a2a:0x609f5
$func562 @ 00284a2a:0x6ac4e
$func83 @ 00284a2a:0x16013
$func24 @ 00284a2a:0x5271
$func24 @ 00284a2a:0x51b1
$func24 @ 00284a2a:0x51b1
$func556 @ 00284a2a:0x6a4c2
$func562 @ 00284a2a:0x6ac14
$func24 @ 00284a2a:0x3404
$func24 @ 00284a2a:0x5327
$func457 @ 00284a2a:0x609f5
$func562 @ 00284a2a:0x6ac4e
$func83 @ 00284a2a:0x16013
$func24 @ 00284a2a:0x5271
$func24 @ 00284a2a:0x51b1
$func24 @ 00284a2a:0x51b1
$func556 @ 00284a2a:0x6a4c2
$func562 @ 00284a2a:0x6ac14
$func24 @ 00284a2a:0x3404
$func24 @ 00284a2a:0x5327
$func712 @ 00284a2a:0x7c38d
$X @ 00284a2a:0x7def0
E._QTS_ExecutePendingJob @ vendors~mg-plugin.3cc39455.js:1
A.executePendingJobs @ vendors~mg-plugin.3cc39455.js:1
(anonymous) @ app.cbca4f39.js:1
chunk-libs.ca58d924.js:127 [MasterGo2Figma] Layer chunk flush {"page":"agent 1","path":"pages/page-001-agent/layers/layers-240.json","chunkIndex":240,"records":3,"bytes":53686,"processedNodes":5288,"transfer":{"transferId":"export-1779262727345-7949022959725411","filename":"mastergo2figma-partial-pages-part-001-of-001-segment-001-agent-2026-05-20T07-38-47-345Z.zip","fileIndex":239,"postedChunks":4635,"streamedBytes":7991605}}
chunk-libs.ca58d924.js:127 [MasterGo2Figma] Layer chunk flush {"page":"agent 1","path":"pages/page-001-agent/layers/layers-250.json","chunkIndex":250,"records":16,"bytes":38610,"processedNodes":5453,"transfer":{"transferId":"export-1779262727345-7949022959725411","filename":"mastergo2figma-partial-pages-part-001-of-001-segment-001-agent-2026-05-20T07-38-47-345Z.zip","fileIndex":249,"postedChunks":4837,"streamedBytes":8375334}}
chunk-libs.ca58d924.js:127 [MasterGo2Figma] Large layer record {"page":"agent","node":"路径 (PEN, 1:22178)","recordBytes":50116,"chunkBytes":6852,"chunkRecords":5,"complexity":{"name":"路径","message":"","stack":"[Stack Hidden]"},"transfer":{"transferId":"export-1779262727345-7949022959725411","filename":"mastergo2figma-partial-pages-part-001-of-001-segment-001-agent-2026-05-20T07-38-47-345Z.zip","fileIndex":282,"postedChunks":5472,"streamedBytes":9417474}}
(anonymous) @ chunk-libs.ca58d924.js:127
(anonymous) @ app.cbca4f39.js:1
(anonymous) @ vendors~mg-plugin.3cc39455.js:1
A.withScope @ vendors~mg-plugin.3cc39455.js:1
A.cToHostCallbackFunction @ vendors~mg-plugin.3cc39455.js:1
A.cToHostCallbackFunction @ vendors~mg-plugin.3cc39455.js:1
$func806 @ 00284a2a:0x856b8
$func573 @ 00284a2a:0x6b75e
$func24 @ 00284a2a:0x3404
$func24 @ 00284a2a:0x5327
$func24 @ 00284a2a:0x51b1
$func556 @ 00284a2a:0x6a4c2
$func562 @ 00284a2a:0x6ac14
$func24 @ 00284a2a:0x3404
$func24 @ 00284a2a:0x5327
$func712 @ 00284a2a:0x7c38d
$X @ 00284a2a:0x7def0
E._QTS_ExecutePendingJob @ vendors~mg-plugin.3cc39455.js:1
A.executePendingJobs @ vendors~mg-plugin.3cc39455.js:1
(anonymous) @ app.cbca4f39.js:1
Promise.then (async)
executePendingJobs @ app.cbca4f39.js:1
i @ app.cbca4f39.js:1
c @ app.cbca4f39.js:1
Ns.handlePluginMessage @ app.cbca4f39.js:1
i @ chunk-libs.ca58d924.js:5
postMessage (async)
(anonymous) @ plugin-sandbox.html:26
postMessage (async)
send @ VM293:31
acknowledgeLocalRelayFile @ VM293:536
await in acknowledgeLocalRelayFile (async)
window.onmessage @ VM293:891
postMessage (async)
postMessage @ app.cbca4f39.js:1
(anonymous) @ app.cbca4f39.js:1
(anonymous) @ app.cbca4f39.js:14
(anonymous) @ vendors~mg-plugin.3cc39455.js:1
A.withScope @ vendors~mg-plugin.3cc39455.js:1
A.cToHostCallbackFunction @ vendors~mg-plugin.3cc39455.js:1
A.cToHostCallbackFunction @ vendors~mg-plugin.3cc39455.js:1
$func806 @ 00284a2a:0x856b8
$func573 @ 00284a2a:0x6b75e
$func24 @ 00284a2a:0x3404
$func24 @ 00284a2a:0x5327
$func24 @ 00284a2a:0x51b1
$func556 @ 00284a2a:0x6a4c2
$func562 @ 00284a2a:0x6ac14
$func24 @ 00284a2a:0x3404
$func24 @ 00284a2a:0x5327
$func712 @ 00284a2a:0x7c38d
$X @ 00284a2a:0x7def0
E._QTS_ExecutePendingJob @ vendors~mg-plugin.3cc39455.js:1
A.executePendingJobs @ vendors~mg-plugin.3cc39455.js:1
(anonymous) @ app.cbca4f39.js:1
Promise.then (async)
executePendingJobs @ app.cbca4f39.js:1
(anonymous) @ app.cbca4f39.js:1
i @ chunk-libs.ca58d924.js:5
setTimeout (async)
(anonymous) @ chunk-libs.ca58d924.js:5
(anonymous) @ app.cbca4f39.js:1
(anonymous) @ vendors~mg-plugin.3cc39455.js:1
A.withScope @ vendors~mg-plugin.3cc39455.js:1
A.cToHostCallbackFunction @ vendors~mg-plugin.3cc39455.js:1
A.cToHostCallbackFunction @ vendors~mg-plugin.3cc39455.js:1
$func806 @ 00284a2a:0x856b8
$func573 @ 00284a2a:0x6b75e
$func24 @ 00284a2a:0x3404
$func24 @ 00284a2a:0x51b1
$func457 @ 00284a2a:0x609f5
$func562 @ 00284a2a:0x6ac4e
$func83 @ 00284a2a:0x16013
$func24 @ 00284a2a:0x5271
$func24 @ 00284a2a:0x51b1
$func556 @ 00284a2a:0x6a4c2
$func562 @ 00284a2a:0x6ac14
$func24 @ 00284a2a:0x3404
$func24 @ 00284a2a:0x5327
$func457 @ 00284a2a:0x609f5
$func562 @ 00284a2a:0x6ac4e
$func83 @ 00284a2a:0x16013
$func24 @ 00284a2a:0x5271
$func24 @ 00284a2a:0x51b1
$func24 @ 00284a2a:0x51b1
$func556 @ 00284a2a:0x6a4c2
$func562 @ 00284a2a:0x6ac14
$func24 @ 00284a2a:0x3404
$func24 @ 00284a2a:0x5327
$func712 @ 00284a2a:0x7c38d
$X @ 00284a2a:0x7def0
E._QTS_ExecutePendingJob @ vendors~mg-plugin.3cc39455.js:1
A.executePendingJobs @ vendors~mg-plugin.3cc39455.js:1
(anonymous) @ app.cbca4f39.js:1
Promise.then (async)
executePendingJobs @ app.cbca4f39.js:1
i @ app.cbca4f39.js:1
c @ app.cbca4f39.js:1
Ns.handlePluginMessage @ app.cbca4f39.js:1
i @ chunk-libs.ca58d924.js:5
postMessage (async)
(anonymous) @ plugin-sandbox.html:26
postMessage (async)
send @ VM293:31
acknowledgeLocalRelayFile @ VM293:536
await in acknowledgeLocalRelayFile (async)
window.onmessage @ VM293:891
postMessage (async)
postMessage @ app.cbca4f39.js:1
(anonymous) @ app.cbca4f39.js:1
(anonymous) @ app.cbca4f39.js:14
(anonymous) @ vendors~mg-plugin.3cc39455.js:1
A.withScope @ vendors~mg-plugin.3cc39455.js:1
A.cToHostCallbackFunction @ vendors~mg-plugin.3cc39455.js:1
A.cToHostCallbackFunction @ vendors~mg-plugin.3cc39455.js:1
$func806 @ 00284a2a:0x856b8
$func573 @ 00284a2a:0x6b75e
$func24 @ 00284a2a:0x3404
$func24 @ 00284a2a:0x5327
$func24 @ 00284a2a:0x51b1
$func556 @ 00284a2a:0x6a4c2
$func562 @ 00284a2a:0x6ac14
$func24 @ 00284a2a:0x3404
$func24 @ 00284a2a:0x5327
$func712 @ 00284a2a:0x7c38d
$X @ 00284a2a:0x7def0
E._QTS_ExecutePendingJob @ vendors~mg-plugin.3cc39455.js:1
A.executePendingJobs @ vendors~mg-plugin.3cc39455.js:1
(anonymous) @ app.cbca4f39.js:1
Promise.then (async)
executePendingJobs @ app.cbca4f39.js:1
(anonymous) @ app.cbca4f39.js:1
i @ chunk-libs.ca58d924.js:5
setTimeout (async)
(anonymous) @ chunk-libs.ca58d924.js:5
(anonymous) @ app.cbca4f39.js:1
(anonymous) @ vendors~mg-plugin.3cc39455.js:1
A.withScope @ vendors~mg-plugin.3cc39455.js:1
A.cToHostCallbackFunction @ vendors~mg-plugin.3cc39455.js:1
A.cToHostCallbackFunction @ vendors~mg-plugin.3cc39455.js:1
$func806 @ 00284a2a:0x856b8
$func573 @ 00284a2a:0x6b75e
$func24 @ 00284a2a:0x3404
$func24 @ 00284a2a:0x51b1
$func457 @ 00284a2a:0x609f5
$func562 @ 00284a2a:0x6ac4e
$func83 @ 00284a2a:0x16013
$func24 @ 00284a2a:0x5271
$func24 @ 00284a2a:0x51b1
$func556 @ 00284a2a:0x6a4c2
$func562 @ 00284a2a:0x6ac14
$func24 @ 00284a2a:0x3404
$func24 @ 00284a2a:0x5327
$func457 @ 00284a2a:0x609f5
$func562 @ 00284a2a:0x6ac4e
$func83 @ 00284a2a:0x16013
$func24 @ 00284a2a:0x5271
$func24 @ 00284a2a:0x51b1
$func24 @ 00284a2a:0x51b1
$func556 @ 00284a2a:0x6a4c2
$func562 @ 00284a2a:0x6ac14
$func24 @ 00284a2a:0x3404
$func24 @ 00284a2a:0x5327
$func712 @ 00284a2a:0x7c38d
$X @ 00284a2a:0x7def0
E._QTS_ExecutePendingJob @ vendors~mg-plugin.3cc39455.js:1
A.executePendingJobs @ vendors~mg-plugin.3cc39455.js:1
(anonymous) @ app.cbca4f39.js:1
Promise.then (async)
executePendingJobs @ app.cbca4f39.js:1
(anonymous) @ app.cbca4f39.js:1
i @ chunk-libs.ca58d924.js:5
setTimeout (async)
(anonymous) @ chunk-libs.ca58d924.js:5
(anonymous) @ app.cbca4f39.js:1
(anonymous) @ vendors~mg-plugin.3cc39455.js:1
A.withScope @ vendors~mg-plugin.3cc39455.js:1
A.cToHostCallbackFunction @ vendors~mg-plugin.3cc39455.js:1
A.cToHostCallbackFunction @ vendors~mg-plugin.3cc39455.js:1
$func806 @ 00284a2a:0x856b8
$func573 @ 00284a2a:0x6b75e
$func24 @ 00284a2a:0x3404
$func24 @ 00284a2a:0x51b1
$func457 @ 00284a2a:0x609f5
$func562 @ 00284a2a:0x6ac4e
$func83 @ 00284a2a:0x16013
$func24 @ 00284a2a:0x5271
$func24 @ 00284a2a:0x51b1
$func556 @ 00284a2a:0x6a4c2
$func562 @ 00284a2a:0x6ac14
$func24 @ 00284a2a:0x3404
$func24 @ 00284a2a:0x5327
$func457 @ 00284a2a:0x609f5
$func562 @ 00284a2a:0x6ac4e
$func83 @ 00284a2a:0x16013
$func24 @ 00284a2a:0x5271
$func24 @ 00284a2a:0x51b1
$func24 @ 00284a2a:0x51b1
$func556 @ 00284a2a:0x6a4c2
$func562 @ 00284a2a:0x6ac14
$func24 @ 00284a2a:0x3404
$func24 @ 00284a2a:0x5327
$func712 @ 00284a2a:0x7c38d
$X @ 00284a2a:0x7def0
E._QTS_ExecutePendingJob @ vendors~mg-plugin.3cc39455.js:1
A.executePendingJobs @ vendors~mg-plugin.3cc39455.js:1
(anonymous) @ app.cbca4f39.js:1
Promise.then (async)
executePendingJobs @ app.cbca4f39.js:1
i @ app.cbca4f39.js:1
c @ app.cbca4f39.js:1
Ns.handlePluginMessage @ app.cbca4f39.js:1
i @ chunk-libs.ca58d924.js:5
postMessage (async)
(anonymous) @ plugin-sandbox.html:26
postMessage (async)
send @ VM293:31
acknowledgeLocalRelayFile @ VM293:536
await in acknowledgeLocalRelayFile (async)
window.onmessage @ VM293:891
postMessage (async)
postMessage @ app.cbca4f39.js:1
(anonymous) @ app.cbca4f39.js:1
(anonymous) @ app.cbca4f39.js:14
(anonymous) @ vendors~mg-plugin.3cc39455.js:1
A.withScope @ vendors~mg-plugin.3cc39455.js:1
A.cToHostCallbackFunction @ vendors~mg-plugin.3cc39455.js:1
A.cToHostCallbackFunction @ vendors~mg-plugin.3cc39455.js:1
$func806 @ 00284a2a:0x856b8
$func573 @ 00284a2a:0x6b75e
$func24 @ 00284a2a:0x3404
$func24 @ 00284a2a:0x5327
$func24 @ 00284a2a:0x51b1
$func556 @ 00284a2a:0x6a4c2
$func562 @ 00284a2a:0x6ac14
$func24 @ 00284a2a:0x3404
$func24 @ 00284a2a:0x5327
$func712 @ 00284a2a:0x7c38d
$X @ 00284a2a:0x7def0
E._QTS_ExecutePendingJob @ vendors~mg-plugin.3cc39455.js:1
A.executePendingJobs @ vendors~mg-plugin.3cc39455.js:1
(anonymous) @ app.cbca4f39.js:1
Promise.then (async)
executePendingJobs @ app.cbca4f39.js:1
i @ app.cbca4f39.js:1
c @ app.cbca4f39.js:1
Ns.handlePluginMessage @ app.cbca4f39.js:1
i @ chunk-libs.ca58d924.js:5
postMessage (async)
(anonymous) @ plugin-sandbox.html:26
postMessage (async)
send @ VM293:31
acknowledgeLocalRelayFile @ VM293:536
await in acknowledgeLocalRelayFile (async)
window.onmessage @ VM293:891
postMessage (async)
postMessage @ app.cbca4f39.js:1
(anonymous) @ app.cbca4f39.js:1
(anonymous) @ app.cbca4f39.js:14
(anonymous) @ vendors~mg-plugin.3cc39455.js:1
A.withScope @ vendors~mg-plugin.3cc39455.js:1
A.cToHostCallbackFunction @ vendors~mg-plugin.3cc39455.js:1
A.cToHostCallbackFunction @ vendors~mg-plugin.3cc39455.js:1
$func806 @ 00284a2a:0x856b8
$func573 @ 00284a2a:0x6b75e
$func24 @ 00284a2a:0x3404
$func24 @ 00284a2a:0x5327
$func24 @ 00284a2a:0x51b1
$func556 @ 00284a2a:0x6a4c2
$func562 @ 00284a2a:0x6ac14
$func24 @ 00284a2a:0x3404
$func24 @ 00284a2a:0x5327
$func712 @ 00284a2a:0x7c38d
$X @ 00284a2a:0x7def0
E._QTS_ExecutePendingJob @ vendors~mg-plugin.3cc39455.js:1
A.executePendingJobs @ vendors~mg-plugin.3cc39455.js:1
(anonymous) @ app.cbca4f39.js:1
Promise.then (async)
executePendingJobs @ app.cbca4f39.js:1
(anonymous) @ app.cbca4f39.js:1
i @ chunk-libs.ca58d924.js:5
setTimeout (async)
(anonymous) @ chunk-libs.ca58d924.js:5
(anonymous) @ app.cbca4f39.js:1
(anonymous) @ vendors~mg-plugin.3cc39455.js:1
A.withScope @ vendors~mg-plugin.3cc39455.js:1
A.cToHostCallbackFunction @ vendors~mg-plugin.3cc39455.js:1
A.cToHostCallbackFunction @ vendors~mg-plugin.3cc39455.js:1
$func806 @ 00284a2a:0x856b8
$func573 @ 00284a2a:0x6b75e
$func24 @ 00284a2a:0x3404
$func24 @ 00284a2a:0x51b1
$func457 @ 00284a2a:0x609f5
$func562 @ 00284a2a:0x6ac4e
$func83 @ 00284a2a:0x16013
$func24 @ 00284a2a:0x5271
$func24 @ 00284a2a:0x51b1
$func556 @ 00284a2a:0x6a4c2
$func562 @ 00284a2a:0x6ac14
$func24 @ 00284a2a:0x3404
$func24 @ 00284a2a:0x5327
$func457 @ 00284a2a:0x609f5
$func562 @ 00284a2a:0x6ac4e
$func83 @ 00284a2a:0x16013
$func24 @ 00284a2a:0x5271
$func24 @ 00284a2a:0x51b1
$func24 @ 00284a2a:0x51b1
$func556 @ 00284a2a:0x6a4c2
$func562 @ 00284a2a:0x6ac14
$func24 @ 00284a2a:0x3404
$func24 @ 00284a2a:0x5327
$func712 @ 00284a2a:0x7c38d
$X @ 00284a2a:0x7def0
E._QTS_ExecutePendingJob @ vendors~mg-plugin.3cc39455.js:1
A.executePendingJobs @ vendors~mg-plugin.3cc39455.js:1
(anonymous) @ app.cbca4f39.js:1
Promise.then (async)
executePendingJobs @ app.cbca4f39.js:1
i @ app.cbca4f39.js:1
c @ app.cbca4f39.js:1
Ns.handlePluginMessage @ app.cbca4f39.js:1
i @ chunk-libs.ca58d924.js:5
postMessage (async)
(anonymous) @ plugin-sandbox.html:26
postMessage (async)
send @ VM293:31
acknowledgeLocalRelayFile @ VM293:536
await in acknowledgeLocalRelayFile (async)
window.onmessage @ VM293:891
chunk-libs.ca58d924.js:127 [MasterGo2Figma] Layer chunk flush {"page":"agent 1","path":"pages/page-001-agent/layers/layers-283.json","chunkIndex":283,"records":8,"bytes":60539,"processedNodes":5980,"transfer":{"transferId":"export-1779262727345-7949022959725411","filename":"mastergo2figma-partial-pages-part-001-of-001-segment-001-agent-2026-05-20T07-38-47-345Z.zip","fileIndex":282,"postedChunks":5472,"streamedBytes":9417474}}
chunk-libs.ca58d924.js:127 [MasterGo2Figma] Layer chunk flush {"page":"agent 1","path":"pages/page-001-agent/layers/layers-300.json","chunkIndex":300,"records":16,"bytes":28209,"processedNodes":6262,"transfer":{"transferId":"export-1779262727345-7949022959725411","filename":"mastergo2figma-partial-pages-part-001-of-001-segment-001-agent-2026-05-20T07-38-47-345Z.zip","fileIndex":299,"postedChunks":5788,"streamedBytes":9897183}}
chunk-libs.ca58d924.js:127 [MasterGo2Figma] Layer chunk flush {"page":"agent 1","path":"pages/page-001-agent/layers/layers-339.json","chunkIndex":339,"records":16,"bytes":54692,"processedNodes":7433,"transfer":{"transferId":"export-1779262727345-7949022959725411","filename":"mastergo2figma-partial-pages-part-001-of-001-segment-001-agent-2026-05-20T07-38-47-345Z.zip","fileIndex":338,"postedChunks":6506,"streamedBytes":11031507}}
chunk-libs.ca58d924.js:127 [MasterGo2Figma] Layer chunk flush {"page":"agent 1","path":"pages/page-001-agent/layers/layers-343.json","chunkIndex":343,"records":16,"bytes":56699,"processedNodes":7607,"transfer":{"transferId":"export-1779262727345-7949022959725411","filename":"mastergo2figma-partial-pages-part-001-of-001-segment-001-agent-2026-05-20T07-38-47-345Z.zip","fileIndex":342,"postedChunks":6596,"streamedBytes":11227968}}
chunk-libs.ca58d924.js:127 [MasterGo2Figma] Layer chunk flush {"page":"agent 1","path":"pages/page-001-agent/layers/layers-350.json","chunkIndex":350,"records":16,"bytes":25294,"processedNodes":7854,"transfer":{"transferId":"export-1779262727345-7949022959725411","filename":"mastergo2figma-partial-pages-part-001-of-001-segment-001-agent-2026-05-20T07-38-47-345Z.zip","fileIndex":349,"postedChunks":6740,"streamedBytes":11505018}}
chunk-libs.ca58d924.js:127 [MasterGo2Figma] Layer chunk flush {"page":"agent 1","path":"pages/page-001-agent/layers/layers-374.json","chunkIndex":374,"records":16,"bytes":56725,"processedNodes":8505,"transfer":{"transferId":"export-1779262727345-7949022959725411","filename":"mastergo2figma-partial-pages-part-001-of-001-segment-001-agent-2026-05-20T07-38-47-345Z.zip","fileIndex":373,"postedChunks":7188,"streamedBytes":12252197}}
chunk-libs.ca58d924.js:127 [MasterGo2Figma] Layer chunk flush {"page":"agent 1","path":"pages/page-001-agent/layers/layers-377.json","chunkIndex":377,"records":16,"bytes":56703,"processedNodes":8636,"transfer":{"transferId":"export-1779262727345-7949022959725411","filename":"mastergo2figma-partial-pages-part-001-of-001-segment-001-agent-2026-05-20T07-38-47-345Z.zip","fileIndex":376,"postedChunks":7256,"streamedBytes":12403714}}
chunk-libs.ca58d924.js:127 [MasterGo2Figma] Layer chunk flush {"page":"agent 1","path":"pages/page-001-agent/layers/layers-398.json","chunkIndex":398,"records":16,"bytes":54794,"processedNodes":9401,"transfer":{"transferId":"export-1779262727345-7949022959725411","filename":"mastergo2figma-partial-pages-part-001-of-001-segment-001-agent-2026-05-20T07-38-47-345Z.zip","fileIndex":397,"postedChunks":7659,"streamedBytes":13075095}}
chunk-libs.ca58d924.js:127 [MasterGo2Figma] Layer chunk flush {"page":"agent 1","path":"pages/page-001-agent/layers/layers-400.json","chunkIndex":400,"records":16,"bytes":51212,"processedNodes":9505,"transfer":{"transferId":"export-1779262727345-7949022959725411","filename":"mastergo2figma-partial-pages-part-001-of-001-segment-001-agent-2026-05-20T07-38-47-345Z.zip","fileIndex":399,"postedChunks":7701,"streamedBytes":13159866}}
chunk-libs.ca58d924.js:127 [MasterGo2Figma] Layer chunk flush {"page":"agent 1","path":"pages/page-001-agent/layers/layers-433.json","chunkIndex":433,"records":16,"bytes":55060,"processedNodes":10880,"transfer":{"transferId":"export-1779262727345-7949022959725411","filename":"mastergo2figma-partial-pages-part-001-of-001-segment-001-agent-2026-05-20T07-38-47-345Z.zip","fileIndex":432,"postedChunks":8321,"streamedBytes":14199110}}
chunk-libs.ca58d924.js:127 [MasterGo2Figma] Layer chunk flush {"page":"agent 1","path":"pages/page-001-agent/layers/layers-435.json","chunkIndex":435,"records":16,"bytes":54746,"processedNodes":10957,"transfer":{"transferId":"export-1779262727345-7949022959725411","filename":"mastergo2figma-partial-pages-part-001-of-001-segment-001-agent-2026-05-20T07-38-47-345Z.zip","fileIndex":434,"postedChunks":8363,"streamedBytes":14279377}}
chunk-libs.ca58d924.js:127 [MasterGo2Figma] Layer chunk flush {"page":"agent 1","path":"pages/page-001-agent/layers/layers-450.json","chunkIndex":450,"records":16,"bytes":26529,"processedNodes":11526,"transfer":{"transferId":"export-1779262727345-7949022959725411","filename":"mastergo2figma-partial-pages-part-001-of-001-segment-001-agent-2026-05-20T07-38-47-345Z.zip","fileIndex":449,"postedChunks":8652,"streamedBytes":14794229}}
chunk-libs.ca58d924.js:127 [MasterGo2Figma] Layer chunk flush {"page":"agent 1","path":"pages/page-001-agent/layers/layers-472.json","chunkIndex":472,"records":16,"bytes":52785,"processedNodes":12434,"transfer":{"transferId":"export-1779262727345-7949022959725411","filename":"mastergo2figma-partial-pages-part-001-of-001-segment-001-agent-2026-05-20T07-38-47-345Z.zip","fileIndex":471,"postedChunks":9057,"streamedBytes":15444420}}
chunk-libs.ca58d924.js:127 [MasterGo2Figma] Layer chunk flush {"page":"agent 1","path":"pages/page-001-agent/layers/layers-484.json","chunkIndex":484,"records":16,"bytes":55567,"processedNodes":12922,"transfer":{"transferId":"export-1779262727345-7949022959725411","filename":"mastergo2figma-partial-pages-part-001-of-001-segment-001-agent-2026-05-20T07-38-47-345Z.zip","fileIndex":483,"postedChunks":9281,"streamedBytes":15818443}}
chunk-libs.ca58d924.js:127 [MasterGo2Figma] Layer chunk flush {"page":"agent 1","path":"pages/page-001-agent/layers/layers-500.json","chunkIndex":500,"records":16,"bytes":27678,"processedNodes":13557,"transfer":{"transferId":"export-1779262727345-7949022959725411","filename":"mastergo2figma-partial-pages-part-001-of-001-segment-001-agent-2026-05-20T07-38-47-345Z.zip","fileIndex":499,"postedChunks":9585,"streamedBytes":16344407}}
chunk-libs.ca58d924.js:127 [MasterGo2Figma] Layer chunk flush {"page":"agent 1","path":"pages/page-001-agent/layers/layers-550.json","chunkIndex":550,"records":16,"bytes":26452,"processedNodes":15179,"transfer":{"transferId":"export-1779262727345-7949022959725411","filename":"mastergo2figma-partial-pages-part-001-of-001-segment-001-agent-2026-05-20T07-38-47-345Z.zip","fileIndex":549,"postedChunks":10501,"streamedBytes":17773498}}
chunk-libs.ca58d924.js:127 [MasterGo2Figma] Split package complete 1/1 segment 1: /Users/wally/Downloads/MasterGo2Figma/mastergo2figma-relay-output/export-1779262727345-7949022959725411.zip, roots=11, layers=9402, files=635, bytes=31417958
chunk-libs.ca58d924.js:127 [MasterGo2Figma] Split package start 1/1 segment 2: agent, roots=12-13
chunk-libs.ca58d924.js:127 [MasterGo2Figma] Split package detail {"pageIndex":1,"pageCount":1,"pageName":"agent","segmentIndex":2,"startRootIndex":11,"remainingRootCount":2,"targetLayerCount":8000,"chunkMaxRecords":16,"chunkMaxBytes":65536,"transfer":{"transferId":"export-1779262809208-46339001331331153","filename":"mastergo2figma-partial-pages-part-001-of-001-segment-002-agent-2026-05-20T07-40-09-208Z.zip","fileIndex":0,"postedChunks":0,"streamedBytes":0}}
chunk-libs.ca58d924.js:127 [MasterGo2Figma] Layer chunk flush {"page":"agent 2","path":"pages/page-001-agent/layers/layers-001.json","chunkIndex":1,"records":16,"bytes":32030,"processedNodes":16617,"transfer":{"transferId":"export-1779262809208-46339001331331153","filename":"mastergo2figma-partial-pages-part-001-of-001-segment-002-agent-2026-05-20T07-40-09-208Z.zip","fileIndex":0,"postedChunks":0,"streamedBytes":0}}
chunk-libs.ca58d924.js:127 [MasterGo2Figma] Layer chunk flush {"page":"agent 2","path":"pages/page-001-agent/layers/layers-003.json","chunkIndex":3,"records":16,"bytes":53399,"processedNodes":16707,"transfer":{"transferId":"export-1779262809208-46339001331331153","filename":"mastergo2figma-partial-pages-part-001-of-001-segment-002-agent-2026-05-20T07-40-09-208Z.zip","fileIndex":2,"postedChunks":38,"streamedBytes":64155}}
chunk-libs.ca58d924.js:127 [MasterGo2Figma] Layer chunk flush {"page":"agent 2","path":"pages/page-001-agent/layers/layers-015.json","chunkIndex":15,"records":16,"bytes":54827,"processedNodes":17214,"transfer":{"transferId":"export-1779262809208-46339001331331153","filename":"mastergo2figma-partial-pages-part-001-of-001-segment-002-agent-2026-05-20T07-40-09-208Z.zip","fileIndex":14,"postedChunks":279,"streamedBytes":506202}}
chunk-libs.ca58d924.js:127 [MasterGo2Figma] Layer chunk flush {"page":"agent 2","path":"pages/page-001-agent/layers/layers-050.json","chunkIndex":50,"records":16,"bytes":36873,"processedNodes":18633,"transfer":{"transferId":"export-1779262809208-46339001331331153","filename":"mastergo2figma-partial-pages-part-001-of-001-segment-002-agent-2026-05-20T07-40-09-208Z.zip","fileIndex":49,"postedChunks":975,"streamedBytes":1767339}}
chunk-libs.ca58d924.js:127 [MasterGo2Figma] Layer chunk flush {"page":"agent 2","path":"pages/page-001-agent/layers/layers-074.json","chunkIndex":74,"records":16,"bytes":55342,"processedNodes":19442,"transfer":{"transferId":"export-1779262809208-46339001331331153","filename":"mastergo2figma-partial-pages-part-001-of-001-segment-002-agent-2026-05-20T07-40-09-208Z.zip","fileIndex":73,"postedChunks":1437,"streamedBytes":2574392}}
chunk-libs.ca58d924.js:127 [MasterGo2Figma] Layer chunk flush {"page":"agent 2","path":"pages/page-001-agent/layers/layers-086.json","chunkIndex":86,"records":16,"bytes":55332,"processedNodes":19937,"transfer":{"transferId":"export-1779262809208-46339001331331153","filename":"mastergo2figma-partial-pages-part-001-of-001-segment-002-agent-2026-05-20T07-40-09-208Z.zip","fileIndex":85,"postedChunks":1675,"streamedBytes":3008279}}
chunk-libs.ca58d924.js:127 [MasterGo2Figma] Layer chunk flush {"page":"agent 2","path":"pages/page-001-agent/layers/layers-100.json","chunkIndex":100,"records":16,"bytes":46624,"processedNodes":20472,"transfer":{"transferId":"export-1779262809208-46339001331331153","filename":"mastergo2figma-partial-pages-part-001-of-001-segment-002-agent-2026-05-20T07-40-09-208Z.zip","fileIndex":99,"postedChunks":1951,"streamedBytes":3507020}}
chunk-libs.ca58d924.js:127 [MasterGo2Figma] Layer chunk flush {"page":"agent 2","path":"pages/page-001-agent/layers/layers-136.json","chunkIndex":136,"records":16,"bytes":60466,"processedNodes":21817,"transfer":{"transferId":"export-1779262809208-46339001331331153","filename":"mastergo2figma-partial-pages-part-001-of-001-segment-002-agent-2026-05-20T07-40-09-208Z.zip","fileIndex":135,"postedChunks":2649,"streamedBytes":4736143}}
chunk-libs.ca58d924.js:127 [MasterGo2Figma] Layer chunk flush {"page":"agent 2","path":"pages/page-001-agent/layers/layers-137.json","chunkIndex":137,"records":12,"bytes":64595,"processedNodes":21830,"transfer":{"transferId":"export-1779262809208-46339001331331153","filename":"mastergo2figma-partial-pages-part-001-of-001-segment-002-agent-2026-05-20T07-40-09-208Z.zip","fileIndex":136,"postedChunks":2676,"streamedBytes":4796690}}
chunk-libs.ca58d924.js:127 [MasterGo2Figma] Layer chunk flush {"page":"agent 2","path":"pages/page-001-agent/layers/layers-141.json","chunkIndex":141,"records":16,"bytes":55282,"processedNodes":21962,"transfer":{"transferId":"export-1779262809208-46339001331331153","filename":"mastergo2figma-partial-pages-part-001-of-001-segment-002-agent-2026-05-20T07-40-09-208Z.zip","fileIndex":140,"postedChunks":2756,"streamedBytes":4940476}}
chunk-libs.ca58d924.js:127 [MasterGo2Figma] Layer chunk flush {"page":"agent 2","path":"pages/page-001-agent/layers/layers-150.json","chunkIndex":150,"records":16,"bytes":30709,"processedNodes":22384,"transfer":{"transferId":"export-1779262809208-46339001331331153","filename":"mastergo2figma-partial-pages-part-001-of-001-segment-002-agent-2026-05-20T07-40-09-208Z.zip","fileIndex":149,"postedChunks":2936,"streamedBytes":5269194}}
chunk-libs.ca58d924.js:127 [MasterGo2Figma] Layer chunk flush {"page":"agent 2","path":"pages/page-001-agent/layers/layers-165.json","chunkIndex":165,"records":16,"bytes":52001,"processedNodes":23103,"transfer":{"transferId":"export-1779262809208-46339001331331153","filename":"mastergo2figma-partial-pages-part-001-of-001-segment-002-agent-2026-05-20T07-40-09-208Z.zip","fileIndex":164,"postedChunks":3230,"streamedBytes":5795304}}
chunk-libs.ca58d924.js:127 [MasterGo2Figma] Layer chunk flush {"page":"agent 2","path":"pages/page-001-agent/layers/layers-178.json","chunkIndex":178,"records":16,"bytes":54996,"processedNodes":23710,"transfer":{"transferId":"export-1779262809208-46339001331331153","filename":"mastergo2figma-partial-pages-part-001-of-001-segment-002-agent-2026-05-20T07-40-09-208Z.zip","fileIndex":177,"postedChunks":3486,"streamedBytes":6252181}}
chunk-libs.ca58d924.js:127 [MasterGo2Figma] Layer chunk flush {"page":"agent 2","path":"pages/page-001-agent/layers/layers-193.json","chunkIndex":193,"records":16,"bytes":52011,"processedNodes":24397,"transfer":{"transferId":"export-1779262809208-46339001331331153","filename":"mastergo2figma-partial-pages-part-001-of-001-segment-002-agent-2026-05-20T07-40-09-208Z.zip","fileIndex":192,"postedChunks":3786,"streamedBytes":6793762}}
chunk-libs.ca58d924.js:127 [MasterGo2Figma] Layer chunk flush {"page":"agent 2","path":"pages/page-001-agent/layers/layers-200.json","chunkIndex":200,"records":16,"bytes":31465,"processedNodes":24714,"transfer":{"transferId":"export-1779262809208-46339001331331153","filename":"mastergo2figma-partial-pages-part-001-of-001-segment-002-agent-2026-05-20T07-40-09-208Z.zip","fileIndex":199,"postedChunks":3927,"streamedBytes":7053535}}
chunk-libs.ca58d924.js:127 [MasterGo2Figma] Split package complete 1/1 segment 2: /Users/wally/Downloads/MasterGo2Figma/mastergo2figma-relay-output/export-1779262809208-46339001331331153.zip, roots=2, layers=3489, files=230, bytes=8990115
chunk-libs.ca58d924.js:127 [MasterGo2Figma] Export performance {label: 'split-complete', durationMs: 114341, duration: '1m 54s', nodesPerSecond: 223.5, sessionId: 'session-1779262654896-7hlmudae2xr', …}
chunk-libs.ca58d924.js:127 [MasterGo2Figma] Export batch complete {"sessionId":"session-1779262654896-7hlmudae2xr","autoContinue":true,"batchIndex":2,"batchTotal":5,"scope":"partial-pages","transferMode":"local-json-stream","requestedPageCount":4,"requestedPages":[{"name":"agent","message":"","stack":"[Stack Hidden]"},{"name":"界面方案研究","message":"","stack":"[Stack Hidden]"},{"name":"agent客户端融合方案（0206）","message":"","stack":"[Stack Hidden]"},{"name":"agent客户端优化方案（0401）","message":"","stack":"[Stack Hidden]"}],"runPageCount":1,"runPages":[{"name":"agent","message":"","stack":"[Stack Hidden]"}],"remainingPageCount":3,"remainingPages":[{"name":"界面方案研究","message":"","stack":"[Stack Hidden]"},{"name":"agent客户端融合方案（0206）","message":"","stack":"[Stack Hidden]"},{"name":"agent客户端优化方案（0401）","message":"","stack":"[Stack Hidden]"}],"limitedToSinglePage":true,"maxPagesPerBatch":1}
chunk-libs.ca58d924.js:127 [MasterGo2Figma] Export queue saved {"sessionId":"session-1779262654896-7hlmudae2xr","autoContinue":true,"exportedPages":[{"name":"agent","message":"","stack":"[Stack Hidden]"}],"remainingPageCount":3,"nextPage":{"name":"界面方案研究","message":"","stack":"[Stack Hidden]"}}
VM293:179 [MasterGo2Figma UI] Auto export batch start {sessionId: 'session-1779262654896-7hlmudae2xr', batchIndex: 3, remainingPageCount: 3, nextPageId: '72:25530'}
chunk-libs.ca58d924.js:127 [MasterGo2Figma] Export queue plan {"sessionId":"session-1779262654896-7hlmudae2xr","autoContinue":true,"batchIndex":3,"batchTotal":5,"scope":"partial-pages","transferMode":"local-json-stream","requestedPageCount":3,"requestedPages":[{"name":"界面方案研究","message":"","stack":"[Stack Hidden]"},{"name":"agent客户端融合方案（0206）","message":"","stack":"[Stack Hidden]"},{"name":"agent客户端优化方案（0401）","message":"","stack":"[Stack Hidden]"}],"runPageCount":1,"runPages":[{"name":"界面方案研究","message":"","stack":"[Stack Hidden]"}],"remainingPageCount":2,"remainingPages":[{"name":"agent客户端融合方案（0206）","message":"","stack":"[Stack Hidden]"},{"name":"agent客户端优化方案（0401）","message":"","stack":"[Stack Hidden]"}],"limitedToSinglePage":true,"maxPagesPerBatch":1}
chunk-libs.ca58d924.js:127 [MasterGo2Figma] Export recovery queue saved {"sessionId":"session-1779262654896-7hlmudae2xr","batchIndex":3,"runningPages":[{"name":"界面方案研究","message":"","stack":"[Stack Hidden]"}],"recoveryPageCount":3,"nextPage":{"name":"界面方案研究","message":"","stack":"[Stack Hidden]"}}
chunk-libs.ca58d924.js:127 [MasterGo2Figma] Export batch start {"sessionId":"session-1779262654896-7hlmudae2xr","autoContinue":true,"batchIndex":3,"batchTotal":5,"scope":"partial-pages","transferMode":"local-json-stream","requestedPageCount":3,"requestedPages":[{"name":"界面方案研究","message":"","stack":"[Stack Hidden]"},{"name":"agent客户端融合方案（0206）","message":"","stack":"[Stack Hidden]"},{"name":"agent客户端优化方案（0401）","message":"","stack":"[Stack Hidden]"}],"runPageCount":1,"runPages":[{"name":"界面方案研究","message":"","stack":"[Stack Hidden]"}],"remainingPageCount":2,"remainingPages":[{"name":"agent客户端融合方案（0206）","message":"","stack":"[Stack Hidden]"},{"name":"agent客户端优化方案（0401）","message":"","stack":"[Stack Hidden]"}],"limitedToSinglePage":true,"maxPagesPerBatch":1}
chunk-libs.ca58d924.js:127 [MasterGo2Figma] Export session stats reset {"sessionId":"session-1779262654896-7hlmudae2xr","autoContinue":true,"batchIndex":3,"batchTotal":5,"pageCount":1,"rootCount":18,"transferMode":"local-json-stream","relayUrl":"http://127.0.0.1:8765","chunkMaxRecords":16,"chunkMaxBytes":65536}
chunk-libs.ca58d924.js:127 [MasterGo2Figma] Split export start: 1 pages, 18 roots. Node pre-scan skipped.
chunk-libs.ca58d924.js:127 [MasterGo2Figma] Split package start 1/1 segment 1: 界面方案研究, roots=1-18
chunk-libs.ca58d924.js:127 [MasterGo2Figma] Split package detail {"pageIndex":1,"pageCount":1,"pageName":"界面方案研究","segmentIndex":1,"startRootIndex":0,"remainingRootCount":18,"targetLayerCount":8000,"chunkMaxRecords":16,"chunkMaxBytes":65536,"transfer":{"transferId":"export-1779262842525-8874347023311442","filename":"mastergo2figma-partial-pages-part-001-of-001-segment-001-界面方案研究-2026-05-20T07-40-42-525Z.zip","fileIndex":0,"postedChunks":0,"streamedBytes":0}}
chunk-libs.ca58d924.js:127 [MasterGo2Figma] Layer chunk flush {"page":"界面方案研究 1","path":"pages/page-001-界面方案研究/layers/layers-001.json","chunkIndex":1,"records":16,"bytes":23445,"processedNodes":16,"transfer":{"transferId":"export-1779262842525-8874347023311442","filename":"mastergo2figma-partial-pages-part-001-of-001-segment-001-界面方案研究-2026-05-20T07-40-42-525Z.zip","fileIndex":0,"postedChunks":0,"streamedBytes":0}}
chunk-libs.ca58d924.js:127 [MasterGo2Figma] Layer chunk flush {"page":"界面方案研究 1","path":"pages/page-001-界面方案研究/layers/layers-013.json","chunkIndex":13,"records":16,"bytes":65069,"processedNodes":464,"transfer":{"transferId":"export-1779262842525-8874347023311442","filename":"mastergo2figma-partial-pages-part-001-of-001-segment-001-界面方案研究-2026-05-20T07-40-42-525Z.zip","fileIndex":12,"postedChunks":223,"streamedBytes":342190}}
chunk-libs.ca58d924.js:127 [MasterGo2Figma] Layer chunk flush {"page":"界面方案研究 1","path":"pages/page-001-界面方案研究/layers/layers-021.json","chunkIndex":21,"records":8,"bytes":63926,"processedNodes":681,"transfer":{"transferId":"export-1779262842525-8874347023311442","filename":"mastergo2figma-partial-pages-part-001-of-001-segment-001-界面方案研究-2026-05-20T07-40-42-525Z.zip","fileIndex":20,"postedChunks":382,"streamedBytes":623816}}
chunk-libs.ca58d924.js:127 [MasterGo2Figma] Layer chunk flush {"page":"界面方案研究 1","path":"pages/page-001-界面方案研究/layers/layers-041.json","chunkIndex":41,"records":16,"bytes":65377,"processedNodes":1275,"transfer":{"transferId":"export-1779262842525-8874347023311442","filename":"mastergo2figma-partial-pages-part-001-of-001-segment-001-界面方案研究-2026-05-20T07-40-42-525Z.zip","fileIndex":40,"postedChunks":769,"streamedBytes":1259014}}
chunk-libs.ca58d924.js:127 [MasterGo2Figma] Layer chunk flush {"page":"界面方案研究 1","path":"pages/page-001-界面方案研究/layers/layers-050.json","chunkIndex":50,"records":16,"bytes":29201,"processedNodes":1519,"transfer":{"transferId":"export-1779262842525-8874347023311442","filename":"mastergo2figma-partial-pages-part-001-of-001-segment-001-界面方案研究-2026-05-20T07-40-42-525Z.zip","fileIndex":49,"postedChunks":953,"streamedBytes":1584270}}
chunk-libs.ca58d924.js:127 [MasterGo2Figma] Layer chunk flush {"page":"界面方案研究 1","path":"pages/page-001-界面方案研究/layers/layers-056.json","chunkIndex":56,"records":16,"bytes":52486,"processedNodes":1714,"transfer":{"transferId":"export-1779262842525-8874347023311442","filename":"mastergo2figma-partial-pages-part-001-of-001-segment-001-界面方案研究-2026-05-20T07-40-42-525Z.zip","fileIndex":55,"postedChunks":1064,"streamedBytes":1760062}}
chunk-libs.ca58d924.js:127 [MasterGo2Figma] Layer chunk flush {"page":"界面方案研究 1","path":"pages/page-001-界面方案研究/layers/layers-058.json","chunkIndex":58,"records":16,"bytes":53506,"processedNodes":1788,"transfer":{"transferId":"export-1779262842525-8874347023311442","filename":"mastergo2figma-partial-pages-part-001-of-001-segment-001-界面方案研究-2026-05-20T07-40-42-525Z.zip","fileIndex":57,"postedChunks":1107,"streamedBytes":1843228}}
chunk-libs.ca58d924.js:127 [MasterGo2Figma] Layer chunk flush {"page":"界面方案研究 1","path":"pages/page-001-界面方案研究/layers/layers-093.json","chunkIndex":93,"records":16,"bytes":51392,"processedNodes":2779,"transfer":{"transferId":"export-1779262842525-8874347023311442","filename":"mastergo2figma-partial-pages-part-001-of-001-segment-001-界面方案研究-2026-05-20T07-40-42-525Z.zip","fileIndex":92,"postedChunks":1790,"streamedBytes":3008161}}
chunk-libs.ca58d924.js:127 [MasterGo2Figma] Layer chunk flush {"page":"界面方案研究 1","path":"pages/page-001-界面方案研究/layers/layers-100.json","chunkIndex":100,"records":16,"bytes":22145,"processedNodes":2936,"transfer":{"transferId":"export-1779262842525-8874347023311442","filename":"mastergo2figma-partial-pages-part-001-of-001-segment-001-界面方案研究-2026-05-20T07-40-42-525Z.zip","fileIndex":99,"postedChunks":1926,"streamedBytes":3261152}}
chunk-libs.ca58d924.js:127 [MasterGo2Figma] Layer chunk flush {"page":"界面方案研究 1","path":"pages/page-001-界面方案研究/layers/layers-113.json","chunkIndex":113,"records":16,"bytes":49164,"processedNodes":3203,"transfer":{"transferId":"export-1779262842525-8874347023311442","filename":"mastergo2figma-partial-pages-part-001-of-001-segment-001-界面方案研究-2026-05-20T07-40-42-525Z.zip","fileIndex":112,"postedChunks":2171,"streamedBytes":3649500}}
chunk-libs.ca58d924.js:127 [MasterGo2Figma] Layer chunk flush {"page":"界面方案研究 1","path":"pages/page-001-界面方案研究/layers/layers-137.json","chunkIndex":137,"records":14,"bytes":56596,"processedNodes":3718,"transfer":{"transferId":"export-1779262842525-8874347023311442","filename":"mastergo2figma-partial-pages-part-001-of-001-segment-001-界面方案研究-2026-05-20T07-40-42-525Z.zip","fileIndex":136,"postedChunks":2630,"streamedBytes":4437597}}
chunk-libs.ca58d924.js:127 [MasterGo2Figma] Layer chunk flush {"page":"界面方案研究 1","path":"pages/page-001-界面方案研究/layers/layers-138.json","chunkIndex":138,"records":12,"bytes":64746,"processedNodes":3730,"transfer":{"transferId":"export-1779262842525-8874347023311442","filename":"mastergo2figma-partial-pages-part-001-of-001-segment-001-界面方案研究-2026-05-20T07-40-42-525Z.zip","fileIndex":137,"postedChunks":2654,"streamedBytes":4494275}}
chunk-libs.ca58d924.js:127 [MasterGo2Figma] Layer chunk flush {"page":"界面方案研究 1","path":"pages/page-001-界面方案研究/layers/layers-139.json","chunkIndex":139,"records":14,"bytes":55022,"processedNodes":3759,"transfer":{"transferId":"export-1779262842525-8874347023311442","filename":"mastergo2figma-partial-pages-part-001-of-001-segment-001-界面方案研究-2026-05-20T07-40-42-525Z.zip","fileIndex":138,"postedChunks":2678,"streamedBytes":4559102}}
chunk-libs.ca58d924.js:127 [MasterGo2Figma] Split package complete 1/1 segment 1: /Users/wally/Downloads/MasterGo2Figma/mastergo2figma-relay-output/export-1779262842525-8874347023311442.zip, roots=18, layers=2208, files=162, bytes=8292281
chunk-libs.ca58d924.js:127 [MasterGo2Figma] Export performance {label: 'split-complete', durationMs: 20771, duration: '0m 21s', nodesPerSecond: 181, sessionId: 'session-1779262654896-7hlmudae2xr', …}
chunk-libs.ca58d924.js:127 [MasterGo2Figma] Export batch complete {"sessionId":"session-1779262654896-7hlmudae2xr","autoContinue":true,"batchIndex":3,"batchTotal":5,"scope":"partial-pages","transferMode":"local-json-stream","requestedPageCount":3,"requestedPages":[{"name":"界面方案研究","message":"","stack":"[Stack Hidden]"},{"name":"agent客户端融合方案（0206）","message":"","stack":"[Stack Hidden]"},{"name":"agent客户端优化方案（0401）","message":"","stack":"[Stack Hidden]"}],"runPageCount":1,"runPages":[{"name":"界面方案研究","message":"","stack":"[Stack Hidden]"}],"remainingPageCount":2,"remainingPages":[{"name":"agent客户端融合方案（0206）","message":"","stack":"[Stack Hidden]"},{"name":"agent客户端优化方案（0401）","message":"","stack":"[Stack Hidden]"}],"limitedToSinglePage":true,"maxPagesPerBatch":1}
chunk-libs.ca58d924.js:127 [MasterGo2Figma] Export queue saved {"sessionId":"session-1779262654896-7hlmudae2xr","autoContinue":true,"exportedPages":[{"name":"界面方案研究","message":"","stack":"[Stack Hidden]"}],"remainingPageCount":2,"nextPage":{"name":"agent客户端融合方案（0206）","message":"","stack":"[Stack Hidden]"}}
VM293:179 [MasterGo2Figma UI] Auto export batch start {sessionId: 'session-1779262654896-7hlmudae2xr', batchIndex: 4, remainingPageCount: 2, nextPageId: '97:06435'}
chunk-libs.ca58d924.js:127 [MasterGo2Figma] Export queue plan {"sessionId":"session-1779262654896-7hlmudae2xr","autoContinue":true,"batchIndex":4,"batchTotal":5,"scope":"partial-pages","transferMode":"local-json-stream","requestedPageCount":2,"requestedPages":[{"name":"agent客户端融合方案（0206）","message":"","stack":"[Stack Hidden]"},{"name":"agent客户端优化方案（0401）","message":"","stack":"[Stack Hidden]"}],"runPageCount":1,"runPages":[{"name":"agent客户端融合方案（0206）","message":"","stack":"[Stack Hidden]"}],"remainingPageCount":1,"remainingPages":[{"name":"agent客户端优化方案（0401）","message":"","stack":"[Stack Hidden]"}],"limitedToSinglePage":true,"maxPagesPerBatch":1}
chunk-libs.ca58d924.js:127 [MasterGo2Figma] Export recovery queue saved {"sessionId":"session-1779262654896-7hlmudae2xr","batchIndex":4,"runningPages":[{"name":"agent客户端融合方案（0206）","message":"","stack":"[Stack Hidden]"}],"recoveryPageCount":2,"nextPage":{"name":"agent客户端融合方案（0206）","message":"","stack":"[Stack Hidden]"}}
chunk-libs.ca58d924.js:127 [MasterGo2Figma] Export batch start {"sessionId":"session-1779262654896-7hlmudae2xr","autoContinue":true,"batchIndex":4,"batchTotal":5,"scope":"partial-pages","transferMode":"local-json-stream","requestedPageCount":2,"requestedPages":[{"name":"agent客户端融合方案（0206）","message":"","stack":"[Stack Hidden]"},{"name":"agent客户端优化方案（0401）","message":"","stack":"[Stack Hidden]"}],"runPageCount":1,"runPages":[{"name":"agent客户端融合方案（0206）","message":"","stack":"[Stack Hidden]"}],"remainingPageCount":1,"remainingPages":[{"name":"agent客户端优化方案（0401）","message":"","stack":"[Stack Hidden]"}],"limitedToSinglePage":true,"maxPagesPerBatch":1}
chunk-libs.ca58d924.js:127 [MasterGo2Figma] Export session stats reset {"sessionId":"session-1779262654896-7hlmudae2xr","autoContinue":true,"batchIndex":4,"batchTotal":5,"pageCount":1,"rootCount":171,"transferMode":"local-json-stream","relayUrl":"http://127.0.0.1:8765","chunkMaxRecords":16,"chunkMaxBytes":65536}
chunk-libs.ca58d924.js:127 [MasterGo2Figma] Split export start: 1 pages, 171 roots. Node pre-scan skipped.
chunk-libs.ca58d924.js:127 [MasterGo2Figma] Split package start 1/1 segment 1: agent客户端融合方案（0206）, roots=1-171
chunk-libs.ca58d924.js:127 [MasterGo2Figma] Split package detail {"pageIndex":1,"pageCount":1,"pageName":"agent客户端融合方案（0206）","segmentIndex":1,"startRootIndex":0,"remainingRootCount":171,"targetLayerCount":8000,"chunkMaxRecords":16,"chunkMaxBytes":65536,"transfer":{"transferId":"export-1779262864176-20266955175474455","filename":"mastergo2figma-partial-pages-part-001-of-001-segment-001-agent客户端融合方案（0206）-2026-05-20T07-41-04-176Z.zip","fileIndex":0,"postedChunks":0,"streamedBytes":0}}
chunk-libs.ca58d924.js:127 [MasterGo2Figma] Layer chunk flush {"page":"agent客户端融合方案（0206） 1","path":"pages/page-001-agent客户端融合方案-0206/layers/layers-001.json","chunkIndex":1,"records":16,"bytes":23166,"processedNodes":16,"transfer":{"transferId":"export-1779262864176-20266955175474455","filename":"mastergo2figma-partial-pages-part-001-of-001-segment-001-agent客户端融合方案（0206）-2026-05-20T07-41-04-176Z.zip","fileIndex":0,"postedChunks":0,"streamedBytes":0}}
chunk-libs.ca58d924.js:127 [MasterGo2Figma] Layer chunk flush {"page":"agent客户端融合方案（0206） 1","path":"pages/page-001-agent客户端融合方案-0206/layers/layers-012.json","chunkIndex":12,"records":16,"bytes":57775,"processedNodes":422,"transfer":{"transferId":"export-1779262864176-20266955175474455","filename":"mastergo2figma-partial-pages-part-001-of-001-segment-001-agent客户端融合方案（0206）-2026-05-20T07-41-04-176Z.zip","fileIndex":11,"postedChunks":200,"streamedBytes":294478}}
chunk-libs.ca58d924.js:127 [MasterGo2Figma] Layer chunk flush {"page":"agent客户端融合方案（0206） 1","path":"pages/page-001-agent客户端融合方案-0206/layers/layers-013.json","chunkIndex":13,"records":16,"bytes":54163,"processedNodes":464,"transfer":{"transferId":"export-1779262864176-20266955175474455","filename":"mastergo2figma-partial-pages-part-001-of-001-segment-001-agent客户端融合方案（0206）-2026-05-20T07-41-04-176Z.zip","fileIndex":12,"postedChunks":225,"streamedBytes":352335}}
chunk-libs.ca58d924.js:127 [MasterGo2Figma] Layer chunk flush {"page":"agent客户端融合方案（0206） 1","path":"pages/page-001-agent客户端融合方案-0206/layers/layers-021.json","chunkIndex":21,"records":10,"bytes":65191,"processedNodes":691,"transfer":{"transferId":"export-1779262864176-20266955175474455","filename":"mastergo2figma-partial-pages-part-001-of-001-segment-001-agent客户端融合方案（0206）-2026-05-20T07-41-04-176Z.zip","fileIndex":20,"postedChunks":385,"streamedBytes":636883}}
chunk-libs.ca58d924.js:127 [MasterGo2Figma] Layer chunk flush {"page":"agent客户端融合方案（0206） 1","path":"pages/page-001-agent客户端融合方案-0206/layers/layers-022.json","chunkIndex":22,"records":16,"bytes":52130,"processedNodes":724,"transfer":{"transferId":"export-1779262864176-20266955175474455","filename":"mastergo2figma-partial-pages-part-001-of-001-segment-001-agent客户端融合方案（0206）-2026-05-20T07-41-04-176Z.zip","fileIndex":21,"postedChunks":408,"streamedBytes":702156}}
chunk-libs.ca58d924.js:127 [MasterGo2Figma] Layer chunk flush {"page":"agent客户端融合方案（0206） 1","path":"pages/page-001-agent客户端融合方案-0206/layers/layers-041.json","chunkIndex":41,"records":16,"bytes":63785,"processedNodes":1277,"transfer":{"transferId":"export-1779262864176-20266955175474455","filename":"mastergo2figma-partial-pages-part-001-of-001-segment-001-agent客户端融合方案（0206）-2026-05-20T07-41-04-176Z.zip","fileIndex":40,"postedChunks":775,"streamedBytes":1278762}}
chunk-libs.ca58d924.js:127 [MasterGo2Figma] Layer chunk flush {"page":"agent客户端融合方案（0206） 1","path":"pages/page-001-agent客户端融合方案-0206/layers/layers-043.json","chunkIndex":43,"records":16,"bytes":52581,"processedNodes":1350,"transfer":{"transferId":"export-1779262864176-20266955175474455","filename":"mastergo2figma-partial-pages-part-001-of-001-segment-001-agent客户端融合方案（0206）-2026-05-20T07-41-04-176Z.zip","fileIndex":42,"postedChunks":820,"streamedBytes":1370601}}
chunk-libs.ca58d924.js:127 [MasterGo2Figma] Layer chunk flush {"page":"agent客户端融合方案（0206） 1","path":"pages/page-001-agent客户端融合方案-0206/layers/layers-050.json","chunkIndex":50,"records":16,"bytes":29383,"processedNodes":1521,"transfer":{"transferId":"export-1779262864176-20266955175474455","filename":"mastergo2figma-partial-pages-part-001-of-001-segment-001-agent客户端融合方案（0206）-2026-05-20T07-41-04-176Z.zip","fileIndex":49,"postedChunks":955,"streamedBytes":1584986}}
chunk-libs.ca58d924.js:127 [MasterGo2Figma] Layer chunk flush {"page":"agent客户端融合方案（0206） 1","path":"pages/page-001-agent客户端融合方案-0206/layers/layers-100.json","chunkIndex":100,"records":16,"bytes":30301,"processedNodes":3047,"transfer":{"transferId":"export-1779262864176-20266955175474455","filename":"mastergo2figma-partial-pages-part-001-of-001-segment-001-agent客户端融合方案（0206）-2026-05-20T07-41-04-176Z.zip","fileIndex":99,"postedChunks":1929,"streamedBytes":3265768}}
chunk-libs.ca58d924.js:127 [MasterGo2Figma] Layer chunk flush {"page":"agent客户端融合方案（0206） 1","path":"pages/page-001-agent客户端融合方案-0206/layers/layers-111.json","chunkIndex":111,"records":16,"bytes":56142,"processedNodes":3366,"transfer":{"transferId":"export-1779262864176-20266955175474455","filename":"mastergo2figma-partial-pages-part-001-of-001-segment-001-agent客户端融合方案（0206）-2026-05-20T07-41-04-176Z.zip","fileIndex":110,"postedChunks":2138,"streamedBytes":3597523}}
chunk-libs.ca58d924.js:127 [MasterGo2Figma] Layer chunk flush {"page":"agent客户端融合方案（0206） 1","path":"pages/page-001-agent客户端融合方案-0206/layers/layers-112.json","chunkIndex":112,"records":11,"bytes":65187,"processedNodes":3378,"transfer":{"transferId":"export-1779262864176-20266955175474455","filename":"mastergo2figma-partial-pages-part-001-of-001-segment-001-agent客户端融合方案（0206）-2026-05-20T07-41-04-176Z.zip","fileIndex":111,"postedChunks":2163,"streamedBytes":3653747}}
chunk-libs.ca58d924.js:127 [MasterGo2Figma] Layer chunk flush {"page":"agent客户端融合方案（0206） 1","path":"pages/page-001-agent客户端融合方案-0206/layers/layers-126.json","chunkIndex":126,"records":16,"bytes":56069,"processedNodes":3840,"transfer":{"transferId":"export-1779262864176-20266955175474455","filename":"mastergo2figma-partial-pages-part-001-of-001-segment-001-agent客户端融合方案（0206）-2026-05-20T07-41-04-176Z.zip","fileIndex":125,"postedChunks":2429,"streamedBytes":4088995}}
chunk-libs.ca58d924.js:127 [MasterGo2Figma] Layer chunk flush {"page":"agent客户端融合方案（0206） 1","path":"pages/page-001-agent客户端融合方案-0206/layers/layers-127.json","chunkIndex":127,"records":13,"bytes":64072,"processedNodes":3856,"transfer":{"transferId":"export-1779262864176-20266955175474455","filename":"mastergo2figma-partial-pages-part-001-of-001-segment-001-agent客户端融合方案（0206）-2026-05-20T07-41-04-176Z.zip","fileIndex":126,"postedChunks":2454,"streamedBytes":4145146}}
chunk-libs.ca58d924.js:127 [MasterGo2Figma] Layer chunk flush {"page":"agent客户端融合方案（0206） 1","path":"pages/page-001-agent客户端融合方案-0206/layers/layers-136.json","chunkIndex":136,"records":14,"bytes":53577,"processedNodes":4150,"transfer":{"transferId":"export-1779262864176-20266955175474455","filename":"mastergo2figma-partial-pages-part-001-of-001-segment-001-agent客户端融合方案（0206）-2026-05-20T07-41-04-176Z.zip","fileIndex":135,"postedChunks":2630,"streamedBytes":4452232}}
chunk-libs.ca58d924.js:127 [MasterGo2Figma] Layer chunk flush {"page":"agent客户端融合方案（0206） 1","path":"pages/page-001-agent客户端融合方案-0206/layers/layers-137.json","chunkIndex":137,"records":14,"bytes":64987,"processedNodes":4180,"transfer":{"transferId":"export-1779262864176-20266955175474455","filename":"mastergo2figma-partial-pages-part-001-of-001-segment-001-agent客户端融合方案（0206）-2026-05-20T07-41-04-176Z.zip","fileIndex":136,"postedChunks":2653,"streamedBytes":4505891}}
chunk-libs.ca58d924.js:127 [MasterGo2Figma] Layer chunk flush {"page":"agent客户端融合方案（0206） 1","path":"pages/page-001-agent客户端融合方案-0206/layers/layers-144.json","chunkIndex":144,"records":16,"bytes":49946,"processedNodes":4357,"transfer":{"transferId":"export-1779262864176-20266955175474455","filename":"mastergo2figma-partial-pages-part-001-of-001-segment-001-agent客户端融合方案（0206）-2026-05-20T07-41-04-176Z.zip","fileIndex":143,"postedChunks":2798,"streamedBytes":4781314}}
chunk-libs.ca58d924.js:127 [MasterGo2Figma] Layer chunk flush {"page":"agent客户端融合方案（0206） 1","path":"pages/page-001-agent客户端融合方案-0206/layers/layers-146.json","chunkIndex":146,"records":12,"bytes":62629,"processedNodes":4413,"transfer":{"transferId":"export-1779262864176-20266955175474455","filename":"mastergo2figma-partial-pages-part-001-of-001-segment-001-agent客户端融合方案（0206）-2026-05-20T07-41-04-176Z.zip","fileIndex":145,"postedChunks":2841,"streamedBytes":4876182}}
chunk-libs.ca58d924.js:127 [MasterGo2Figma] Layer chunk flush {"page":"agent客户端融合方案（0206） 1","path":"pages/page-001-agent客户端融合方案-0206/layers/layers-150.json","chunkIndex":150,"records":16,"bytes":44628,"processedNodes":4531,"transfer":{"transferId":"export-1779262864176-20266955175474455","filename":"mastergo2figma-partial-pages-part-001-of-001-segment-001-agent客户端融合方案（0206）-2026-05-20T07-41-04-176Z.zip","fileIndex":149,"postedChunks":2921,"streamedBytes":5032810}}
chunk-libs.ca58d924.js:127 [MasterGo2Figma] Layer chunk flush {"page":"agent客户端融合方案（0206） 1","path":"pages/page-001-agent客户端融合方案-0206/layers/layers-158.json","chunkIndex":158,"records":16,"bytes":50987,"processedNodes":4716,"transfer":{"transferId":"export-1779262864176-20266955175474455","filename":"mastergo2figma-partial-pages-part-001-of-001-segment-001-agent客户端融合方案（0206）-2026-05-20T07-41-04-176Z.zip","fileIndex":157,"postedChunks":3076,"streamedBytes":5288748}}
chunk-libs.ca58d924.js:127 [MasterGo2Figma] Layer chunk flush {"page":"agent客户端融合方案（0206） 1","path":"pages/page-001-agent客户端融合方案-0206/layers/layers-159.json","chunkIndex":159,"records":13,"bytes":57391,"processedNodes":4738,"transfer":{"transferId":"export-1779262864176-20266955175474455","filename":"mastergo2figma-partial-pages-part-001-of-001-segment-001-agent客户端融合方案（0206）-2026-05-20T07-41-04-176Z.zip","fileIndex":158,"postedChunks":3100,"streamedBytes":5339817}}
chunk-libs.ca58d924.js:127 [MasterGo2Figma] Layer chunk flush {"page":"agent客户端融合方案（0206） 1","path":"pages/page-001-agent客户端融合方案-0206/layers/layers-160.json","chunkIndex":160,"records":16,"bytes":51263,"processedNodes":4789,"transfer":{"transferId":"export-1779262864176-20266955175474455","filename":"mastergo2figma-partial-pages-part-001-of-001-segment-001-agent客户端融合方案（0206）-2026-05-20T07-41-04-176Z.zip","fileIndex":159,"postedChunks":3123,"streamedBytes":5397290}}
chunk-libs.ca58d924.js:127 [MasterGo2Figma] Layer chunk flush {"page":"agent客户端融合方案（0206） 1","path":"pages/page-001-agent客户端融合方案-0206/layers/layers-177.json","chunkIndex":177,"records":11,"bytes":54948,"processedNodes":5152,"transfer":{"transferId":"export-1779262864176-20266955175474455","filename":"mastergo2figma-partial-pages-part-001-of-001-segment-001-agent客户端融合方案（0206）-2026-05-20T07-41-04-176Z.zip","fileIndex":176,"postedChunks":3458,"streamedBytes":5965045}}
chunk-libs.ca58d924.js:127 [MasterGo2Figma] Layer chunk flush {"page":"agent客户端融合方案（0206） 1","path":"pages/page-001-agent客户端融合方案-0206/layers/layers-178.json","chunkIndex":178,"records":16,"bytes":52456,"processedNodes":5203,"transfer":{"transferId":"export-1779262864176-20266955175474455","filename":"mastergo2figma-partial-pages-part-001-of-001-segment-001-agent客户端融合方案（0206）-2026-05-20T07-41-04-176Z.zip","fileIndex":177,"postedChunks":3479,"streamedBytes":6020075}}
chunk-libs.ca58d924.js:127 [MasterGo2Figma] Layer chunk flush {"page":"agent客户端融合方案（0206） 1","path":"pages/page-001-agent客户端融合方案-0206/layers/layers-193.json","chunkIndex":193,"records":12,"bytes":62491,"processedNodes":5554,"transfer":{"transferId":"export-1779262864176-20266955175474455","filename":"mastergo2figma-partial-pages-part-001-of-001-segment-001-agent客户端融合方案（0206）-2026-05-20T07-41-04-176Z.zip","fileIndex":192,"postedChunks":3775,"streamedBytes":6525276}}
chunk-libs.ca58d924.js:127 [MasterGo2Figma] Layer chunk flush {"page":"agent客户端融合方案（0206） 1","path":"pages/page-001-agent客户端融合方案-0206/layers/layers-194.json","chunkIndex":194,"records":16,"bytes":50637,"processedNodes":5596,"transfer":{"transferId":"export-1779262864176-20266955175474455","filename":"mastergo2figma-partial-pages-part-001-of-001-segment-001-agent客户端融合方案（0206）-2026-05-20T07-41-04-176Z.zip","fileIndex":193,"postedChunks":3799,"streamedBytes":6587849}}
chunk-libs.ca58d924.js:127 [MasterGo2Figma] Layer chunk flush {"page":"agent客户端融合方案（0206） 1","path":"pages/page-001-agent客户端融合方案-0206/layers/layers-200.json","chunkIndex":200,"records":16,"bytes":27457,"processedNodes":5735,"transfer":{"transferId":"export-1779262864176-20266955175474455","filename":"mastergo2figma-partial-pages-part-001-of-001-segment-001-agent客户端融合方案（0206）-2026-05-20T07-41-04-176Z.zip","fileIndex":199,"postedChunks":3920,"streamedBytes":6802693}}
chunk-libs.ca58d924.js:127 [MasterGo2Figma] Layer chunk flush {"page":"agent客户端融合方案（0206） 1","path":"pages/page-001-agent客户端融合方案-0206/layers/layers-207.json","chunkIndex":207,"records":16,"bytes":53748,"processedNodes":5892,"transfer":{"transferId":"export-1779262864176-20266955175474455","filename":"mastergo2figma-partial-pages-part-001-of-001-segment-001-agent客户端融合方案（0206）-2026-05-20T07-41-04-176Z.zip","fileIndex":206,"postedChunks":4047,"streamedBytes":6991786}}
chunk-libs.ca58d924.js:127 [MasterGo2Figma] Layer chunk flush {"page":"agent客户端融合方案（0206） 1","path":"pages/page-001-agent客户端融合方案-0206/layers/layers-208.json","chunkIndex":208,"records":11,"bytes":54728,"processedNodes":5912,"transfer":{"transferId":"export-1779262864176-20266955175474455","filename":"mastergo2figma-partial-pages-part-001-of-001-segment-001-agent客户端融合方案（0206）-2026-05-20T07-41-04-176Z.zip","fileIndex":207,"postedChunks":4072,"streamedBytes":7045616}}
chunk-libs.ca58d924.js:127 [MasterGo2Figma] Layer chunk flush {"page":"agent客户端融合方案（0206） 1","path":"pages/page-001-agent客户端融合方案-0206/layers/layers-209.json","chunkIndex":209,"records":16,"bytes":52250,"processedNodes":5963,"transfer":{"transferId":"export-1779262864176-20266955175474455","filename":"mastergo2figma-partial-pages-part-001-of-001-segment-001-agent客户端融合方案（0206）-2026-05-20T07-41-04-176Z.zip","fileIndex":208,"postedChunks":4093,"streamedBytes":7100426}}
chunk-libs.ca58d924.js:127 [MasterGo2Figma] Layer chunk flush {"page":"agent客户端融合方案（0206） 1","path":"pages/page-001-agent客户端融合方案-0206/layers/layers-225.json","chunkIndex":225,"records":16,"bytes":50238,"processedNodes":6249,"transfer":{"transferId":"export-1779262864176-20266955175474455","filename":"mastergo2figma-partial-pages-part-001-of-001-segment-001-agent客户端融合方案（0206）-2026-05-20T07-41-04-176Z.zip","fileIndex":224,"postedChunks":4397,"streamedBytes":7586658}}
chunk-libs.ca58d924.js:127 [MasterGo2Figma] Layer chunk flush {"page":"agent客户端融合方案（0206） 1","path":"pages/page-001-agent客户端融合方案-0206/layers/layers-226.json","chunkIndex":226,"records":13,"bytes":58033,"processedNodes":6263,"transfer":{"transferId":"export-1779262864176-20266955175474455","filename":"mastergo2figma-partial-pages-part-001-of-001-segment-001-agent客户端融合方案（0206）-2026-05-20T07-41-04-176Z.zip","fileIndex":225,"postedChunks":4424,"streamedBytes":7636978}}
chunk-libs.ca58d924.js:127 [MasterGo2Figma] Layer chunk flush {"page":"agent客户端融合方案（0206） 1","path":"pages/page-001-agent客户端融合方案-0206/layers/layers-227.json","chunkIndex":227,"records":16,"bytes":62689,"processedNodes":6278,"transfer":{"transferId":"export-1779262864176-20266955175474455","filename":"mastergo2figma-partial-pages-part-001-of-001-segment-001-agent客户端融合方案（0206）-2026-05-20T07-41-04-176Z.zip","fileIndex":226,"postedChunks":4451,"streamedBytes":7695093}}
chunk-libs.ca58d924.js:127 [MasterGo2Figma] Layer chunk flush {"page":"agent客户端融合方案（0206） 1","path":"pages/page-001-agent客户端融合方案-0206/layers/layers-228.json","chunkIndex":228,"records":16,"bytes":49976,"processedNodes":6294,"transfer":{"transferId":"export-1779262864176-20266955175474455","filename":"mastergo2figma-partial-pages-part-001-of-001-segment-001-agent客户端融合方案（0206）-2026-05-20T07-41-04-176Z.zip","fileIndex":227,"postedChunks":4480,"streamedBytes":7757863}}
chunk-libs.ca58d924.js:127 [MasterGo2Figma] Layer chunk flush {"page":"agent客户端融合方案（0206） 1","path":"pages/page-001-agent客户端融合方案-0206/layers/layers-245.json","chunkIndex":245,"records":12,"bytes":62973,"processedNodes":6686,"transfer":{"transferId":"export-1779262864176-20266955175474455","filename":"mastergo2figma-partial-pages-part-001-of-001-segment-001-agent客户端融合方案（0206）-2026-05-20T07-41-04-176Z.zip","fileIndex":244,"postedChunks":4819,"streamedBytes":8345169}}
chunk-libs.ca58d924.js:127 [MasterGo2Figma] Layer chunk flush {"page":"agent客户端融合方案（0206） 1","path":"pages/page-001-agent客户端融合方案-0206/layers/layers-249.json","chunkIndex":249,"records":16,"bytes":53077,"processedNodes":6836,"transfer":{"transferId":"export-1779262864176-20266955175474455","filename":"mastergo2figma-partial-pages-part-001-of-001-segment-001-agent客户端融合方案（0206）-2026-05-20T07-41-04-176Z.zip","fileIndex":248,"postedChunks":4907,"streamedBytes":8528801}}
chunk-libs.ca58d924.js:127 [MasterGo2Figma] Layer chunk flush {"page":"agent客户端融合方案（0206） 1","path":"pages/page-001-agent客户端融合方案-0206/layers/layers-250.json","chunkIndex":250,"records":16,"bytes":31858,"processedNodes":6887,"transfer":{"transferId":"export-1779262864176-20266955175474455","filename":"mastergo2figma-partial-pages-part-001-of-001-segment-001-agent客户端融合方案（0206）-2026-05-20T07-41-04-176Z.zip","fileIndex":249,"postedChunks":4931,"streamedBytes":8581960}}
chunk-libs.ca58d924.js:127 [MasterGo2Figma] Layer chunk flush {"page":"agent客户端融合方案（0206） 1","path":"pages/page-001-agent客户端融合方案-0206/layers/layers-260.json","chunkIndex":260,"records":15,"bytes":54893,"processedNodes":7197,"transfer":{"transferId":"export-1779262864176-20266955175474455","filename":"mastergo2figma-partial-pages-part-001-of-001-segment-001-agent客户端融合方案（0206）-2026-05-20T07-41-04-176Z.zip","fileIndex":259,"postedChunks":5120,"streamedBytes":8889165}}
chunk-libs.ca58d924.js:127 [MasterGo2Figma] Layer chunk flush {"page":"agent客户端融合方案（0206） 1","path":"pages/page-001-agent客户端融合方案-0206/layers/layers-261.json","chunkIndex":261,"records":13,"bytes":64221,"processedNodes":7210,"transfer":{"transferId":"export-1779262864176-20266955175474455","filename":"mastergo2figma-partial-pages-part-001-of-001-segment-001-agent客户端融合方案（0206）-2026-05-20T07-41-04-176Z.zip","fileIndex":260,"postedChunks":5144,"streamedBytes":8944140}}
chunk-libs.ca58d924.js:127 [MasterGo2Figma] Layer chunk flush {"page":"agent客户端融合方案（0206） 1","path":"pages/page-001-agent客户端融合方案-0206/layers/layers-283.json","chunkIndex":283,"records":16,"bytes":60579,"processedNodes":7586,"transfer":{"transferId":"export-1779262864176-20266955175474455","filename":"mastergo2figma-partial-pages-part-001-of-001-segment-001-agent客户端融合方案（0206）-2026-05-20T07-41-04-176Z.zip","fileIndex":282,"postedChunks":5607,"streamedBytes":9740959}}
chunk-libs.ca58d924.js:127 [MasterGo2Figma] Layer chunk flush {"page":"agent客户端融合方案（0206） 1","path":"pages/page-001-agent客户端融合方案-0206/layers/layers-284.json","chunkIndex":284,"records":14,"bytes":61557,"processedNodes":7601,"transfer":{"transferId":"export-1779262864176-20266955175474455","filename":"mastergo2figma-partial-pages-part-001-of-001-segment-001-agent客户端融合方案（0206）-2026-05-20T07-41-04-176Z.zip","fileIndex":283,"postedChunks":5635,"streamedBytes":9801620}}
chunk-libs.ca58d924.js:127 [MasterGo2Figma] Layer chunk flush {"page":"agent客户端融合方案（0206） 1","path":"pages/page-001-agent客户端融合方案-0206/layers/layers-300.json","chunkIndex":300,"records":16,"bytes":27790,"processedNodes":7925,"transfer":{"transferId":"export-1779262864176-20266955175474455","filename":"mastergo2figma-partial-pages-part-001-of-001-segment-001-agent客户端融合方案（0206）-2026-05-20T07-41-04-176Z.zip","fileIndex":299,"postedChunks":5963,"streamedBytes":10373103}}
chunk-libs.ca58d924.js:127 [MasterGo2Figma] Layer chunk flush {"page":"agent客户端融合方案（0206） 1","path":"pages/page-001-agent客户端融合方案-0206/layers/layers-301.json","chunkIndex":301,"records":16,"bytes":56184,"processedNodes":7963,"transfer":{"transferId":"export-1779262864176-20266955175474455","filename":"mastergo2figma-partial-pages-part-001-of-001-segment-001-agent客户端融合方案（0206）-2026-05-20T07-41-04-176Z.zip","fileIndex":300,"postedChunks":5981,"streamedBytes":10400975}}
chunk-libs.ca58d924.js:127 [MasterGo2Figma] Layer chunk flush {"page":"agent客户端融合方案（0206） 1","path":"pages/page-001-agent客户端融合方案-0206/layers/layers-302.json","chunkIndex":302,"records":14,"bytes":62926,"processedNodes":7986,"transfer":{"transferId":"export-1779262864176-20266955175474455","filename":"mastergo2figma-partial-pages-part-001-of-001-segment-001-agent客户端融合方案（0206）-2026-05-20T07-41-04-176Z.zip","fileIndex":301,"postedChunks":6006,"streamedBytes":10457241}}
chunk-libs.ca58d924.js:127 [MasterGo2Figma] Layer chunk flush {"page":"agent客户端融合方案（0206） 1","path":"pages/page-001-agent客户端融合方案-0206/layers/layers-314.json","chunkIndex":314,"records":11,"bytes":54690,"processedNodes":8276,"transfer":{"transferId":"export-1779262864176-20266955175474455","filename":"mastergo2figma-partial-pages-part-001-of-001-segment-001-agent客户端融合方案（0206）-2026-05-20T07-41-04-176Z.zip","fileIndex":313,"postedChunks":6253,"streamedBytes":10908569}}
chunk-libs.ca58d924.js:127 [MasterGo2Figma] Layer chunk flush {"page":"agent客户端融合方案（0206） 1","path":"pages/page-001-agent客户端融合方案-0206/layers/layers-315.json","chunkIndex":315,"records":16,"bytes":53575,"processedNodes":8304,"transfer":{"transferId":"export-1779262864176-20266955175474455","filename":"mastergo2figma-partial-pages-part-001-of-001-segment-001-agent客户端融合方案（0206）-2026-05-20T07-41-04-176Z.zip","fileIndex":314,"postedChunks":6274,"streamedBytes":10963341}}
chunk-libs.ca58d924.js:127 [MasterGo2Figma] Layer chunk flush {"page":"agent客户端融合方案（0206） 1","path":"pages/page-001-agent客户端融合方案-0206/layers/layers-331.json","chunkIndex":331,"records":15,"bytes":54917,"processedNodes":8662,"transfer":{"transferId":"export-1779262864176-20266955175474455","filename":"mastergo2figma-partial-pages-part-001-of-001-segment-001-agent客户端融合方案（0206）-2026-05-20T07-41-04-176Z.zip","fileIndex":330,"postedChunks":6585,"streamedBytes":11489910}}
chunk-libs.ca58d924.js:127 [MasterGo2Figma] Layer chunk flush {"page":"agent客户端融合方案（0206） 1","path":"pages/page-001-agent客户端融合方案-0206/layers/layers-332.json","chunkIndex":332,"records":12,"bytes":63140,"processedNodes":8676,"transfer":{"transferId":"export-1779262864176-20266955175474455","filename":"mastergo2figma-partial-pages-part-001-of-001-segment-001-agent客户端融合方案（0206）-2026-05-20T07-41-04-176Z.zip","fileIndex":331,"postedChunks":6609,"streamedBytes":11544909}}
chunk-libs.ca58d924.js:127 [MasterGo2Figma] Layer chunk flush {"page":"agent客户端融合方案（0206） 1","path":"pages/page-001-agent客户端融合方案-0206/layers/layers-334.json","chunkIndex":334,"records":16,"bytes":51198,"processedNodes":8709,"transfer":{"transferId":"export-1779262864176-20266955175474455","filename":"mastergo2figma-partial-pages-part-001-of-001-segment-001-agent客户端融合方案（0206）-2026-05-20T07-41-04-176Z.zip","fileIndex":333,"postedChunks":6652,"streamedBytes":11630584}}
chunk-libs.ca58d924.js:127 [MasterGo2Figma] Layer chunk flush {"page":"agent客户端融合方案（0206） 1","path":"pages/page-001-agent客户端融合方案-0206/layers/layers-350.json","chunkIndex":350,"records":16,"bytes":25479,"processedNodes":8965,"transfer":{"transferId":"export-1779262864176-20266955175474455","filename":"mastergo2figma-partial-pages-part-001-of-001-segment-001-agent客户端融合方案（0206）-2026-05-20T07-41-04-176Z.zip","fileIndex":349,"postedChunks":6957,"streamedBytes":12101743}}
chunk-libs.ca58d924.js:127 [MasterGo2Figma] Layer chunk flush {"page":"agent客户端融合方案（0206） 1","path":"pages/page-001-agent客户端融合方案-0206/layers/layers-400.json","chunkIndex":400,"records":16,"bytes":24213,"processedNodes":9765,"transfer":{"transferId":"export-1779262864176-20266955175474455","filename":"mastergo2figma-partial-pages-part-001-of-001-segment-001-agent客户端融合方案（0206）-2026-05-20T07-41-04-176Z.zip","fileIndex":399,"postedChunks":7883,"streamedBytes":13453741}}
chunk-libs.ca58d924.js:127 [MasterGo2Figma] Layer chunk flush {"page":"agent客户端融合方案（0206） 1","path":"pages/page-001-agent客户端融合方案-0206/layers/layers-447.json","chunkIndex":447,"records":16,"bytes":54557,"processedNodes":10517,"transfer":{"transferId":"export-1779262864176-20266955175474455","filename":"mastergo2figma-partial-pages-part-001-of-001-segment-001-agent客户端融合方案（0206）-2026-05-20T07-41-04-176Z.zip","fileIndex":446,"postedChunks":8761,"streamedBytes":14795595}}
chunk-libs.ca58d924.js:127 [MasterGo2Figma] Layer chunk flush {"page":"agent客户端融合方案（0206） 1","path":"pages/page-001-agent客户端融合方案-0206/layers/layers-450.json","chunkIndex":450,"records":16,"bytes":25650,"processedNodes":10565,"transfer":{"transferId":"export-1779262864176-20266955175474455","filename":"mastergo2figma-partial-pages-part-001-of-001-segment-001-agent客户端融合方案（0206）-2026-05-20T07-41-04-176Z.zip","fileIndex":449,"postedChunks":8829,"streamedBytes":14923953}}
chunk-libs.ca58d924.js:127 [MasterGo2Figma] Layer chunk flush {"page":"agent客户端融合方案（0206） 1","path":"pages/page-001-agent客户端融合方案-0206/layers/layers-500.json","chunkIndex":500,"records":16,"bytes":27703,"processedNodes":11365,"transfer":{"transferId":"export-1779262864176-20266955175474455","filename":"mastergo2figma-partial-pages-part-001-of-001-segment-001-agent客户端融合方案（0206）-2026-05-20T07-41-04-176Z.zip","fileIndex":499,"postedChunks":9756,"streamedBytes":16292746}}
chunk-libs.ca58d924.js:127 [MasterGo2Figma] Layer chunk flush {"page":"agent客户端融合方案（0206） 1","path":"pages/page-001-agent客户端融合方案-0206/layers/layers-522.json","chunkIndex":522,"records":16,"bytes":50499,"processedNodes":11717,"transfer":{"transferId":"export-1779262864176-20266955175474455","filename":"mastergo2figma-partial-pages-part-001-of-001-segment-001-agent客户端融合方案（0206）-2026-05-20T07-41-04-176Z.zip","fileIndex":521,"postedChunks":10161,"streamedBytes":16895596}}
chunk-libs.ca58d924.js:127 [MasterGo2Figma] Split package complete 1/1 segment 1: /Users/wally/Downloads/MasterGo2Figma/mastergo2figma-relay-output/export-1779262864176-20266955175474455.zip, roots=105, layers=8288, files=571, bytes=26505744
chunk-libs.ca58d924.js:127 [MasterGo2Figma] Split package start 1/1 segment 2: agent客户端融合方案（0206）, roots=106-171
chunk-libs.ca58d924.js:127 [MasterGo2Figma] Split package detail {"pageIndex":1,"pageCount":1,"pageName":"agent客户端融合方案（0206）","segmentIndex":2,"startRootIndex":105,"remainingRootCount":66,"targetLayerCount":8000,"chunkMaxRecords":16,"chunkMaxBytes":65536,"transfer":{"transferId":"export-1779262952715-2661482808311326","filename":"mastergo2figma-partial-pages-part-001-of-001-segment-002-agent客户端融合方案（0206）-2026-05-20T07-42-32-714Z.zip","fileIndex":0,"postedChunks":0,"streamedBytes":0}}
chunk-libs.ca58d924.js:127 [MasterGo2Figma] Layer chunk flush {"page":"agent客户端融合方案（0206） 2","path":"pages/page-001-agent客户端融合方案-0206/layers/layers-001.json","chunkIndex":1,"records":16,"bytes":24779,"processedNodes":11745,"transfer":{"transferId":"export-1779262952715-2661482808311326","filename":"mastergo2figma-partial-pages-part-001-of-001-segment-002-agent客户端融合方案（0206）-2026-05-20T07-42-32-714Z.zip","fileIndex":0,"postedChunks":0,"streamedBytes":0}}
chunk-libs.ca58d924.js:127 [MasterGo2Figma] Layer chunk flush {"page":"agent客户端融合方案（0206） 2","path":"pages/page-001-agent客户端融合方案-0206/layers/layers-025.json","chunkIndex":25,"records":16,"bytes":49250,"processedNodes":12321,"transfer":{"transferId":"export-1779262952715-2661482808311326","filename":"mastergo2figma-partial-pages-part-001-of-001-segment-002-agent客户端融合方案（0206）-2026-05-20T07-42-32-714Z.zip","fileIndex":24,"postedChunks":450,"streamedBytes":682383}}
chunk-libs.ca58d924.js:127 [MasterGo2Figma] Layer chunk flush {"page":"agent客户端融合方案（0206） 2","path":"pages/page-001-agent客户端融合方案-0206/layers/layers-027.json","chunkIndex":27,"records":12,"bytes":62814,"processedNodes":12365,"transfer":{"transferId":"export-1779262952715-2661482808311326","filename":"mastergo2figma-partial-pages-part-001-of-001-segment-002-agent客户端融合方案（0206）-2026-05-20T07-42-32-714Z.zip","fileIndex":26,"postedChunks":491,"streamedBytes":773931}}
chunk-libs.ca58d924.js:127 [MasterGo2Figma] Layer chunk flush {"page":"agent客户端融合方案（0206） 2","path":"pages/page-001-agent客户端融合方案-0206/layers/layers-040.json","chunkIndex":40,"records":16,"bytes":63715,"processedNodes":12716,"transfer":{"transferId":"export-1779262952715-2661482808311326","filename":"mastergo2figma-partial-pages-part-001-of-001-segment-002-agent客户端融合方案（0206）-2026-05-20T07-42-32-714Z.zip","fileIndex":39,"postedChunks":737,"streamedBytes":1181852}}
chunk-libs.ca58d924.js:127 [MasterGo2Figma] Layer chunk flush {"page":"agent客户端融合方案（0206） 2","path":"pages/page-001-agent客户端融合方案-0206/layers/layers-050.json","chunkIndex":50,"records":16,"bytes":32577,"processedNodes":12995,"transfer":{"transferId":"export-1779262952715-2661482808311326","filename":"mastergo2figma-partial-pages-part-001-of-001-segment-002-agent客户端融合方案（0206）-2026-05-20T07-42-32-714Z.zip","fileIndex":49,"postedChunks":942,"streamedBytes":1549555}}
chunk-libs.ca58d924.js:127 [MasterGo2Figma] Layer chunk flush {"page":"agent客户端融合方案（0206） 2","path":"pages/page-001-agent客户端融合方案-0206/layers/layers-057.json","chunkIndex":57,"records":16,"bytes":50337,"processedNodes":13207,"transfer":{"transferId":"export-1779262952715-2661482808311326","filename":"mastergo2figma-partial-pages-part-001-of-001-segment-002-agent客户端融合方案（0206）-2026-05-20T07-42-32-714Z.zip","fileIndex":56,"postedChunks":1075,"streamedBytes":1757481}}
chunk-libs.ca58d924.js:127 [MasterGo2Figma] Layer chunk flush {"page":"agent客户端融合方案（0206） 2","path":"pages/page-001-agent客户端融合方案-0206/layers/layers-058.json","chunkIndex":58,"records":16,"bytes":61216,"processedNodes":13223,"transfer":{"transferId":"export-1779262952715-2661482808311326","filename":"mastergo2figma-partial-pages-part-001-of-001-segment-002-agent客户端融合方案（0206）-2026-05-20T07-42-32-714Z.zip","fileIndex":57,"postedChunks":1098,"streamedBytes":1807900}}
chunk-libs.ca58d924.js:127 [MasterGo2Figma] Layer chunk flush {"page":"agent客户端融合方案（0206） 2","path":"pages/page-001-agent客户端融合方案-0206/layers/layers-085.json","chunkIndex":85,"records":16,"bytes":50130,"processedNodes":13961,"transfer":{"transferId":"export-1779262952715-2661482808311326","filename":"mastergo2figma-partial-pages-part-001-of-001-segment-002-agent客户端融合方案（0206）-2026-05-20T07-42-32-714Z.zip","fileIndex":84,"postedChunks":1638,"streamedBytes":2761536}}
chunk-libs.ca58d924.js:127 [MasterGo2Figma] Layer chunk flush {"page":"agent客户端融合方案（0206） 2","path":"pages/page-001-agent客户端融合方案-0206/layers/layers-086.json","chunkIndex":86,"records":16,"bytes":63438,"processedNodes":13977,"transfer":{"transferId":"export-1779262952715-2661482808311326","filename":"mastergo2figma-partial-pages-part-001-of-001-segment-002-agent客户端融合方案（0206）-2026-05-20T07-42-32-714Z.zip","fileIndex":85,"postedChunks":1661,"streamedBytes":2811748}}
chunk-libs.ca58d924.js:127 [MasterGo2Figma] Layer chunk flush {"page":"agent客户端融合方案（0206） 2","path":"pages/page-001-agent客户端融合方案-0206/layers/layers-100.json","chunkIndex":100,"records":16,"bytes":30992,"processedNodes":14361,"transfer":{"transferId":"export-1779262952715-2661482808311326","filename":"mastergo2figma-partial-pages-part-001-of-001-segment-002-agent客户端融合方案（0206）-2026-05-20T07-42-32-714Z.zip","fileIndex":99,"postedChunks":1935,"streamedBytes":3270125}}
chunk-libs.ca58d924.js:127 [MasterGo2Figma] Layer chunk flush {"page":"agent客户端融合方案（0206） 2","path":"pages/page-001-agent客户端融合方案-0206/layers/layers-102.json","chunkIndex":102,"records":15,"bytes":62537,"processedNodes":14402,"transfer":{"transferId":"export-1779262952715-2661482808311326","filename":"mastergo2figma-partial-pages-part-001-of-001-segment-002-agent客户端融合方案（0206）-2026-05-20T07-42-32-714Z.zip","fileIndex":101,"postedChunks":1977,"streamedBytes":3350425}}
chunk-libs.ca58d924.js:127 [MasterGo2Figma] Layer chunk flush {"page":"agent客户端融合方案（0206） 2","path":"pages/page-001-agent客户端融合方案-0206/layers/layers-113.json","chunkIndex":113,"records":16,"bytes":58556,"processedNodes":14811,"transfer":{"transferId":"export-1779262952715-2661482808311326","filename":"mastergo2figma-partial-pages-part-001-of-001-segment-002-agent客户端融合方案（0206）-2026-05-20T07-42-32-714Z.zip","fileIndex":112,"postedChunks":2200,"streamedBytes":3756316}}
chunk-libs.ca58d924.js:127 [MasterGo2Figma] Layer chunk flush {"page":"agent客户端融合方案（0206） 2","path":"pages/page-001-agent客户端融合方案-0206/layers/layers-123.json","chunkIndex":123,"records":16,"bytes":51009,"processedNodes":15209,"transfer":{"transferId":"export-1779262952715-2661482808311326","filename":"mastergo2figma-partial-pages-part-001-of-001-segment-002-agent客户端融合方案（0206）-2026-05-20T07-42-32-714Z.zip","fileIndex":122,"postedChunks":2402,"streamedBytes":4117406}}
chunk-libs.ca58d924.js:127 [MasterGo2Figma] Layer chunk flush {"page":"agent客户端融合方案（0206） 2","path":"pages/page-001-agent客户端融合方案-0206/layers/layers-130.json","chunkIndex":130,"records":16,"bytes":50513,"processedNodes":15435,"transfer":{"transferId":"export-1779262952715-2661482808311326","filename":"mastergo2figma-partial-pages-part-001-of-001-segment-002-agent客户端融合方案（0206）-2026-05-20T07-42-32-714Z.zip","fileIndex":129,"postedChunks":2545,"streamedBytes":4365546}}
chunk-libs.ca58d924.js:127 [MasterGo2Figma] Transfer file failed {"error":{"name":"InternalError","message":"out of memory","stack":"[Stack Hidden]"},"file":{"path":"pages/page-001-agent客户端融合方案-0206/layers/layers-140.json","kind":"content","index":139,"size":28941,"started":true,"ended":false},"debugState":{"phase":"transfer:content-chunk","file":"pages/page-001-agent客户端融合方案-0206/layers/layers-140.json","transferId":"export-1779262952715-2661482808311326","fileIndex":139,"chunkIndex":10,"fileSize":28941,"streamedBytes":4703170,"processedNodes":15679,"totalNodes":0}}
(anonymous) @ chunk-libs.ca58d924.js:127
(anonymous) @ app.cbca4f39.js:1
(anonymous) @ vendors~mg-plugin.3cc39455.js:1
A.withScope @ vendors~mg-plugin.3cc39455.js:1
A.cToHostCallbackFunction @ vendors~mg-plugin.3cc39455.js:1
A.cToHostCallbackFunction @ vendors~mg-plugin.3cc39455.js:1
$func806 @ 00284a2a:0x856b8
$func573 @ 00284a2a:0x6b75e
$func24 @ 00284a2a:0x3404
$func24 @ 00284a2a:0x5327
$func24 @ 00284a2a:0x51b1
$func556 @ 00284a2a:0x6a4c2
$func562 @ 00284a2a:0x6ac14
$func24 @ 00284a2a:0x3404
$func24 @ 00284a2a:0x5327
$func712 @ 00284a2a:0x7c38d
$X @ 00284a2a:0x7def0
E._QTS_ExecutePendingJob @ vendors~mg-plugin.3cc39455.js:1
A.executePendingJobs @ vendors~mg-plugin.3cc39455.js:1
(anonymous) @ app.cbca4f39.js:1
Promise.then (async)
executePendingJobs @ app.cbca4f39.js:1
(anonymous) @ app.cbca4f39.js:1
i @ chunk-libs.ca58d924.js:5
setTimeout (async)
(anonymous) @ chunk-libs.ca58d924.js:5
(anonymous) @ app.cbca4f39.js:1
(anonymous) @ vendors~mg-plugin.3cc39455.js:1
A.withScope @ vendors~mg-plugin.3cc39455.js:1
A.cToHostCallbackFunction @ vendors~mg-plugin.3cc39455.js:1
A.cToHostCallbackFunction @ vendors~mg-plugin.3cc39455.js:1
$func806 @ 00284a2a:0x856b8
$func573 @ 00284a2a:0x6b75e
$func24 @ 00284a2a:0x3404
$func24 @ 00284a2a:0x51b1
$func457 @ 00284a2a:0x609f5
$func562 @ 00284a2a:0x6ac4e
$func83 @ 00284a2a:0x16013
$func24 @ 00284a2a:0x5271
$func24 @ 00284a2a:0x51b1
$func556 @ 00284a2a:0x6a4c2
$func562 @ 00284a2a:0x6ac14
$func24 @ 00284a2a:0x3404
$func24 @ 00284a2a:0x5327
$func457 @ 00284a2a:0x609f5
$func562 @ 00284a2a:0x6ac4e
$func83 @ 00284a2a:0x16013
$func24 @ 00284a2a:0x5271
$func24 @ 00284a2a:0x51b1
$func24 @ 00284a2a:0x51b1
$func556 @ 00284a2a:0x6a4c2
$func562 @ 00284a2a:0x6ac14
$func24 @ 00284a2a:0x3404
$func24 @ 00284a2a:0x5327
$func712 @ 00284a2a:0x7c38d
$X @ 00284a2a:0x7def0
E._QTS_ExecutePendingJob @ vendors~mg-plugin.3cc39455.js:1
A.executePendingJobs @ vendors~mg-plugin.3cc39455.js:1
(anonymous) @ app.cbca4f39.js:1
Promise.then (async)
executePendingJobs @ app.cbca4f39.js:1
(anonymous) @ app.cbca4f39.js:1
Promise.finally (async)
(anonymous) @ app.cbca4f39.js:1
(anonymous) @ app.cbca4f39.js:14
(anonymous) @ vendors~mg-plugin.3cc39455.js:1
A.withScope @ vendors~mg-plugin.3cc39455.js:1
A.cToHostCallbackFunction @ vendors~mg-plugin.3cc39455.js:1
A.cToHostCallbackFunction @ vendors~mg-plugin.3cc39455.js:1
$func806 @ 00284a2a:0x856b8
$func573 @ 00284a2a:0x6b75e
$func24 @ 00284a2a:0x3404
$func24 @ 00284a2a:0x5327
$func556 @ 00284a2a:0x6a4c2
$func562 @ 00284a2a:0x6ac14
$func24 @ 00284a2a:0x3404
$func24 @ 00284a2a:0x5327
$func457 @ 00284a2a:0x609f5
$func562 @ 00284a2a:0x6ac4e
$func83 @ 00284a2a:0x16013
$func24 @ 00284a2a:0x5271
$func24 @ 00284a2a:0x51b1
$func24 @ 00284a2a:0x51b1
$func556 @ 00284a2a:0x6a4c2
$func562 @ 00284a2a:0x6ac14
$func24 @ 00284a2a:0x3404
$func24 @ 00284a2a:0x5327
$func457 @ 00284a2a:0x609f5
$func562 @ 00284a2a:0x6ac4e
$func83 @ 00284a2a:0x16013
$func24 @ 00284a2a:0x5271
$func24 @ 00284a2a:0x51b1
$func24 @ 00284a2a:0x51b1
$func556 @ 00284a2a:0x6a4c2
$func562 @ 00284a2a:0x6ac14
$func24 @ 00284a2a:0x3404
$func24 @ 00284a2a:0x5327
$func457 @ 00284a2a:0x609f5
$func562 @ 00284a2a:0x6ac4e
$func83 @ 00284a2a:0x16013
$func24 @ 00284a2a:0x5271
$func24 @ 00284a2a:0x51b1
$func24 @ 00284a2a:0x51b1
$func556 @ 00284a2a:0x6a4c2
$func562 @ 00284a2a:0x6ac14
$func24 @ 00284a2a:0x3404
$func24 @ 00284a2a:0x5327
$func457 @ 00284a2a:0x609f5
$func562 @ 00284a2a:0x6ac4e
$func83 @ 00284a2a:0x16013
$func24 @ 00284a2a:0x5271
$func24 @ 00284a2a:0x51b1
$func24 @ 00284a2a:0x51b1
$func556 @ 00284a2a:0x6a4c2
$func562 @ 00284a2a:0x6ac14
$func24 @ 00284a2a:0x3404
$func24 @ 00284a2a:0x5327
$func712 @ 00284a2a:0x7c38d
$X @ 00284a2a:0x7def0
E._QTS_ExecutePendingJob @ vendors~mg-plugin.3cc39455.js:1
A.executePendingJobs @ vendors~mg-plugin.3cc39455.js:1
(anonymous) @ app.cbca4f39.js:1
Promise.then (async)
executePendingJobs @ app.cbca4f39.js:1
i @ app.cbca4f39.js:1
c @ app.cbca4f39.js:1
Ns.handlePluginMessage @ app.cbca4f39.js:1
i @ chunk-libs.ca58d924.js:5
postMessage (async)
(anonymous) @ plugin-sandbox.html:26
postMessage (async)
send @ VM293:31
acknowledgeLocalRelayFile @ VM293:536
await in acknowledgeLocalRelayFile (async)
window.onmessage @ VM293:891
postMessage (async)
postMessage @ app.cbca4f39.js:1
(anonymous) @ app.cbca4f39.js:1
(anonymous) @ app.cbca4f39.js:14
(anonymous) @ vendors~mg-plugin.3cc39455.js:1
A.withScope @ vendors~mg-plugin.3cc39455.js:1
A.cToHostCallbackFunction @ vendors~mg-plugin.3cc39455.js:1
A.cToHostCallbackFunction @ vendors~mg-plugin.3cc39455.js:1
$func806 @ 00284a2a:0x856b8
$func573 @ 00284a2a:0x6b75e
$func24 @ 00284a2a:0x3404
$func24 @ 00284a2a:0x5327
$func24 @ 00284a2a:0x51b1
$func556 @ 00284a2a:0x6a4c2
$func562 @ 00284a2a:0x6ac14
$func24 @ 00284a2a:0x3404
$func24 @ 00284a2a:0x5327
$func712 @ 00284a2a:0x7c38d
$X @ 00284a2a:0x7def0
E._QTS_ExecutePendingJob @ vendors~mg-plugin.3cc39455.js:1
A.executePendingJobs @ vendors~mg-plugin.3cc39455.js:1
(anonymous) @ app.cbca4f39.js:1
Promise.then (async)
executePendingJobs @ app.cbca4f39.js:1
(anonymous) @ app.cbca4f39.js:1
Promise.finally (async)
(anonymous) @ app.cbca4f39.js:1
(anonymous) @ app.cbca4f39.js:14
(anonymous) @ vendors~mg-plugin.3cc39455.js:1
A.withScope @ vendors~mg-plugin.3cc39455.js:1
A.cToHostCallbackFunction @ vendors~mg-plugin.3cc39455.js:1
A.cToHostCallbackFunction @ vendors~mg-plugin.3cc39455.js:1
$func806 @ 00284a2a:0x856b8
$func573 @ 00284a2a:0x6b75e
$func24 @ 00284a2a:0x3404
$func24 @ 00284a2a:0x5327
$func556 @ 00284a2a:0x6a4c2
$func562 @ 00284a2a:0x6ac14
$func24 @ 00284a2a:0x3404
$func24 @ 00284a2a:0x5327
$func457 @ 00284a2a:0x609f5
$func562 @ 00284a2a:0x6ac4e
$func83 @ 00284a2a:0x16013
$func24 @ 00284a2a:0x5271
$func24 @ 00284a2a:0x51b1
$func24 @ 00284a2a:0x51b1
$func556 @ 00284a2a:0x6a4c2
$func562 @ 00284a2a:0x6ac14
$func24 @ 00284a2a:0x3404
$func24 @ 00284a2a:0x5327
$func457 @ 00284a2a:0x609f5
$func562 @ 00284a2a:0x6ac4e
$func83 @ 00284a2a:0x16013
$func24 @ 00284a2a:0x5271
$func24 @ 00284a2a:0x51b1
$func24 @ 00284a2a:0x51b1
$func556 @ 00284a2a:0x6a4c2
$func562 @ 00284a2a:0x6ac14
$func24 @ 00284a2a:0x3404
$func24 @ 00284a2a:0x5327
$func457 @ 00284a2a:0x609f5
$func562 @ 00284a2a:0x6ac4e
$func83 @ 00284a2a:0x16013
$func24 @ 00284a2a:0x5271
$func24 @ 00284a2a:0x51b1
$func24 @ 00284a2a:0x51b1
$func556 @ 00284a2a:0x6a4c2
$func562 @ 00284a2a:0x6ac14
$func24 @ 00284a2a:0x3404
$func24 @ 00284a2a:0x5327
$func457 @ 00284a2a:0x609f5
$func562 @ 00284a2a:0x6ac4e
$func83 @ 00284a2a:0x16013
$func24 @ 00284a2a:0x5271
$func24 @ 00284a2a:0x51b1
$func24 @ 00284a2a:0x51b1
$func556 @ 00284a2a:0x6a4c2
$func562 @ 00284a2a:0x6ac14
$func24 @ 00284a2a:0x3404
$func24 @ 00284a2a:0x5327
$func712 @ 00284a2a:0x7c38d
$X @ 00284a2a:0x7def0
E._QTS_ExecutePendingJob @ vendors~mg-plugin.3cc39455.js:1
A.executePendingJobs @ vendors~mg-plugin.3cc39455.js:1
(anonymous) @ app.cbca4f39.js:1
Promise.then (async)
executePendingJobs @ app.cbca4f39.js:1
(anonymous) @ app.cbca4f39.js:1
i @ chunk-libs.ca58d924.js:5
setTimeout (async)
(anonymous) @ chunk-libs.ca58d924.js:5
(anonymous) @ app.cbca4f39.js:1
(anonymous) @ vendors~mg-plugin.3cc39455.js:1
A.withScope @ vendors~mg-plugin.3cc39455.js:1
A.cToHostCallbackFunction @ vendors~mg-plugin.3cc39455.js:1
A.cToHostCallbackFunction @ vendors~mg-plugin.3cc39455.js:1
$func806 @ 00284a2a:0x856b8
$func573 @ 00284a2a:0x6b75e
$func24 @ 00284a2a:0x3404
$func24 @ 00284a2a:0x51b1
$func457 @ 00284a2a:0x609f5
$func562 @ 00284a2a:0x6ac4e
$func83 @ 00284a2a:0x16013
$func24 @ 00284a2a:0x5271
$func24 @ 00284a2a:0x51b1
$func556 @ 00284a2a:0x6a4c2
$func562 @ 00284a2a:0x6ac14
$func24 @ 00284a2a:0x3404
$func24 @ 00284a2a:0x5327
$func457 @ 00284a2a:0x609f5
$func562 @ 00284a2a:0x6ac4e
$func83 @ 00284a2a:0x16013
$func24 @ 00284a2a:0x5271
$func24 @ 00284a2a:0x51b1
$func24 @ 00284a2a:0x51b1
$func556 @ 00284a2a:0x6a4c2
$func562 @ 00284a2a:0x6ac14
$func24 @ 00284a2a:0x3404
$func24 @ 00284a2a:0x5327
$func712 @ 00284a2a:0x7c38d
$X @ 00284a2a:0x7def0
E._QTS_ExecutePendingJob @ vendors~mg-plugin.3cc39455.js:1
A.executePendingJobs @ vendors~mg-plugin.3cc39455.js:1
(anonymous) @ app.cbca4f39.js:1
Promise.then (async)
executePendingJobs @ app.cbca4f39.js:1
i @ app.cbca4f39.js:1
c @ app.cbca4f39.js:1
Ns.handlePluginMessage @ app.cbca4f39.js:1
i @ chunk-libs.ca58d924.js:5
postMessage (async)
(anonymous) @ plugin-sandbox.html:26
postMessage (async)
send @ VM293:31
acknowledgeLocalRelayFile @ VM293:536
await in acknowledgeLocalRelayFile (async)
window.onmessage @ VM293:891
postMessage (async)
postMessage @ app.cbca4f39.js:1
(anonymous) @ app.cbca4f39.js:1
(anonymous) @ app.cbca4f39.js:14
(anonymous) @ vendors~mg-plugin.3cc39455.js:1
A.withScope @ vendors~mg-plugin.3cc39455.js:1
A.cToHostCallbackFunction @ vendors~mg-plugin.3cc39455.js:1
A.cToHostCallbackFunction @ vendors~mg-plugin.3cc39455.js:1
$func806 @ 00284a2a:0x856b8
$func573 @ 00284a2a:0x6b75e
$func24 @ 00284a2a:0x3404
$func24 @ 00284a2a:0x5327
$func24 @ 00284a2a:0x51b1
$func556 @ 00284a2a:0x6a4c2
$func562 @ 00284a2a:0x6ac14
$func24 @ 00284a2a:0x3404
$func24 @ 00284a2a:0x5327
$func712 @ 00284a2a:0x7c38d
$X @ 00284a2a:0x7def0
E._QTS_ExecutePendingJob @ vendors~mg-plugin.3cc39455.js:1
A.executePendingJobs @ vendors~mg-plugin.3cc39455.js:1
(anonymous) @ app.cbca4f39.js:1
Promise.then (async)
executePendingJobs @ app.cbca4f39.js:1
(anonymous) @ app.cbca4f39.js:1
i @ chunk-libs.ca58d924.js:5
setTimeout (async)
(anonymous) @ chunk-libs.ca58d924.js:5
(anonymous) @ app.cbca4f39.js:1
(anonymous) @ vendors~mg-plugin.3cc39455.js:1
A.withScope @ vendors~mg-plugin.3cc39455.js:1
A.cToHostCallbackFunction @ vendors~mg-plugin.3cc39455.js:1
A.cToHostCallbackFunction @ vendors~mg-plugin.3cc39455.js:1
$func806 @ 00284a2a:0x856b8
$func573 @ 00284a2a:0x6b75e
$func24 @ 00284a2a:0x3404
$func24 @ 00284a2a:0x51b1
$func457 @ 00284a2a:0x609f5
$func562 @ 00284a2a:0x6ac4e
$func83 @ 00284a2a:0x16013
$func24 @ 00284a2a:0x5271
$func24 @ 00284a2a:0x51b1
$func556 @ 00284a2a:0x6a4c2
$func562 @ 00284a2a:0x6ac14
$func24 @ 00284a2a:0x3404
$func24 @ 00284a2a:0x5327
$func457 @ 00284a2a:0x609f5
$func562 @ 00284a2a:0x6ac4e
$func83 @ 00284a2a:0x16013
$func24 @ 00284a2a:0x5271
$func24 @ 00284a2a:0x51b1
$func24 @ 00284a2a:0x51b1
$func556 @ 00284a2a:0x6a4c2
$func562 @ 00284a2a:0x6ac14
$func24 @ 00284a2a:0x3404
$func24 @ 00284a2a:0x5327
$func712 @ 00284a2a:0x7c38d
$X @ 00284a2a:0x7def0
E._QTS_ExecutePendingJob @ vendors~mg-plugin.3cc39455.js:1
A.executePendingJobs @ vendors~mg-plugin.3cc39455.js:1
(anonymous) @ app.cbca4f39.js:1
Promise.then (async)
executePendingJobs @ app.cbca4f39.js:1
(anonymous) @ app.cbca4f39.js:1
Promise.finally (async)
(anonymous) @ app.cbca4f39.js:1
(anonymous) @ app.cbca4f39.js:14
(anonymous) @ vendors~mg-plugin.3cc39455.js:1
A.withScope @ vendors~mg-plugin.3cc39455.js:1
A.cToHostCallbackFunction @ vendors~mg-plugin.3cc39455.js:1
A.cToHostCallbackFunction @ vendors~mg-plugin.3cc39455.js:1
$func806 @ 00284a2a:0x856b8
$func573 @ 00284a2a:0x6b75e
$func24 @ 00284a2a:0x3404
$func24 @ 00284a2a:0x5327
$func556 @ 00284a2a:0x6a4c2
$func562 @ 00284a2a:0x6ac14
$func24 @ 00284a2a:0x3404
$func24 @ 00284a2a:0x5327
$func457 @ 00284a2a:0x609f5
$func562 @ 00284a2a:0x6ac4e
$func83 @ 00284a2a:0x16013
$func24 @ 00284a2a:0x5271
$func24 @ 00284a2a:0x51b1
$func24 @ 00284a2a:0x51b1
$func556 @ 00284a2a:0x6a4c2
$func562 @ 00284a2a:0x6ac14
$func24 @ 00284a2a:0x3404
$func24 @ 00284a2a:0x5327
$func457 @ 00284a2a:0x609f5
$func562 @ 00284a2a:0x6ac4e
$func83 @ 00284a2a:0x16013
$func24 @ 00284a2a:0x5271
$func24 @ 00284a2a:0x51b1
$func24 @ 00284a2a:0x51b1
$func556 @ 00284a2a:0x6a4c2
$func562 @ 00284a2a:0x6ac14
$func24 @ 00284a2a:0x3404
$func24 @ 00284a2a:0x5327
$func457 @ 00284a2a:0x609f5
$func562 @ 00284a2a:0x6ac4e
$func83 @ 00284a2a:0x16013
$func24 @ 00284a2a:0x5271
$func24 @ 00284a2a:0x51b1
$func24 @ 00284a2a:0x51b1
$func556 @ 00284a2a:0x6a4c2
$func562 @ 00284a2a:0x6ac14
$func24 @ 00284a2a:0x3404
$func24 @ 00284a2a:0x5327
$func457 @ 00284a2a:0x609f5
$func562 @ 00284a2a:0x6ac4e
$func83 @ 00284a2a:0x16013
$func24 @ 00284a2a:0x5271
$func24 @ 00284a2a:0x51b1
$func24 @ 00284a2a:0x51b1
$func556 @ 00284a2a:0x6a4c2
$func562 @ 00284a2a:0x6ac14
$func24 @ 00284a2a:0x3404
$func24 @ 00284a2a:0x5327
$func712 @ 00284a2a:0x7c38d
$X @ 00284a2a:0x7def0
E._QTS_ExecutePendingJob @ vendors~mg-plugin.3cc39455.js:1
A.executePendingJobs @ vendors~mg-plugin.3cc39455.js:1
(anonymous) @ app.cbca4f39.js:1
Promise.then (async)
executePendingJobs @ app.cbca4f39.js:1
(anonymous) @ app.cbca4f39.js:1
Promise.finally (async)
(anonymous) @ app.cbca4f39.js:1
(anonymous) @ app.cbca4f39.js:14
(anonymous) @ vendors~mg-plugin.3cc39455.js:1
A.withScope @ vendors~mg-plugin.3cc39455.js:1
A.cToHostCallbackFunction @ vendors~mg-plugin.3cc39455.js:1
A.cToHostCallbackFunction @ vendors~mg-plugin.3cc39455.js:1
$func806 @ 00284a2a:0x856b8
$func573 @ 00284a2a:0x6b75e
$func24 @ 00284a2a:0x3404
$func24 @ 00284a2a:0x5327
$func556 @ 00284a2a:0x6a4c2
$func562 @ 00284a2a:0x6ac14
$func24 @ 00284a2a:0x3404
$func24 @ 00284a2a:0x5327
$func457 @ 00284a2a:0x609f5
$func562 @ 00284a2a:0x6ac4e
$func83 @ 00284a2a:0x16013
$func24 @ 00284a2a:0x5271
$func24 @ 00284a2a:0x51b1
$func24 @ 00284a2a:0x51b1
$func556 @ 00284a2a:0x6a4c2
$func562 @ 00284a2a:0x6ac14
$func24 @ 00284a2a:0x3404
$func24 @ 00284a2a:0x5327
$func457 @ 00284a2a:0x609f5
$func562 @ 00284a2a:0x6ac4e
$func83 @ 00284a2a:0x16013
$func24 @ 00284a2a:0x5271
$func24 @ 00284a2a:0x51b1
$func24 @ 00284a2a:0x51b1
$func556 @ 00284a2a:0x6a4c2
$func562 @ 00284a2a:0x6ac14
$func24 @ 00284a2a:0x3404
$func24 @ 00284a2a:0x5327
$func457 @ 00284a2a:0x609f5
$func562 @ 00284a2a:0x6ac4e
$func83 @ 00284a2a:0x16013
$func24 @ 00284a2a:0x5271
$func24 @ 00284a2a:0x51b1
$func24 @ 00284a2a:0x51b1
$func556 @ 00284a2a:0x6a4c2
$func562 @ 00284a2a:0x6ac14
$func24 @ 00284a2a:0x3404
$func24 @ 00284a2a:0x5327
$func457 @ 00284a2a:0x609f5
$func562 @ 00284a2a:0x6ac4e
$func83 @ 00284a2a:0x16013
$func24 @ 00284a2a:0x5271
$func24 @ 00284a2a:0x51b1
$func24 @ 00284a2a:0x51b1
$func556 @ 00284a2a:0x6a4c2
$func562 @ 00284a2a:0x6ac14
$func24 @ 00284a2a:0x3404
$func24 @ 00284a2a:0x5327
$func712 @ 00284a2a:0x7c38d
$X @ 00284a2a:0x7def0
E._QTS_ExecutePendingJob @ vendors~mg-plugin.3cc39455.js:1
A.executePendingJobs @ vendors~mg-plugin.3cc39455.js:1
(anonymous) @ app.cbca4f39.js:1
Promise.then (async)
executePendingJobs @ app.cbca4f39.js:1
(anonymous) @ app.cbca4f39.js:1
Promise.finally (async)
(anonymous) @ app.cbca4f39.js:1
(anonymous) @ app.cbca4f39.js:14
(anonymous) @ vendors~mg-plugin.3cc39455.js:1
A.withScope @ vendors~mg-plugin.3cc39455.js:1
A.cToHostCallbackFunction @ vendors~mg-plugin.3cc39455.js:1
A.cToHostCallbackFunction @ vendors~mg-plugin.3cc39455.js:1
$func806 @ 00284a2a:0x856b8
$func573 @ 00284a2a:0x6b75e
$func24 @ 00284a2a:0x3404
$func24 @ 00284a2a:0x5327
$func556 @ 00284a2a:0x6a4c2
$func562 @ 00284a2a:0x6ac14
$func24 @ 00284a2a:0x3404
$func24 @ 00284a2a:0x5327
$func457 @ 00284a2a:0x609f5
$func562 @ 00284a2a:0x6ac4e
$func83 @ 00284a2a:0x16013
$func24 @ 00284a2a:0x5271
$func24 @ 00284a2a:0x51b1
$func24 @ 00284a2a:0x51b1
$func556 @ 00284a2a:0x6a4c2
$func562 @ 00284a2a:0x6ac14
$func24 @ 00284a2a:0x3404
$func24 @ 00284a2a:0x5327
$func457 @ 00284a2a:0x609f5
$func562 @ 00284a2a:0x6ac4e
$func83 @ 00284a2a:0x16013
$func24 @ 00284a2a:0x5271
$func24 @ 00284a2a:0x51b1
$func24 @ 00284a2a:0x51b1
$func556 @ 00284a2a:0x6a4c2
$func562 @ 00284a2a:0x6ac14
$func24 @ 00284a2a:0x3404
$func24 @ 00284a2a:0x5327
$func457 @ 00284a2a:0x609f5
$func562 @ 00284a2a:0x6ac4e
$func83 @ 00284a2a:0x16013
$func24 @ 00284a2a:0x5271
$func24 @ 00284a2a:0x51b1
$func24 @ 00284a2a:0x51b1
$func556 @ 00284a2a:0x6a4c2
$func562 @ 00284a2a:0x6ac14
$func24 @ 00284a2a:0x3404
$func24 @ 00284a2a:0x5327
$func457 @ 00284a2a:0x609f5
$func562 @ 00284a2a:0x6ac4e
$func83 @ 00284a2a:0x16013
$func24 @ 00284a2a:0x5271
$func24 @ 00284a2a:0x51b1
$func24 @ 00284a2a:0x51b1
$func556 @ 00284a2a:0x6a4c2
$func562 @ 00284a2a:0x6ac14
$func24 @ 00284a2a:0x3404
$func24 @ 00284a2a:0x5327
$func712 @ 00284a2a:0x7c38d
$X @ 00284a2a:0x7def0
E._QTS_ExecutePendingJob @ vendors~mg-plugin.3cc39455.js:1
A.executePendingJobs @ vendors~mg-plugin.3cc39455.js:1
(anonymous) @ app.cbca4f39.js:1
Promise.then (async)
executePendingJobs @ app.cbca4f39.js:1
(anonymous) @ app.cbca4f39.js:1
Promise.finally (async)
(anonymous) @ app.cbca4f39.js:1
(anonymous) @ app.cbca4f39.js:14
(anonymous) @ vendors~mg-plugin.3cc39455.js:1
A.withScope @ vendors~mg-plugin.3cc39455.js:1
A.cToHostCallbackFunction @ vendors~mg-plugin.3cc39455.js:1
A.cToHostCallbackFunction @ vendors~mg-plugin.3cc39455.js:1
$func806 @ 00284a2a:0x856b8
$func573 @ 00284a2a:0x6b75e
$func24 @ 00284a2a:0x3404
$func24 @ 00284a2a:0x5327
$func556 @ 00284a2a:0x6a4c2
$func562 @ 00284a2a:0x6ac14
$func24 @ 00284a2a:0x3404
$func24 @ 00284a2a:0x5327
$func457 @ 00284a2a:0x609f5
$func562 @ 00284a2a:0x6ac4e
$func83 @ 00284a2a:0x16013
$func24 @ 00284a2a:0x5271
$func24 @ 00284a2a:0x51b1
$func24 @ 00284a2a:0x51b1
$func556 @ 00284a2a:0x6a4c2
$func562 @ 00284a2a:0x6ac14
$func24 @ 00284a2a:0x3404
$func24 @ 00284a2a:0x5327
$func457 @ 00284a2a:0x609f5
$func562 @ 00284a2a:0x6ac4e
$func83 @ 00284a2a:0x16013
$func24 @ 00284a2a:0x5271
$func24 @ 00284a2a:0x51b1
$func24 @ 00284a2a:0x51b1
$func556 @ 00284a2a:0x6a4c2
$func562 @ 00284a2a:0x6ac14
$func24 @ 00284a2a:0x3404
$func24 @ 00284a2a:0x5327
$func457 @ 00284a2a:0x609f5
$func562 @ 00284a2a:0x6ac4e
$func83 @ 00284a2a:0x16013
$func24 @ 00284a2a:0x5271
$func24 @ 00284a2a:0x51b1
$func24 @ 00284a2a:0x51b1
$func556 @ 00284a2a:0x6a4c2
$func562 @ 00284a2a:0x6ac14
$func24 @ 00284a2a:0x3404
$func24 @ 00284a2a:0x5327
$func457 @ 00284a2a:0x609f5
$func562 @ 00284a2a:0x6ac4e
$func83 @ 00284a2a:0x16013
$func24 @ 00284a2a:0x5271
$func24 @ 00284a2a:0x51b1
$func24 @ 00284a2a:0x51b1
$func556 @ 00284a2a:0x6a4c2
$func562 @ 00284a2a:0x6ac14
$func24 @ 00284a2a:0x3404
$func24 @ 00284a2a:0x5327
$func712 @ 00284a2a:0x7c38d
$X @ 00284a2a:0x7def0
E._QTS_ExecutePendingJob @ vendors~mg-plugin.3cc39455.js:1
A.executePendingJobs @ vendors~mg-plugin.3cc39455.js:1
(anonymous) @ app.cbca4f39.js:1
Promise.then (async)
executePendingJobs @ app.cbca4f39.js:1
(anonymous) @ app.cbca4f39.js:1
Promise.finally (async)
(anonymous) @ app.cbca4f39.js:1
(anonymous) @ app.cbca4f39.js:14
(anonymous) @ vendors~mg-plugin.3cc39455.js:1
A.withScope @ vendors~mg-plugin.3cc39455.js:1
A.cToHostCallbackFunction @ vendors~mg-plugin.3cc39455.js:1
A.cToHostCallbackFunction @ vendors~mg-plugin.3cc39455.js:1
$func806 @ 00284a2a:0x856b8
$func573 @ 00284a2a:0x6b75e
$func24 @ 00284a2a:0x3404
$func24 @ 00284a2a:0x5327
$func556 @ 00284a2a:0x6a4c2
$func562 @ 00284a2a:0x6ac14
$func24 @ 00284a2a:0x3404
$func24 @ 00284a2a:0x5327
$func457 @ 00284a2a:0x609f5
$func562 @ 00284a2a:0x6ac4e
$func83 @ 00284a2a:0x16013
$func24 @ 00284a2a:0x5271
$func24 @ 00284a2a:0x51b1
$func24 @ 00284a2a:0x51b1
$func556 @ 00284a2a:0x6a4c2
$func562 @ 00284a2a:0x6ac14
$func24 @ 00284a2a:0x3404
$func24 @ 00284a2a:0x5327
$func457 @ 00284a2a:0x609f5
$func562 @ 00284a2a:0x6ac4e
$func83 @ 00284a2a:0x16013
$func24 @ 00284a2a:0x5271
$func24 @ 00284a2a:0x51b1
$func24 @ 00284a2a:0x51b1
$func556 @ 00284a2a:0x6a4c2
$func562 @ 00284a2a:0x6ac14
$func24 @ 00284a2a:0x3404
$func24 @ 00284a2a:0x5327
$func457 @ 00284a2a:0x609f5
$func562 @ 00284a2a:0x6ac4e
$func83 @ 00284a2a:0x16013
$func24 @ 00284a2a:0x5271
$func24 @ 00284a2a:0x51b1
$func24 @ 00284a2a:0x51b1
$func556 @ 00284a2a:0x6a4c2
$func562 @ 00284a2a:0x6ac14
$func24 @ 00284a2a:0x3404
$func24 @ 00284a2a:0x5327
$func457 @ 00284a2a:0x609f5
$func562 @ 00284a2a:0x6ac4e
$func83 @ 00284a2a:0x16013
$func24 @ 00284a2a:0x5271
$func24 @ 00284a2a:0x51b1
$func24 @ 00284a2a:0x51b1
$func556 @ 00284a2a:0x6a4c2
$func562 @ 00284a2a:0x6ac14
$func24 @ 00284a2a:0x3404
$func24 @ 00284a2a:0x5327
$func712 @ 00284a2a:0x7c38d
$X @ 00284a2a:0x7def0
E._QTS_ExecutePendingJob @ vendors~mg-plugin.3cc39455.js:1
A.executePendingJobs @ vendors~mg-plugin.3cc39455.js:1
(anonymous) @ app.cbca4f39.js:1
Promise.then (async)
executePendingJobs @ app.cbca4f39.js:1
i @ app.cbca4f39.js:1
c @ app.cbca4f39.js:1
Ns.handlePluginMessage @ app.cbca4f39.js:1
i @ chunk-libs.ca58d924.js:5
postMessage (async)
(anonymous) @ plugin-sandbox.html:26
chunk-libs.ca58d924.js:127 [MasterGo2Figma] Fatal node OOM, stopping export: 305:20616 {"phase":"append-record","error":{"name":"InternalError","message":"out of memory","stack":"[Stack Hidden]"},"nodeId":"305:20616","page":"agent客户端融合方案（0206）","debugState":{"phase":"transfer:content-chunk","file":"pages/page-001-agent客户端融合方案-0206/layers/layers-140.json","transferId":"export-1779262952715-2661482808311326","fileIndex":139,"chunkIndex":10,"fileSize":28941,"streamedBytes":4703170,"processedNodes":15679,"totalNodes":0}}
(anonymous) @ chunk-libs.ca58d924.js:127
(anonymous) @ app.cbca4f39.js:1
(anonymous) @ vendors~mg-plugin.3cc39455.js:1
A.withScope @ vendors~mg-plugin.3cc39455.js:1
A.cToHostCallbackFunction @ vendors~mg-plugin.3cc39455.js:1
A.cToHostCallbackFunction @ vendors~mg-plugin.3cc39455.js:1
$func806 @ 00284a2a:0x856b8
$func573 @ 00284a2a:0x6b75e
$func24 @ 00284a2a:0x3404
$func24 @ 00284a2a:0x5327
$func24 @ 00284a2a:0x51b1
$func556 @ 00284a2a:0x6a4c2
$func562 @ 00284a2a:0x6ac14
$func24 @ 00284a2a:0x3404
$func24 @ 00284a2a:0x5327
$func712 @ 00284a2a:0x7c38d
$X @ 00284a2a:0x7def0
E._QTS_ExecutePendingJob @ vendors~mg-plugin.3cc39455.js:1
A.executePendingJobs @ vendors~mg-plugin.3cc39455.js:1
(anonymous) @ app.cbca4f39.js:1
Promise.then (async)
executePendingJobs @ app.cbca4f39.js:1
(anonymous) @ app.cbca4f39.js:1
i @ chunk-libs.ca58d924.js:5
setTimeout (async)
(anonymous) @ chunk-libs.ca58d924.js:5
(anonymous) @ app.cbca4f39.js:1
(anonymous) @ vendors~mg-plugin.3cc39455.js:1
A.withScope @ vendors~mg-plugin.3cc39455.js:1
A.cToHostCallbackFunction @ vendors~mg-plugin.3cc39455.js:1
A.cToHostCallbackFunction @ vendors~mg-plugin.3cc39455.js:1
$func806 @ 00284a2a:0x856b8
$func573 @ 00284a2a:0x6b75e
$func24 @ 00284a2a:0x3404
$func24 @ 00284a2a:0x51b1
$func457 @ 00284a2a:0x609f5
$func562 @ 00284a2a:0x6ac4e
$func83 @ 00284a2a:0x16013
$func24 @ 00284a2a:0x5271
$func24 @ 00284a2a:0x51b1
$func556 @ 00284a2a:0x6a4c2
$func562 @ 00284a2a:0x6ac14
$func24 @ 00284a2a:0x3404
$func24 @ 00284a2a:0x5327
$func457 @ 00284a2a:0x609f5
$func562 @ 00284a2a:0x6ac4e
$func83 @ 00284a2a:0x16013
$func24 @ 00284a2a:0x5271
$func24 @ 00284a2a:0x51b1
$func24 @ 00284a2a:0x51b1
$func556 @ 00284a2a:0x6a4c2
$func562 @ 00284a2a:0x6ac14
$func24 @ 00284a2a:0x3404
$func24 @ 00284a2a:0x5327
$func712 @ 00284a2a:0x7c38d
$X @ 00284a2a:0x7def0
E._QTS_ExecutePendingJob @ vendors~mg-plugin.3cc39455.js:1
A.executePendingJobs @ vendors~mg-plugin.3cc39455.js:1
(anonymous) @ app.cbca4f39.js:1
Promise.then (async)
executePendingJobs @ app.cbca4f39.js:1
(anonymous) @ app.cbca4f39.js:1
Promise.finally (async)
(anonymous) @ app.cbca4f39.js:1
(anonymous) @ app.cbca4f39.js:14
(anonymous) @ vendors~mg-plugin.3cc39455.js:1
A.withScope @ vendors~mg-plugin.3cc39455.js:1
A.cToHostCallbackFunction @ vendors~mg-plugin.3cc39455.js:1
A.cToHostCallbackFunction @ vendors~mg-plugin.3cc39455.js:1
$func806 @ 00284a2a:0x856b8
$func573 @ 00284a2a:0x6b75e
$func24 @ 00284a2a:0x3404
$func24 @ 00284a2a:0x5327
$func556 @ 00284a2a:0x6a4c2
$func562 @ 00284a2a:0x6ac14
$func24 @ 00284a2a:0x3404
$func24 @ 00284a2a:0x5327
$func457 @ 00284a2a:0x609f5
$func562 @ 00284a2a:0x6ac4e
$func83 @ 00284a2a:0x16013
$func24 @ 00284a2a:0x5271
$func24 @ 00284a2a:0x51b1
$func24 @ 00284a2a:0x51b1
$func556 @ 00284a2a:0x6a4c2
$func562 @ 00284a2a:0x6ac14
$func24 @ 00284a2a:0x3404
$func24 @ 00284a2a:0x5327
$func457 @ 00284a2a:0x609f5
$func562 @ 00284a2a:0x6ac4e
$func83 @ 00284a2a:0x16013
$func24 @ 00284a2a:0x5271
$func24 @ 00284a2a:0x51b1
$func24 @ 00284a2a:0x51b1
$func556 @ 00284a2a:0x6a4c2
$func562 @ 00284a2a:0x6ac14
$func24 @ 00284a2a:0x3404
$func24 @ 00284a2a:0x5327
$func457 @ 00284a2a:0x609f5
$func562 @ 00284a2a:0x6ac4e
$func83 @ 00284a2a:0x16013
$func24 @ 00284a2a:0x5271
$func24 @ 00284a2a:0x51b1
$func24 @ 00284a2a:0x51b1
$func556 @ 00284a2a:0x6a4c2
$func562 @ 00284a2a:0x6ac14
$func24 @ 00284a2a:0x3404
$func24 @ 00284a2a:0x5327
$func457 @ 00284a2a:0x609f5
$func562 @ 00284a2a:0x6ac4e
$func83 @ 00284a2a:0x16013
$func24 @ 00284a2a:0x5271
$func24 @ 00284a2a:0x51b1
$func24 @ 00284a2a:0x51b1
$func556 @ 00284a2a:0x6a4c2
$func562 @ 00284a2a:0x6ac14
$func24 @ 00284a2a:0x3404
$func24 @ 00284a2a:0x5327
$func712 @ 00284a2a:0x7c38d
$X @ 00284a2a:0x7def0
E._QTS_ExecutePendingJob @ vendors~mg-plugin.3cc39455.js:1
A.executePendingJobs @ vendors~mg-plugin.3cc39455.js:1
(anonymous) @ app.cbca4f39.js:1
Promise.then (async)
executePendingJobs @ app.cbca4f39.js:1
i @ app.cbca4f39.js:1
c @ app.cbca4f39.js:1
Ns.handlePluginMessage @ app.cbca4f39.js:1
i @ chunk-libs.ca58d924.js:5
postMessage (async)
(anonymous) @ plugin-sandbox.html:26
postMessage (async)
send @ VM293:31
acknowledgeLocalRelayFile @ VM293:536
await in acknowledgeLocalRelayFile (async)
window.onmessage @ VM293:891
postMessage (async)
postMessage @ app.cbca4f39.js:1
(anonymous) @ app.cbca4f39.js:1
(anonymous) @ app.cbca4f39.js:14
(anonymous) @ vendors~mg-plugin.3cc39455.js:1
A.withScope @ vendors~mg-plugin.3cc39455.js:1
A.cToHostCallbackFunction @ vendors~mg-plugin.3cc39455.js:1
A.cToHostCallbackFunction @ vendors~mg-plugin.3cc39455.js:1
$func806 @ 00284a2a:0x856b8
$func573 @ 00284a2a:0x6b75e
$func24 @ 00284a2a:0x3404
$func24 @ 00284a2a:0x5327
$func24 @ 00284a2a:0x51b1
$func556 @ 00284a2a:0x6a4c2
$func562 @ 00284a2a:0x6ac14
$func24 @ 00284a2a:0x3404
$func24 @ 00284a2a:0x5327
$func712 @ 00284a2a:0x7c38d
$X @ 00284a2a:0x7def0
E._QTS_ExecutePendingJob @ vendors~mg-plugin.3cc39455.js:1
A.executePendingJobs @ vendors~mg-plugin.3cc39455.js:1
(anonymous) @ app.cbca4f39.js:1
Promise.then (async)
executePendingJobs @ app.cbca4f39.js:1
(anonymous) @ app.cbca4f39.js:1
Promise.finally (async)
(anonymous) @ app.cbca4f39.js:1
(anonymous) @ app.cbca4f39.js:14
(anonymous) @ vendors~mg-plugin.3cc39455.js:1
A.withScope @ vendors~mg-plugin.3cc39455.js:1
A.cToHostCallbackFunction @ vendors~mg-plugin.3cc39455.js:1
A.cToHostCallbackFunction @ vendors~mg-plugin.3cc39455.js:1
$func806 @ 00284a2a:0x856b8
$func573 @ 00284a2a:0x6b75e
$func24 @ 00284a2a:0x3404
$func24 @ 00284a2a:0x5327
$func556 @ 00284a2a:0x6a4c2
$func562 @ 00284a2a:0x6ac14
$func24 @ 00284a2a:0x3404
$func24 @ 00284a2a:0x5327
$func457 @ 00284a2a:0x609f5
$func562 @ 00284a2a:0x6ac4e
$func83 @ 00284a2a:0x16013
$func24 @ 00284a2a:0x5271
$func24 @ 00284a2a:0x51b1
$func24 @ 00284a2a:0x51b1
$func556 @ 00284a2a:0x6a4c2
$func562 @ 00284a2a:0x6ac14
$func24 @ 00284a2a:0x3404
$func24 @ 00284a2a:0x5327
$func457 @ 00284a2a:0x609f5
$func562 @ 00284a2a:0x6ac4e
$func83 @ 00284a2a:0x16013
$func24 @ 00284a2a:0x5271
$func24 @ 00284a2a:0x51b1
$func24 @ 00284a2a:0x51b1
$func556 @ 00284a2a:0x6a4c2
$func562 @ 00284a2a:0x6ac14
$func24 @ 00284a2a:0x3404
$func24 @ 00284a2a:0x5327
$func457 @ 00284a2a:0x609f5
$func562 @ 00284a2a:0x6ac4e
$func83 @ 00284a2a:0x16013
$func24 @ 00284a2a:0x5271
$func24 @ 00284a2a:0x51b1
$func24 @ 00284a2a:0x51b1
$func556 @ 00284a2a:0x6a4c2
$func562 @ 00284a2a:0x6ac14
$func24 @ 00284a2a:0x3404
$func24 @ 00284a2a:0x5327
$func457 @ 00284a2a:0x609f5
$func562 @ 00284a2a:0x6ac4e
$func83 @ 00284a2a:0x16013
$func24 @ 00284a2a:0x5271
$func24 @ 00284a2a:0x51b1
$func24 @ 00284a2a:0x51b1
$func556 @ 00284a2a:0x6a4c2
$func562 @ 00284a2a:0x6ac14
$func24 @ 00284a2a:0x3404
$func24 @ 00284a2a:0x5327
$func712 @ 00284a2a:0x7c38d
$X @ 00284a2a:0x7def0
E._QTS_ExecutePendingJob @ vendors~mg-plugin.3cc39455.js:1
A.executePendingJobs @ vendors~mg-plugin.3cc39455.js:1
(anonymous) @ app.cbca4f39.js:1
Promise.then (async)
executePendingJobs @ app.cbca4f39.js:1
(anonymous) @ app.cbca4f39.js:1
i @ chunk-libs.ca58d924.js:5
setTimeout (async)
(anonymous) @ chunk-libs.ca58d924.js:5
(anonymous) @ app.cbca4f39.js:1
(anonymous) @ vendors~mg-plugin.3cc39455.js:1
A.withScope @ vendors~mg-plugin.3cc39455.js:1
A.cToHostCallbackFunction @ vendors~mg-plugin.3cc39455.js:1
A.cToHostCallbackFunction @ vendors~mg-plugin.3cc39455.js:1
$func806 @ 00284a2a:0x856b8
$func573 @ 00284a2a:0x6b75e
$func24 @ 00284a2a:0x3404
$func24 @ 00284a2a:0x51b1
$func457 @ 00284a2a:0x609f5
$func562 @ 00284a2a:0x6ac4e
$func83 @ 00284a2a:0x16013
$func24 @ 00284a2a:0x5271
$func24 @ 00284a2a:0x51b1
$func556 @ 00284a2a:0x6a4c2
$func562 @ 00284a2a:0x6ac14
$func24 @ 00284a2a:0x3404
$func24 @ 00284a2a:0x5327
$func457 @ 00284a2a:0x609f5
$func562 @ 00284a2a:0x6ac4e
$func83 @ 00284a2a:0x16013
$func24 @ 00284a2a:0x5271
$func24 @ 00284a2a:0x51b1
$func24 @ 00284a2a:0x51b1
$func556 @ 00284a2a:0x6a4c2
$func562 @ 00284a2a:0x6ac14
$func24 @ 00284a2a:0x3404
$func24 @ 00284a2a:0x5327
$func712 @ 00284a2a:0x7c38d
$X @ 00284a2a:0x7def0
E._QTS_ExecutePendingJob @ vendors~mg-plugin.3cc39455.js:1
A.executePendingJobs @ vendors~mg-plugin.3cc39455.js:1
(anonymous) @ app.cbca4f39.js:1
Promise.then (async)
executePendingJobs @ app.cbca4f39.js:1
i @ app.cbca4f39.js:1
c @ app.cbca4f39.js:1
Ns.handlePluginMessage @ app.cbca4f39.js:1
i @ chunk-libs.ca58d924.js:5
postMessage (async)
(anonymous) @ plugin-sandbox.html:26
postMessage (async)
send @ VM293:31
acknowledgeLocalRelayFile @ VM293:536
await in acknowledgeLocalRelayFile (async)
window.onmessage @ VM293:891
postMessage (async)
postMessage @ app.cbca4f39.js:1
(anonymous) @ app.cbca4f39.js:1
(anonymous) @ app.cbca4f39.js:14
(anonymous) @ vendors~mg-plugin.3cc39455.js:1
A.withScope @ vendors~mg-plugin.3cc39455.js:1
A.cToHostCallbackFunction @ vendors~mg-plugin.3cc39455.js:1
A.cToHostCallbackFunction @ vendors~mg-plugin.3cc39455.js:1
$func806 @ 00284a2a:0x856b8
$func573 @ 00284a2a:0x6b75e
$func24 @ 00284a2a:0x3404
$func24 @ 00284a2a:0x5327
$func24 @ 00284a2a:0x51b1
$func556 @ 00284a2a:0x6a4c2
$func562 @ 00284a2a:0x6ac14
$func24 @ 00284a2a:0x3404
$func24 @ 00284a2a:0x5327
$func712 @ 00284a2a:0x7c38d
$X @ 00284a2a:0x7def0
E._QTS_ExecutePendingJob @ vendors~mg-plugin.3cc39455.js:1
A.executePendingJobs @ vendors~mg-plugin.3cc39455.js:1
(anonymous) @ app.cbca4f39.js:1
Promise.then (async)
executePendingJobs @ app.cbca4f39.js:1
(anonymous) @ app.cbca4f39.js:1
i @ chunk-libs.ca58d924.js:5
setTimeout (async)
(anonymous) @ chunk-libs.ca58d924.js:5
(anonymous) @ app.cbca4f39.js:1
(anonymous) @ vendors~mg-plugin.3cc39455.js:1
A.withScope @ vendors~mg-plugin.3cc39455.js:1
A.cToHostCallbackFunction @ vendors~mg-plugin.3cc39455.js:1
A.cToHostCallbackFunction @ vendors~mg-plugin.3cc39455.js:1
$func806 @ 00284a2a:0x856b8
$func573 @ 00284a2a:0x6b75e
$func24 @ 00284a2a:0x3404
$func24 @ 00284a2a:0x51b1
$func457 @ 00284a2a:0x609f5
$func562 @ 00284a2a:0x6ac4e
$func83 @ 00284a2a:0x16013
$func24 @ 00284a2a:0x5271
$func24 @ 00284a2a:0x51b1
$func556 @ 00284a2a:0x6a4c2
$func562 @ 00284a2a:0x6ac14
$func24 @ 00284a2a:0x3404
$func24 @ 00284a2a:0x5327
$func457 @ 00284a2a:0x609f5
$func562 @ 00284a2a:0x6ac4e
$func83 @ 00284a2a:0x16013
$func24 @ 00284a2a:0x5271
$func24 @ 00284a2a:0x51b1
$func24 @ 00284a2a:0x51b1
$func556 @ 00284a2a:0x6a4c2
$func562 @ 00284a2a:0x6ac14
$func24 @ 00284a2a:0x3404
$func24 @ 00284a2a:0x5327
$func712 @ 00284a2a:0x7c38d
$X @ 00284a2a:0x7def0
E._QTS_ExecutePendingJob @ vendors~mg-plugin.3cc39455.js:1
A.executePendingJobs @ vendors~mg-plugin.3cc39455.js:1
(anonymous) @ app.cbca4f39.js:1
Promise.then (async)
executePendingJobs @ app.cbca4f39.js:1
(anonymous) @ app.cbca4f39.js:1
Promise.finally (async)
(anonymous) @ app.cbca4f39.js:1
(anonymous) @ app.cbca4f39.js:14
(anonymous) @ vendors~mg-plugin.3cc39455.js:1
A.withScope @ vendors~mg-plugin.3cc39455.js:1
A.cToHostCallbackFunction @ vendors~mg-plugin.3cc39455.js:1
A.cToHostCallbackFunction @ vendors~mg-plugin.3cc39455.js:1
$func806 @ 00284a2a:0x856b8
$func573 @ 00284a2a:0x6b75e
$func24 @ 00284a2a:0x3404
$func24 @ 00284a2a:0x5327
$func556 @ 00284a2a:0x6a4c2
$func562 @ 00284a2a:0x6ac14
$func24 @ 00284a2a:0x3404
$func24 @ 00284a2a:0x5327
$func457 @ 00284a2a:0x609f5
$func562 @ 00284a2a:0x6ac4e
$func83 @ 00284a2a:0x16013
$func24 @ 00284a2a:0x5271
$func24 @ 00284a2a:0x51b1
$func24 @ 00284a2a:0x51b1
$func556 @ 00284a2a:0x6a4c2
$func562 @ 00284a2a:0x6ac14
$func24 @ 00284a2a:0x3404
$func24 @ 00284a2a:0x5327
$func457 @ 00284a2a:0x609f5
$func562 @ 00284a2a:0x6ac4e
$func83 @ 00284a2a:0x16013
$func24 @ 00284a2a:0x5271
$func24 @ 00284a2a:0x51b1
$func24 @ 00284a2a:0x51b1
$func556 @ 00284a2a:0x6a4c2
$func562 @ 00284a2a:0x6ac14
$func24 @ 00284a2a:0x3404
$func24 @ 00284a2a:0x5327
$func457 @ 00284a2a:0x609f5
$func562 @ 00284a2a:0x6ac4e
$func83 @ 00284a2a:0x16013
$func24 @ 00284a2a:0x5271
$func24 @ 00284a2a:0x51b1
$func24 @ 00284a2a:0x51b1
$func556 @ 00284a2a:0x6a4c2
$func562 @ 00284a2a:0x6ac14
$func24 @ 00284a2a:0x3404
$func24 @ 00284a2a:0x5327
$func457 @ 00284a2a:0x609f5
$func562 @ 00284a2a:0x6ac4e
$func83 @ 00284a2a:0x16013
$func24 @ 00284a2a:0x5271
$func24 @ 00284a2a:0x51b1
$func24 @ 00284a2a:0x51b1
$func556 @ 00284a2a:0x6a4c2
$func562 @ 00284a2a:0x6ac14
$func24 @ 00284a2a:0x3404
$func24 @ 00284a2a:0x5327
$func712 @ 00284a2a:0x7c38d
$X @ 00284a2a:0x7def0
E._QTS_ExecutePendingJob @ vendors~mg-plugin.3cc39455.js:1
A.executePendingJobs @ vendors~mg-plugin.3cc39455.js:1
(anonymous) @ app.cbca4f39.js:1
Promise.then (async)
executePendingJobs @ app.cbca4f39.js:1
(anonymous) @ app.cbca4f39.js:1
Promise.finally (async)
(anonymous) @ app.cbca4f39.js:1
(anonymous) @ app.cbca4f39.js:14
(anonymous) @ vendors~mg-plugin.3cc39455.js:1
A.withScope @ vendors~mg-plugin.3cc39455.js:1
A.cToHostCallbackFunction @ vendors~mg-plugin.3cc39455.js:1
A.cToHostCallbackFunction @ vendors~mg-plugin.3cc39455.js:1
$func806 @ 00284a2a:0x856b8
$func573 @ 00284a2a:0x6b75e
$func24 @ 00284a2a:0x3404
$func24 @ 00284a2a:0x5327
$func556 @ 00284a2a:0x6a4c2
$func562 @ 00284a2a:0x6ac14
$func24 @ 00284a2a:0x3404
$func24 @ 00284a2a:0x5327
$func457 @ 00284a2a:0x609f5
$func562 @ 00284a2a:0x6ac4e
$func83 @ 00284a2a:0x16013
$func24 @ 00284a2a:0x5271
$func24 @ 00284a2a:0x51b1
$func24 @ 00284a2a:0x51b1
$func556 @ 00284a2a:0x6a4c2
$func562 @ 00284a2a:0x6ac14
$func24 @ 00284a2a:0x3404
$func24 @ 00284a2a:0x5327
$func457 @ 00284a2a:0x609f5
$func562 @ 00284a2a:0x6ac4e
$func83 @ 00284a2a:0x16013
$func24 @ 00284a2a:0x5271
$func24 @ 00284a2a:0x51b1
$func24 @ 00284a2a:0x51b1
$func556 @ 00284a2a:0x6a4c2
$func562 @ 00284a2a:0x6ac14
$func24 @ 00284a2a:0x3404
$func24 @ 00284a2a:0x5327
$func457 @ 00284a2a:0x609f5
$func562 @ 00284a2a:0x6ac4e
$func83 @ 00284a2a:0x16013
$func24 @ 00284a2a:0x5271
$func24 @ 00284a2a:0x51b1
$func24 @ 00284a2a:0x51b1
$func556 @ 00284a2a:0x6a4c2
$func562 @ 00284a2a:0x6ac14
$func24 @ 00284a2a:0x3404
$func24 @ 00284a2a:0x5327
$func457 @ 00284a2a:0x609f5
$func562 @ 00284a2a:0x6ac4e
$func83 @ 00284a2a:0x16013
$func24 @ 00284a2a:0x5271
$func24 @ 00284a2a:0x51b1
$func24 @ 00284a2a:0x51b1
$func556 @ 00284a2a:0x6a4c2
$func562 @ 00284a2a:0x6ac14
$func24 @ 00284a2a:0x3404
$func24 @ 00284a2a:0x5327
$func712 @ 00284a2a:0x7c38d
$X @ 00284a2a:0x7def0
E._QTS_ExecutePendingJob @ vendors~mg-plugin.3cc39455.js:1
A.executePendingJobs @ vendors~mg-plugin.3cc39455.js:1
(anonymous) @ app.cbca4f39.js:1
Promise.then (async)
executePendingJobs @ app.cbca4f39.js:1
(anonymous) @ app.cbca4f39.js:1
Promise.finally (async)
(anonymous) @ app.cbca4f39.js:1
(anonymous) @ app.cbca4f39.js:14
(anonymous) @ vendors~mg-plugin.3cc39455.js:1
A.withScope @ vendors~mg-plugin.3cc39455.js:1
A.cToHostCallbackFunction @ vendors~mg-plugin.3cc39455.js:1
A.cToHostCallbackFunction @ vendors~mg-plugin.3cc39455.js:1
$func806 @ 00284a2a:0x856b8
$func573 @ 00284a2a:0x6b75e
$func24 @ 00284a2a:0x3404
$func24 @ 00284a2a:0x5327
$func556 @ 00284a2a:0x6a4c2
$func562 @ 00284a2a:0x6ac14
$func24 @ 00284a2a:0x3404
$func24 @ 00284a2a:0x5327
$func457 @ 00284a2a:0x609f5
$func562 @ 00284a2a:0x6ac4e
$func83 @ 00284a2a:0x16013
$func24 @ 00284a2a:0x5271
$func24 @ 00284a2a:0x51b1
$func24 @ 00284a2a:0x51b1
$func556 @ 00284a2a:0x6a4c2
$func562 @ 00284a2a:0x6ac14
$func24 @ 00284a2a:0x3404
$func24 @ 00284a2a:0x5327
$func457 @ 00284a2a:0x609f5
$func562 @ 00284a2a:0x6ac4e
$func83 @ 00284a2a:0x16013
$func24 @ 00284a2a:0x5271
$func24 @ 00284a2a:0x51b1
$func24 @ 00284a2a:0x51b1
$func556 @ 00284a2a:0x6a4c2
$func562 @ 00284a2a:0x6ac14
$func24 @ 00284a2a:0x3404
$func24 @ 00284a2a:0x5327
$func457 @ 00284a2a:0x609f5
$func562 @ 00284a2a:0x6ac4e
$func83 @ 00284a2a:0x16013
$func24 @ 00284a2a:0x5271
$func24 @ 00284a2a:0x51b1
$func24 @ 00284a2a:0x51b1
$func556 @ 00284a2a:0x6a4c2
$func562 @ 00284a2a:0x6ac14
$func24 @ 00284a2a:0x3404
$func24 @ 00284a2a:0x5327
$func457 @ 00284a2a:0x609f5
$func562 @ 00284a2a:0x6ac4e
$func83 @ 00284a2a:0x16013
$func24 @ 00284a2a:0x5271
$func24 @ 00284a2a:0x51b1
$func24 @ 00284a2a:0x51b1
$func556 @ 00284a2a:0x6a4c2
$func562 @ 00284a2a:0x6ac14
$func24 @ 00284a2a:0x3404
$func24 @ 00284a2a:0x5327
$func712 @ 00284a2a:0x7c38d
$X @ 00284a2a:0x7def0
E._QTS_ExecutePendingJob @ vendors~mg-plugin.3cc39455.js:1
A.executePendingJobs @ vendors~mg-plugin.3cc39455.js:1
(anonymous) @ app.cbca4f39.js:1
Promise.then (async)
executePendingJobs @ app.cbca4f39.js:1
(anonymous) @ app.cbca4f39.js:1
Promise.finally (async)
(anonymous) @ app.cbca4f39.js:1
(anonymous) @ app.cbca4f39.js:14
(anonymous) @ vendors~mg-plugin.3cc39455.js:1
A.withScope @ vendors~mg-plugin.3cc39455.js:1
A.cToHostCallbackFunction @ vendors~mg-plugin.3cc39455.js:1
A.cToHostCallbackFunction @ vendors~mg-plugin.3cc39455.js:1
$func806 @ 00284a2a:0x856b8
$func573 @ 00284a2a:0x6b75e
$func24 @ 00284a2a:0x3404
$func24 @ 00284a2a:0x5327
$func556 @ 00284a2a:0x6a4c2
$func562 @ 00284a2a:0x6ac14
$func24 @ 00284a2a:0x3404
$func24 @ 00284a2a:0x5327
$func457 @ 00284a2a:0x609f5
$func562 @ 00284a2a:0x6ac4e
$func83 @ 00284a2a:0x16013
$func24 @ 00284a2a:0x5271
$func24 @ 00284a2a:0x51b1
$func24 @ 00284a2a:0x51b1
$func556 @ 00284a2a:0x6a4c2
$func562 @ 00284a2a:0x6ac14
$func24 @ 00284a2a:0x3404
$func24 @ 00284a2a:0x5327
$func457 @ 00284a2a:0x609f5
$func562 @ 00284a2a:0x6ac4e
$func83 @ 00284a2a:0x16013
$func24 @ 00284a2a:0x5271
$func24 @ 00284a2a:0x51b1
$func24 @ 00284a2a:0x51b1
$func556 @ 00284a2a:0x6a4c2
$func562 @ 00284a2a:0x6ac14
$func24 @ 00284a2a:0x3404
$func24 @ 00284a2a:0x5327
$func457 @ 00284a2a:0x609f5
$func562 @ 00284a2a:0x6ac4e
$func83 @ 00284a2a:0x16013
$func24 @ 00284a2a:0x5271
$func24 @ 00284a2a:0x51b1
$func24 @ 00284a2a:0x51b1
$func556 @ 00284a2a:0x6a4c2
$func562 @ 00284a2a:0x6ac14
$func24 @ 00284a2a:0x3404
$func24 @ 00284a2a:0x5327
$func457 @ 00284a2a:0x609f5
$func562 @ 00284a2a:0x6ac4e
$func83 @ 00284a2a:0x16013
$func24 @ 00284a2a:0x5271
$func24 @ 00284a2a:0x51b1
$func24 @ 00284a2a:0x51b1
$func556 @ 00284a2a:0x6a4c2
$func562 @ 00284a2a:0x6ac14
$func24 @ 00284a2a:0x3404
$func24 @ 00284a2a:0x5327
$func712 @ 00284a2a:0x7c38d
$X @ 00284a2a:0x7def0
E._QTS_ExecutePendingJob @ vendors~mg-plugin.3cc39455.js:1
A.executePendingJobs @ vendors~mg-plugin.3cc39455.js:1
(anonymous) @ app.cbca4f39.js:1
Promise.then (async)
executePendingJobs @ app.cbca4f39.js:1
(anonymous) @ app.cbca4f39.js:1
Promise.finally (async)
(anonymous) @ app.cbca4f39.js:1
(anonymous) @ app.cbca4f39.js:14
(anonymous) @ vendors~mg-plugin.3cc39455.js:1
A.withScope @ vendors~mg-plugin.3cc39455.js:1
A.cToHostCallbackFunction @ vendors~mg-plugin.3cc39455.js:1
A.cToHostCallbackFunction @ vendors~mg-plugin.3cc39455.js:1
$func806 @ 00284a2a:0x856b8
$func573 @ 00284a2a:0x6b75e
$func24 @ 00284a2a:0x3404
$func24 @ 00284a2a:0x5327
$func556 @ 00284a2a:0x6a4c2
$func562 @ 00284a2a:0x6ac14
$func24 @ 00284a2a:0x3404
$func24 @ 00284a2a:0x5327
$func457 @ 00284a2a:0x609f5
$func562 @ 00284a2a:0x6ac4e
$func83 @ 00284a2a:0x16013
$func24 @ 00284a2a:0x5271
$func24 @ 00284a2a:0x51b1
$func24 @ 00284a2a:0x51b1
$func556 @ 00284a2a:0x6a4c2
$func562 @ 00284a2a:0x6ac14
$func24 @ 00284a2a:0x3404
$func24 @ 00284a2a:0x5327
$func457 @ 00284a2a:0x609f5
$func562 @ 00284a2a:0x6ac4e
$func83 @ 00284a2a:0x16013
$func24 @ 00284a2a:0x5271
$func24 @ 00284a2a:0x51b1
$func24 @ 00284a2a:0x51b1
$func556 @ 00284a2a:0x6a4c2
$func562 @ 00284a2a:0x6ac14
$func24 @ 00284a2a:0x3404
$func24 @ 00284a2a:0x5327
$func457 @ 00284a2a:0x609f5
$func562 @ 00284a2a:0x6ac4e
$func83 @ 00284a2a:0x16013
$func24 @ 00284a2a:0x5271
$func24 @ 00284a2a:0x51b1
$func24 @ 00284a2a:0x51b1
$func556 @ 00284a2a:0x6a4c2
$func562 @ 00284a2a:0x6ac14
$func24 @ 00284a2a:0x3404
$func24 @ 00284a2a:0x5327
$func457 @ 00284a2a:0x609f5
$func562 @ 00284a2a:0x6ac4e
$func83 @ 00284a2a:0x16013
$func24 @ 00284a2a:0x5271
$func24 @ 00284a2a:0x51b1
$func24 @ 00284a2a:0x51b1
$func556 @ 00284a2a:0x6a4c2
$func562 @ 00284a2a:0x6ac14
$func24 @ 00284a2a:0x3404
$func24 @ 00284a2a:0x5327
$func712 @ 00284a2a:0x7c38d
$X @ 00284a2a:0x7def0
E._QTS_ExecutePendingJob @ vendors~mg-plugin.3cc39455.js:1
A.executePendingJobs @ vendors~mg-plugin.3cc39455.js:1
(anonymous) @ app.cbca4f39.js:1
Promise.then (async)
executePendingJobs @ app.cbca4f39.js:1
i @ app.cbca4f39.js:1
c @ app.cbca4f39.js:1
Ns.handlePluginMessage @ app.cbca4f39.js:1
i @ chunk-libs.ca58d924.js:5
postMessage (async)
(anonymous) @ plugin-sandbox.html:26
chunk-libs.ca58d924.js:127 [MasterGo2Figma] Export performance {label: 'failed', durationMs: 112222, duration: '1m 52s', nodesPerSecond: 139.7, sessionId: 'session-1779262654896-7hlmudae2xr', …}
chunk-libs.ca58d924.js:127 [MasterGo2Figma] Export transfer failed {"error":{"name":"InternalError","message":"out of memory","stack":"[Stack Hidden]"},"debugState":{"phase":"transfer:content-chunk","file":"pages/page-001-agent客户端融合方案-0206/layers/layers-140.json","transferId":"export-1779262952715-2661482808311326","fileIndex":139,"chunkIndex":10,"fileSize":28941,"streamedBytes":4703170,"processedNodes":15679,"totalNodes":0}}
(anonymous) @ chunk-libs.ca58d924.js:127
(anonymous) @ app.cbca4f39.js:1
(anonymous) @ vendors~mg-plugin.3cc39455.js:1
A.withScope @ vendors~mg-plugin.3cc39455.js:1
A.cToHostCallbackFunction @ vendors~mg-plugin.3cc39455.js:1
A.cToHostCallbackFunction @ vendors~mg-plugin.3cc39455.js:1
$func806 @ 00284a2a:0x856b8
$func573 @ 00284a2a:0x6b75e
$func24 @ 00284a2a:0x3404
$func24 @ 00284a2a:0x5327
$func24 @ 00284a2a:0x51b1
$func556 @ 00284a2a:0x6a4c2
$func562 @ 00284a2a:0x6ac14
$func24 @ 00284a2a:0x3404
$func24 @ 00284a2a:0x5327
$func712 @ 00284a2a:0x7c38d
$X @ 00284a2a:0x7def0
E._QTS_ExecutePendingJob @ vendors~mg-plugin.3cc39455.js:1
A.executePendingJobs @ vendors~mg-plugin.3cc39455.js:1
(anonymous) @ app.cbca4f39.js:1
Promise.then (async)
executePendingJobs @ app.cbca4f39.js:1
(anonymous) @ app.cbca4f39.js:1
i @ chunk-libs.ca58d924.js:5
setTimeout (async)
(anonymous) @ chunk-libs.ca58d924.js:5
(anonymous) @ app.cbca4f39.js:1
(anonymous) @ vendors~mg-plugin.3cc39455.js:1
A.withScope @ vendors~mg-plugin.3cc39455.js:1
A.cToHostCallbackFunction @ vendors~mg-plugin.3cc39455.js:1
A.cToHostCallbackFunction @ vendors~mg-plugin.3cc39455.js:1
$func806 @ 00284a2a:0x856b8
$func573 @ 00284a2a:0x6b75e
$func24 @ 00284a2a:0x3404
$func24 @ 00284a2a:0x51b1
$func457 @ 00284a2a:0x609f5
$func562 @ 00284a2a:0x6ac4e
$func83 @ 00284a2a:0x16013
$func24 @ 00284a2a:0x5271
$func24 @ 00284a2a:0x51b1
$func556 @ 00284a2a:0x6a4c2
$func562 @ 00284a2a:0x6ac14
$func24 @ 00284a2a:0x3404
$func24 @ 00284a2a:0x5327
$func457 @ 00284a2a:0x609f5
$func562 @ 00284a2a:0x6ac4e
$func83 @ 00284a2a:0x16013
$func24 @ 00284a2a:0x5271
$func24 @ 00284a2a:0x51b1
$func24 @ 00284a2a:0x51b1
$func556 @ 00284a2a:0x6a4c2
$func562 @ 00284a2a:0x6ac14
$func24 @ 00284a2a:0x3404
$func24 @ 00284a2a:0x5327
$func712 @ 00284a2a:0x7c38d
$X @ 00284a2a:0x7def0
E._QTS_ExecutePendingJob @ vendors~mg-plugin.3cc39455.js:1
A.executePendingJobs @ vendors~mg-plugin.3cc39455.js:1
(anonymous) @ app.cbca4f39.js:1
Promise.then (async)
executePendingJobs @ app.cbca4f39.js:1
(anonymous) @ app.cbca4f39.js:1
Promise.finally (async)
(anonymous) @ app.cbca4f39.js:1
(anonymous) @ app.cbca4f39.js:14
(anonymous) @ vendors~mg-plugin.3cc39455.js:1
A.withScope @ vendors~mg-plugin.3cc39455.js:1
A.cToHostCallbackFunction @ vendors~mg-plugin.3cc39455.js:1
A.cToHostCallbackFunction @ vendors~mg-plugin.3cc39455.js:1
$func806 @ 00284a2a:0x856b8
$func573 @ 00284a2a:0x6b75e
$func24 @ 00284a2a:0x3404
$func24 @ 00284a2a:0x5327
$func556 @ 00284a2a:0x6a4c2
$func562 @ 00284a2a:0x6ac14
$func24 @ 00284a2a:0x3404
$func24 @ 00284a2a:0x5327
$func457 @ 00284a2a:0x609f5
$func562 @ 00284a2a:0x6ac4e
$func83 @ 00284a2a:0x16013
$func24 @ 00284a2a:0x5271
$func24 @ 00284a2a:0x51b1
$func24 @ 00284a2a:0x51b1
$func556 @ 00284a2a:0x6a4c2
$func562 @ 00284a2a:0x6ac14
$func24 @ 00284a2a:0x3404
$func24 @ 00284a2a:0x5327
$func457 @ 00284a2a:0x609f5
$func562 @ 00284a2a:0x6ac4e
$func83 @ 00284a2a:0x16013
$func24 @ 00284a2a:0x5271
$func24 @ 00284a2a:0x51b1
$func24 @ 00284a2a:0x51b1
$func556 @ 00284a2a:0x6a4c2
$func562 @ 00284a2a:0x6ac14
$func24 @ 00284a2a:0x3404
$func24 @ 00284a2a:0x5327
$func457 @ 00284a2a:0x609f5
$func562 @ 00284a2a:0x6ac4e
$func83 @ 00284a2a:0x16013
$func24 @ 00284a2a:0x5271
$func24 @ 00284a2a:0x51b1
$func24 @ 00284a2a:0x51b1
$func556 @ 00284a2a:0x6a4c2
$func562 @ 00284a2a:0x6ac14
$func24 @ 00284a2a:0x3404
$func24 @ 00284a2a:0x5327
$func457 @ 00284a2a:0x609f5
$func562 @ 00284a2a:0x6ac4e
$func83 @ 00284a2a:0x16013
$func24 @ 00284a2a:0x5271
$func24 @ 00284a2a:0x51b1
$func24 @ 00284a2a:0x51b1
$func556 @ 00284a2a:0x6a4c2
$func562 @ 00284a2a:0x6ac14
$func24 @ 00284a2a:0x3404
$func24 @ 00284a2a:0x5327
$func712 @ 00284a2a:0x7c38d
$X @ 00284a2a:0x7def0
E._QTS_ExecutePendingJob @ vendors~mg-plugin.3cc39455.js:1
A.executePendingJobs @ vendors~mg-plugin.3cc39455.js:1
(anonymous) @ app.cbca4f39.js:1
Promise.then (async)
executePendingJobs @ app.cbca4f39.js:1
i @ app.cbca4f39.js:1
c @ app.cbca4f39.js:1
Ns.handlePluginMessage @ app.cbca4f39.js:1
i @ chunk-libs.ca58d924.js:5
postMessage (async)
(anonymous) @ plugin-sandbox.html:26
postMessage (async)
send @ VM293:31
acknowledgeLocalRelayFile @ VM293:536
await in acknowledgeLocalRelayFile (async)
window.onmessage @ VM293:891
postMessage (async)
postMessage @ app.cbca4f39.js:1
(anonymous) @ app.cbca4f39.js:1
(anonymous) @ app.cbca4f39.js:14
(anonymous) @ vendors~mg-plugin.3cc39455.js:1
A.withScope @ vendors~mg-plugin.3cc39455.js:1
A.cToHostCallbackFunction @ vendors~mg-plugin.3cc39455.js:1
A.cToHostCallbackFunction @ vendors~mg-plugin.3cc39455.js:1
$func806 @ 00284a2a:0x856b8
$func573 @ 00284a2a:0x6b75e
$func24 @ 00284a2a:0x3404
$func24 @ 00284a2a:0x5327
$func24 @ 00284a2a:0x51b1
$func556 @ 00284a2a:0x6a4c2
$func562 @ 00284a2a:0x6ac14
$func24 @ 00284a2a:0x3404
$func24 @ 00284a2a:0x5327
$func712 @ 00284a2a:0x7c38d
$X @ 00284a2a:0x7def0
E._QTS_ExecutePendingJob @ vendors~mg-plugin.3cc39455.js:1
A.executePendingJobs @ vendors~mg-plugin.3cc39455.js:1
(anonymous) @ app.cbca4f39.js:1
Promise.then (async)
executePendingJobs @ app.cbca4f39.js:1
(anonymous) @ app.cbca4f39.js:1
Promise.finally (async)
(anonymous) @ app.cbca4f39.js:1
(anonymous) @ app.cbca4f39.js:14
(anonymous) @ vendors~mg-plugin.3cc39455.js:1
A.withScope @ vendors~mg-plugin.3cc39455.js:1
A.cToHostCallbackFunction @ vendors~mg-plugin.3cc39455.js:1
A.cToHostCallbackFunction @ vendors~mg-plugin.3cc39455.js:1
$func806 @ 00284a2a:0x856b8
$func573 @ 00284a2a:0x6b75e
$func24 @ 00284a2a:0x3404
$func24 @ 00284a2a:0x5327
$func556 @ 00284a2a:0x6a4c2
$func562 @ 00284a2a:0x6ac14
$func24 @ 00284a2a:0x3404
$func24 @ 00284a2a:0x5327
$func457 @ 00284a2a:0x609f5
$func562 @ 00284a2a:0x6ac4e
$func83 @ 00284a2a:0x16013
$func24 @ 00284a2a:0x5271
$func24 @ 00284a2a:0x51b1
$func24 @ 00284a2a:0x51b1
$func556 @ 00284a2a:0x6a4c2
$func562 @ 00284a2a:0x6ac14
$func24 @ 00284a2a:0x3404
$func24 @ 00284a2a:0x5327
$func457 @ 00284a2a:0x609f5
$func562 @ 00284a2a:0x6ac4e
$func83 @ 00284a2a:0x16013
$func24 @ 00284a2a:0x5271
$func24 @ 00284a2a:0x51b1
$func24 @ 00284a2a:0x51b1
$func556 @ 00284a2a:0x6a4c2
$func562 @ 00284a2a:0x6ac14
$func24 @ 00284a2a:0x3404
$func24 @ 00284a2a:0x5327
$func457 @ 00284a2a:0x609f5
$func562 @ 00284a2a:0x6ac4e
$func83 @ 00284a2a:0x16013
$func24 @ 00284a2a:0x5271
$func24 @ 00284a2a:0x51b1
$func24 @ 00284a2a:0x51b1
$func556 @ 00284a2a:0x6a4c2
$func562 @ 00284a2a:0x6ac14
$func24 @ 00284a2a:0x3404
$func24 @ 00284a2a:0x5327
$func457 @ 00284a2a:0x609f5
$func562 @ 00284a2a:0x6ac4e
$func83 @ 00284a2a:0x16013
$func24 @ 00284a2a:0x5271
$func24 @ 00284a2a:0x51b1
$func24 @ 00284a2a:0x51b1
$func556 @ 00284a2a:0x6a4c2
$func562 @ 00284a2a:0x6ac14
$func24 @ 00284a2a:0x3404
$func24 @ 00284a2a:0x5327
$func712 @ 00284a2a:0x7c38d
$X @ 00284a2a:0x7def0
E._QTS_ExecutePendingJob @ vendors~mg-plugin.3cc39455.js:1
A.executePendingJobs @ vendors~mg-plugin.3cc39455.js:1
(anonymous) @ app.cbca4f39.js:1
Promise.then (async)
executePendingJobs @ app.cbca4f39.js:1
(anonymous) @ app.cbca4f39.js:1
i @ chunk-libs.ca58d924.js:5
setTimeout (async)
(anonymous) @ chunk-libs.ca58d924.js:5
(anonymous) @ app.cbca4f39.js:1
(anonymous) @ vendors~mg-plugin.3cc39455.js:1
A.withScope @ vendors~mg-plugin.3cc39455.js:1
A.cToHostCallbackFunction @ vendors~mg-plugin.3cc39455.js:1
A.cToHostCallbackFunction @ vendors~mg-plugin.3cc39455.js:1
$func806 @ 00284a2a:0x856b8
$func573 @ 00284a2a:0x6b75e
$func24 @ 00284a2a:0x3404
$func24 @ 00284a2a:0x51b1
$func457 @ 00284a2a:0x609f5
$func562 @ 00284a2a:0x6ac4e
$func83 @ 00284a2a:0x16013
$func24 @ 00284a2a:0x5271
$func24 @ 00284a2a:0x51b1
$func556 @ 00284a2a:0x6a4c2
$func562 @ 00284a2a:0x6ac14
$func24 @ 00284a2a:0x3404
$func24 @ 00284a2a:0x5327
$func457 @ 00284a2a:0x609f5
$func562 @ 00284a2a:0x6ac4e
$func83 @ 00284a2a:0x16013
$func24 @ 00284a2a:0x5271
$func24 @ 00284a2a:0x51b1
$func24 @ 00284a2a:0x51b1
$func556 @ 00284a2a:0x6a4c2
$func562 @ 00284a2a:0x6ac14
$func24 @ 00284a2a:0x3404
$func24 @ 00284a2a:0x5327
$func712 @ 00284a2a:0x7c38d
$X @ 00284a2a:0x7def0
E._QTS_ExecutePendingJob @ vendors~mg-plugin.3cc39455.js:1
A.executePendingJobs @ vendors~mg-plugin.3cc39455.js:1
(anonymous) @ app.cbca4f39.js:1
Promise.then (async)
executePendingJobs @ app.cbca4f39.js:1
i @ app.cbca4f39.js:1
c @ app.cbca4f39.js:1
Ns.handlePluginMessage @ app.cbca4f39.js:1
i @ chunk-libs.ca58d924.js:5
postMessage (async)
(anonymous) @ plugin-sandbox.html:26
postMessage (async)
send @ VM293:31
acknowledgeLocalRelayFile @ VM293:536
await in acknowledgeLocalRelayFile (async)
window.onmessage @ VM293:891
postMessage (async)
postMessage @ app.cbca4f39.js:1
(anonymous) @ app.cbca4f39.js:1
(anonymous) @ app.cbca4f39.js:14
(anonymous) @ vendors~mg-plugin.3cc39455.js:1
A.withScope @ vendors~mg-plugin.3cc39455.js:1
A.cToHostCallbackFunction @ vendors~mg-plugin.3cc39455.js:1
A.cToHostCallbackFunction @ vendors~mg-plugin.3cc39455.js:1
$func806 @ 00284a2a:0x856b8
$func573 @ 00284a2a:0x6b75e
$func24 @ 00284a2a:0x3404
$func24 @ 00284a2a:0x5327
$func24 @ 00284a2a:0x51b1
$func556 @ 00284a2a:0x6a4c2
$func562 @ 00284a2a:0x6ac14
$func24 @ 00284a2a:0x3404
$func24 @ 00284a2a:0x5327
$func712 @ 00284a2a:0x7c38d
$X @ 00284a2a:0x7def0
E._QTS_ExecutePendingJob @ vendors~mg-plugin.3cc39455.js:1
A.executePendingJobs @ vendors~mg-plugin.3cc39455.js:1
(anonymous) @ app.cbca4f39.js:1
Promise.then (async)
executePendingJobs @ app.cbca4f39.js:1
(anonymous) @ app.cbca4f39.js:1
i @ chunk-libs.ca58d924.js:5
setTimeout (async)
(anonymous) @ chunk-libs.ca58d924.js:5
(anonymous) @ app.cbca4f39.js:1
(anonymous) @ vendors~mg-plugin.3cc39455.js:1
A.withScope @ vendors~mg-plugin.3cc39455.js:1
A.cToHostCallbackFunction @ vendors~mg-plugin.3cc39455.js:1
A.cToHostCallbackFunction @ vendors~mg-plugin.3cc39455.js:1
$func806 @ 00284a2a:0x856b8
$func573 @ 00284a2a:0x6b75e
$func24 @ 00284a2a:0x3404
$func24 @ 00284a2a:0x51b1
$func457 @ 00284a2a:0x609f5
$func562 @ 00284a2a:0x6ac4e
$func83 @ 00284a2a:0x16013
$func24 @ 00284a2a:0x5271
$func24 @ 00284a2a:0x51b1
$func556 @ 00284a2a:0x6a4c2
$func562 @ 00284a2a:0x6ac14
$func24 @ 00284a2a:0x3404
$func24 @ 00284a2a:0x5327
$func457 @ 00284a2a:0x609f5
$func562 @ 00284a2a:0x6ac4e
$func83 @ 00284a2a:0x16013
$func24 @ 00284a2a:0x5271
$func24 @ 00284a2a:0x51b1
$func24 @ 00284a2a:0x51b1
$func556 @ 00284a2a:0x6a4c2
$func562 @ 00284a2a:0x6ac14
$func24 @ 00284a2a:0x3404
$func24 @ 00284a2a:0x5327
$func712 @ 00284a2a:0x7c38d
$X @ 00284a2a:0x7def0
E._QTS_ExecutePendingJob @ vendors~mg-plugin.3cc39455.js:1
A.executePendingJobs @ vendors~mg-plugin.3cc39455.js:1
(anonymous) @ app.cbca4f39.js:1
Promise.then (async)
executePendingJobs @ app.cbca4f39.js:1
(anonymous) @ app.cbca4f39.js:1
Promise.finally (async)
(anonymous) @ app.cbca4f39.js:1
(anonymous) @ app.cbca4f39.js:14
(anonymous) @ vendors~mg-plugin.3cc39455.js:1
A.withScope @ vendors~mg-plugin.3cc39455.js:1
A.cToHostCallbackFunction @ vendors~mg-plugin.3cc39455.js:1
A.cToHostCallbackFunction @ vendors~mg-plugin.3cc39455.js:1
$func806 @ 00284a2a:0x856b8
$func573 @ 00284a2a:0x6b75e
$func24 @ 00284a2a:0x3404
$func24 @ 00284a2a:0x5327
$func556 @ 00284a2a:0x6a4c2
$func562 @ 00284a2a:0x6ac14
$func24 @ 00284a2a:0x3404
$func24 @ 00284a2a:0x5327
$func457 @ 00284a2a:0x609f5
$func562 @ 00284a2a:0x6ac4e
$func83 @ 00284a2a:0x16013
$func24 @ 00284a2a:0x5271
$func24 @ 00284a2a:0x51b1
$func24 @ 00284a2a:0x51b1
$func556 @ 00284a2a:0x6a4c2
$func562 @ 00284a2a:0x6ac14
$func24 @ 00284a2a:0x3404
$func24 @ 00284a2a:0x5327
$func457 @ 00284a2a:0x609f5
$func562 @ 00284a2a:0x6ac4e
$func83 @ 00284a2a:0x16013
$func24 @ 00284a2a:0x5271
$func24 @ 00284a2a:0x51b1
$func24 @ 00284a2a:0x51b1
$func556 @ 00284a2a:0x6a4c2
$func562 @ 00284a2a:0x6ac14
$func24 @ 00284a2a:0x3404
$func24 @ 00284a2a:0x5327
$func457 @ 00284a2a:0x609f5
$func562 @ 00284a2a:0x6ac4e
$func83 @ 00284a2a:0x16013
$func24 @ 00284a2a:0x5271
$func24 @ 00284a2a:0x51b1
$func24 @ 00284a2a:0x51b1
$func556 @ 00284a2a:0x6a4c2
$func562 @ 00284a2a:0x6ac14
$func24 @ 00284a2a:0x3404
$func24 @ 00284a2a:0x5327
$func457 @ 00284a2a:0x609f5
$func562 @ 00284a2a:0x6ac4e
$func83 @ 00284a2a:0x16013
$func24 @ 00284a2a:0x5271
$func24 @ 00284a2a:0x51b1
$func24 @ 00284a2a:0x51b1
$func556 @ 00284a2a:0x6a4c2
$func562 @ 00284a2a:0x6ac14
$func24 @ 00284a2a:0x3404
$func24 @ 00284a2a:0x5327
$func712 @ 00284a2a:0x7c38d
$X @ 00284a2a:0x7def0
E._QTS_ExecutePendingJob @ vendors~mg-plugin.3cc39455.js:1
A.executePendingJobs @ vendors~mg-plugin.3cc39455.js:1
(anonymous) @ app.cbca4f39.js:1
Promise.then (async)
executePendingJobs @ app.cbca4f39.js:1
(anonymous) @ app.cbca4f39.js:1
Promise.finally (async)
(anonymous) @ app.cbca4f39.js:1
(anonymous) @ app.cbca4f39.js:14
(anonymous) @ vendors~mg-plugin.3cc39455.js:1
A.withScope @ vendors~mg-plugin.3cc39455.js:1
A.cToHostCallbackFunction @ vendors~mg-plugin.3cc39455.js:1
A.cToHostCallbackFunction @ vendors~mg-plugin.3cc39455.js:1
$func806 @ 00284a2a:0x856b8
$func573 @ 00284a2a:0x6b75e
$func24 @ 00284a2a:0x3404
$func24 @ 00284a2a:0x5327
$func556 @ 00284a2a:0x6a4c2
$func562 @ 00284a2a:0x6ac14
$func24 @ 00284a2a:0x3404
$func24 @ 00284a2a:0x5327
$func457 @ 00284a2a:0x609f5
$func562 @ 00284a2a:0x6ac4e
$func83 @ 00284a2a:0x16013
$func24 @ 00284a2a:0x5271
$func24 @ 00284a2a:0x51b1
$func24 @ 00284a2a:0x51b1
$func556 @ 00284a2a:0x6a4c2
$func562 @ 00284a2a:0x6ac14
$func24 @ 00284a2a:0x3404
$func24 @ 00284a2a:0x5327
$func457 @ 00284a2a:0x609f5
$func562 @ 00284a2a:0x6ac4e
$func83 @ 00284a2a:0x16013
$func24 @ 00284a2a:0x5271
$func24 @ 00284a2a:0x51b1
$func24 @ 00284a2a:0x51b1
$func556 @ 00284a2a:0x6a4c2
$func562 @ 00284a2a:0x6ac14
$func24 @ 00284a2a:0x3404
$func24 @ 00284a2a:0x5327
$func457 @ 00284a2a:0x609f5
$func562 @ 00284a2a:0x6ac4e
$func83 @ 00284a2a:0x16013
$func24 @ 00284a2a:0x5271
$func24 @ 00284a2a:0x51b1
$func24 @ 00284a2a:0x51b1
$func556 @ 00284a2a:0x6a4c2
$func562 @ 00284a2a:0x6ac14
$func24 @ 00284a2a:0x3404
$func24 @ 00284a2a:0x5327
$func457 @ 00284a2a:0x609f5
$func562 @ 00284a2a:0x6ac4e
$func83 @ 00284a2a:0x16013
$func24 @ 00284a2a:0x5271
$func24 @ 00284a2a:0x51b1
$func24 @ 00284a2a:0x51b1
$func556 @ 00284a2a:0x6a4c2
$func562 @ 00284a2a:0x6ac14
$func24 @ 00284a2a:0x3404
$func24 @ 00284a2a:0x5327
$func712 @ 00284a2a:0x7c38d
$X @ 00284a2a:0x7def0
E._QTS_ExecutePendingJob @ vendors~mg-plugin.3cc39455.js:1
A.executePendingJobs @ vendors~mg-plugin.3cc39455.js:1
(anonymous) @ app.cbca4f39.js:1
Promise.then (async)
executePendingJobs @ app.cbca4f39.js:1
(anonymous) @ app.cbca4f39.js:1
Promise.finally (async)
(anonymous) @ app.cbca4f39.js:1
(anonymous) @ app.cbca4f39.js:14
(anonymous) @ vendors~mg-plugin.3cc39455.js:1
A.withScope @ vendors~mg-plugin.3cc39455.js:1
A.cToHostCallbackFunction @ vendors~mg-plugin.3cc39455.js:1
A.cToHostCallbackFunction @ vendors~mg-plugin.3cc39455.js:1
$func806 @ 00284a2a:0x856b8
$func573 @ 00284a2a:0x6b75e
$func24 @ 00284a2a:0x3404
$func24 @ 00284a2a:0x5327
$func556 @ 00284a2a:0x6a4c2
$func562 @ 00284a2a:0x6ac14
$func24 @ 00284a2a:0x3404
$func24 @ 00284a2a:0x5327
$func457 @ 00284a2a:0x609f5
$func562 @ 00284a2a:0x6ac4e
$func83 @ 00284a2a:0x16013
$func24 @ 00284a2a:0x5271
$func24 @ 00284a2a:0x51b1
$func24 @ 00284a2a:0x51b1
$func556 @ 00284a2a:0x6a4c2
$func562 @ 00284a2a:0x6ac14
$func24 @ 00284a2a:0x3404
$func24 @ 00284a2a:0x5327
$func457 @ 00284a2a:0x609f5
$func562 @ 00284a2a:0x6ac4e
$func83 @ 00284a2a:0x16013
$func24 @ 00284a2a:0x5271
$func24 @ 00284a2a:0x51b1
$func24 @ 00284a2a:0x51b1
$func556 @ 00284a2a:0x6a4c2
$func562 @ 00284a2a:0x6ac14
$func24 @ 00284a2a:0x3404
$func24 @ 00284a2a:0x5327
$func457 @ 00284a2a:0x609f5
$func562 @ 00284a2a:0x6ac4e
$func83 @ 00284a2a:0x16013
$func24 @ 00284a2a:0x5271
$func24 @ 00284a2a:0x51b1
$func24 @ 00284a2a:0x51b1
$func556 @ 00284a2a:0x6a4c2
$func562 @ 00284a2a:0x6ac14
$func24 @ 00284a2a:0x3404
$func24 @ 00284a2a:0x5327
$func457 @ 00284a2a:0x609f5
$func562 @ 00284a2a:0x6ac4e
$func83 @ 00284a2a:0x16013
$func24 @ 00284a2a:0x5271
$func24 @ 00284a2a:0x51b1
$func24 @ 00284a2a:0x51b1
$func556 @ 00284a2a:0x6a4c2
$func562 @ 00284a2a:0x6ac14
$func24 @ 00284a2a:0x3404
$func24 @ 00284a2a:0x5327
$func712 @ 00284a2a:0x7c38d
$X @ 00284a2a:0x7def0
E._QTS_ExecutePendingJob @ vendors~mg-plugin.3cc39455.js:1
A.executePendingJobs @ vendors~mg-plugin.3cc39455.js:1
(anonymous) @ app.cbca4f39.js:1
Promise.then (async)
executePendingJobs @ app.cbca4f39.js:1
(anonymous) @ app.cbca4f39.js:1
Promise.finally (async)
(anonymous) @ app.cbca4f39.js:1
(anonymous) @ app.cbca4f39.js:14
(anonymous) @ vendors~mg-plugin.3cc39455.js:1
A.withScope @ vendors~mg-plugin.3cc39455.js:1
A.cToHostCallbackFunction @ vendors~mg-plugin.3cc39455.js:1
A.cToHostCallbackFunction @ vendors~mg-plugin.3cc39455.js:1
$func806 @ 00284a2a:0x856b8
$func573 @ 00284a2a:0x6b75e
$func24 @ 00284a2a:0x3404
$func24 @ 00284a2a:0x5327
$func556 @ 00284a2a:0x6a4c2
$func562 @ 00284a2a:0x6ac14
$func24 @ 00284a2a:0x3404
$func24 @ 00284a2a:0x5327
$func457 @ 00284a2a:0x609f5
$func562 @ 00284a2a:0x6ac4e
$func83 @ 00284a2a:0x16013
$func24 @ 00284a2a:0x5271
$func24 @ 00284a2a:0x51b1
$func24 @ 00284a2a:0x51b1
$func556 @ 00284a2a:0x6a4c2
$func562 @ 00284a2a:0x6ac14
$func24 @ 00284a2a:0x3404
$func24 @ 00284a2a:0x5327
$func457 @ 00284a2a:0x609f5
$func562 @ 00284a2a:0x6ac4e
$func83 @ 00284a2a:0x16013
$func24 @ 00284a2a:0x5271
$func24 @ 00284a2a:0x51b1
$func24 @ 00284a2a:0x51b1
$func556 @ 00284a2a:0x6a4c2
$func562 @ 00284a2a:0x6ac14
$func24 @ 00284a2a:0x3404
$func24 @ 00284a2a:0x5327
$func457 @ 00284a2a:0x609f5
$func562 @ 00284a2a:0x6ac4e
$func83 @ 00284a2a:0x16013
$func24 @ 00284a2a:0x5271
$func24 @ 00284a2a:0x51b1
$func24 @ 00284a2a:0x51b1
$func556 @ 00284a2a:0x6a4c2
$func562 @ 00284a2a:0x6ac14
$func24 @ 00284a2a:0x3404
$func24 @ 00284a2a:0x5327
$func457 @ 00284a2a:0x609f5
$func562 @ 00284a2a:0x6ac4e
$func83 @ 00284a2a:0x16013
$func24 @ 00284a2a:0x5271
$func24 @ 00284a2a:0x51b1
$func24 @ 00284a2a:0x51b1
$func556 @ 00284a2a:0x6a4c2
$func562 @ 00284a2a:0x6ac14
$func24 @ 00284a2a:0x3404
$func24 @ 00284a2a:0x5327
$func712 @ 00284a2a:0x7c38d
$X @ 00284a2a:0x7def0
E._QTS_ExecutePendingJob @ vendors~mg-plugin.3cc39455.js:1
A.executePendingJobs @ vendors~mg-plugin.3cc39455.js:1
(anonymous) @ app.cbca4f39.js:1
Promise.then (async)
executePendingJobs @ app.cbca4f39.js:1
(anonymous) @ app.cbca4f39.js:1
Promise.finally (async)
(anonymous) @ app.cbca4f39.js:1
(anonymous) @ app.cbca4f39.js:14
(anonymous) @ vendors~mg-plugin.3cc39455.js:1
A.withScope @ vendors~mg-plugin.3cc39455.js:1
A.cToHostCallbackFunction @ vendors~mg-plugin.3cc39455.js:1
A.cToHostCallbackFunction @ vendors~mg-plugin.3cc39455.js:1
$func806 @ 00284a2a:0x856b8
$func573 @ 00284a2a:0x6b75e
$func24 @ 00284a2a:0x3404
$func24 @ 00284a2a:0x5327
$func556 @ 00284a2a:0x6a4c2
$func562 @ 00284a2a:0x6ac14
$func24 @ 00284a2a:0x3404
$func24 @ 00284a2a:0x5327
$func457 @ 00284a2a:0x609f5
$func562 @ 00284a2a:0x6ac4e
$func83 @ 00284a2a:0x16013
$func24 @ 00284a2a:0x5271
$func24 @ 00284a2a:0x51b1
$func24 @ 00284a2a:0x51b1
$func556 @ 00284a2a:0x6a4c2
$func562 @ 00284a2a:0x6ac14
$func24 @ 00284a2a:0x3404
$func24 @ 00284a2a:0x5327
$func457 @ 00284a2a:0x609f5
$func562 @ 00284a2a:0x6ac4e
$func83 @ 00284a2a:0x16013
$func24 @ 00284a2a:0x5271
$func24 @ 00284a2a:0x51b1
$func24 @ 00284a2a:0x51b1
$func556 @ 00284a2a:0x6a4c2
$func562 @ 00284a2a:0x6ac14
$func24 @ 00284a2a:0x3404
$func24 @ 00284a2a:0x5327
$func457 @ 00284a2a:0x609f5
$func562 @ 00284a2a:0x6ac4e
$func83 @ 00284a2a:0x16013
$func24 @ 00284a2a:0x5271
$func24 @ 00284a2a:0x51b1
$func24 @ 00284a2a:0x51b1
$func556 @ 00284a2a:0x6a4c2
$func562 @ 00284a2a:0x6ac14
$func24 @ 00284a2a:0x3404
$func24 @ 00284a2a:0x5327
$func457 @ 00284a2a:0x609f5
$func562 @ 00284a2a:0x6ac4e
$func83 @ 00284a2a:0x16013
$func24 @ 00284a2a:0x5271
$func24 @ 00284a2a:0x51b1
$func24 @ 00284a2a:0x51b1
$func556 @ 00284a2a:0x6a4c2
$func562 @ 00284a2a:0x6ac14
$func24 @ 00284a2a:0x3404
$func24 @ 00284a2a:0x5327
$func712 @ 00284a2a:0x7c38d
$X @ 00284a2a:0x7def0
E._QTS_ExecutePendingJob @ vendors~mg-plugin.3cc39455.js:1
A.executePendingJobs @ vendors~mg-plugin.3cc39455.js:1
(anonymous) @ app.cbca4f39.js:1
Promise.then (async)
executePendingJobs @ app.cbca4f39.js:1
i @ app.cbca4f39.js:1
c @ app.cbca4f39.js:1
Ns.handlePluginMessage @ app.cbca4f39.js:1
i @ chunk-libs.ca58d924.js:5
postMessage (async)
(anonymous) @ plugin-sandbox.html:26
chunk-libs.ca58d924.js:127 [MasterGo2Figma] Export failed {"error":{"name":"InternalError","message":"out of memory","stack":"[Stack Hidden]"},"debugState":{"phase":"transfer:content-chunk","file":"pages/page-001-agent客户端融合方案-0206/layers/layers-140.json","transferId":"export-1779262952715-2661482808311326","fileIndex":139,"chunkIndex":10,"fileSize":28941,"streamedBytes":4703170,"processedNodes":15679,"totalNodes":0}}
(anonymous) @ chunk-libs.ca58d924.js:127
(anonymous) @ app.cbca4f39.js:1
(anonymous) @ vendors~mg-plugin.3cc39455.js:1
A.withScope @ vendors~mg-plugin.3cc39455.js:1
A.cToHostCallbackFunction @ vendors~mg-plugin.3cc39455.js:1
A.cToHostCallbackFunction @ vendors~mg-plugin.3cc39455.js:1
$func806 @ 00284a2a:0x856b8
$func573 @ 00284a2a:0x6b75e
$func24 @ 00284a2a:0x3404
$func24 @ 00284a2a:0x5327
$func24 @ 00284a2a:0x51b1
$func556 @ 00284a2a:0x6a4c2
$func562 @ 00284a2a:0x6ac14
$func24 @ 00284a2a:0x3404
$func24 @ 00284a2a:0x5327
$func712 @ 00284a2a:0x7c38d
$X @ 00284a2a:0x7def0
E._QTS_ExecutePendingJob @ vendors~mg-plugin.3cc39455.js:1
A.executePendingJobs @ vendors~mg-plugin.3cc39455.js:1
(anonymous) @ app.cbca4f39.js:1
Promise.then (async)
executePendingJobs @ app.cbca4f39.js:1
(anonymous) @ app.cbca4f39.js:1
i @ chunk-libs.ca58d924.js:5
setTimeout (async)
(anonymous) @ chunk-libs.ca58d924.js:5
(anonymous) @ app.cbca4f39.js:1
(anonymous) @ vendors~mg-plugin.3cc39455.js:1
A.withScope @ vendors~mg-plugin.3cc39455.js:1
A.cToHostCallbackFunction @ vendors~mg-plugin.3cc39455.js:1
A.cToHostCallbackFunction @ vendors~mg-plugin.3cc39455.js:1
$func806 @ 00284a2a:0x856b8
$func573 @ 00284a2a:0x6b75e
$func24 @ 00284a2a:0x3404
$func24 @ 00284a2a:0x51b1
$func457 @ 00284a2a:0x609f5
$func562 @ 00284a2a:0x6ac4e
$func83 @ 00284a2a:0x16013
$func24 @ 00284a2a:0x5271
$func24 @ 00284a2a:0x51b1
$func556 @ 00284a2a:0x6a4c2
$func562 @ 00284a2a:0x6ac14
$func24 @ 00284a2a:0x3404
$func24 @ 00284a2a:0x5327
$func457 @ 00284a2a:0x609f5
$func562 @ 00284a2a:0x6ac4e
$func83 @ 00284a2a:0x16013
$func24 @ 00284a2a:0x5271
$func24 @ 00284a2a:0x51b1
$func24 @ 00284a2a:0x51b1
$func556 @ 00284a2a:0x6a4c2
$func562 @ 00284a2a:0x6ac14
$func24 @ 00284a2a:0x3404
$func24 @ 00284a2a:0x5327
$func712 @ 00284a2a:0x7c38d
$X @ 00284a2a:0x7def0
E._QTS_ExecutePendingJob @ vendors~mg-plugin.3cc39455.js:1
A.executePendingJobs @ vendors~mg-plugin.3cc39455.js:1
(anonymous) @ app.cbca4f39.js:1
Promise.then (async)
executePendingJobs @ app.cbca4f39.js:1
(anonymous) @ app.cbca4f39.js:1
Promise.finally (async)
(anonymous) @ app.cbca4f39.js:1
(anonymous) @ app.cbca4f39.js:14
(anonymous) @ vendors~mg-plugin.3cc39455.js:1
A.withScope @ vendors~mg-plugin.3cc39455.js:1
A.cToHostCallbackFunction @ vendors~mg-plugin.3cc39455.js:1
A.cToHostCallbackFunction @ vendors~mg-plugin.3cc39455.js:1
$func806 @ 00284a2a:0x856b8
$func573 @ 00284a2a:0x6b75e
$func24 @ 00284a2a:0x3404
$func24 @ 00284a2a:0x5327
$func556 @ 00284a2a:0x6a4c2
$func562 @ 00284a2a:0x6ac14
$func24 @ 00284a2a:0x3404
$func24 @ 00284a2a:0x5327
$func457 @ 00284a2a:0x609f5
$func562 @ 00284a2a:0x6ac4e
$func83 @ 00284a2a:0x16013
$func24 @ 00284a2a:0x5271
$func24 @ 00284a2a:0x51b1
$func24 @ 00284a2a:0x51b1
$func556 @ 00284a2a:0x6a4c2
$func562 @ 00284a2a:0x6ac14
$func24 @ 00284a2a:0x3404
$func24 @ 00284a2a:0x5327
$func457 @ 00284a2a:0x609f5
$func562 @ 00284a2a:0x6ac4e
$func83 @ 00284a2a:0x16013
$func24 @ 00284a2a:0x5271
$func24 @ 00284a2a:0x51b1
$func24 @ 00284a2a:0x51b1
$func556 @ 00284a2a:0x6a4c2
$func562 @ 00284a2a:0x6ac14
$func24 @ 00284a2a:0x3404
$func24 @ 00284a2a:0x5327
$func457 @ 00284a2a:0x609f5
$func562 @ 00284a2a:0x6ac4e
$func83 @ 00284a2a:0x16013
$func24 @ 00284a2a:0x5271
$func24 @ 00284a2a:0x51b1
$func24 @ 00284a2a:0x51b1
$func556 @ 00284a2a:0x6a4c2
$func562 @ 00284a2a:0x6ac14
$func24 @ 00284a2a:0x3404
$func24 @ 00284a2a:0x5327
$func457 @ 00284a2a:0x609f5
$func562 @ 00284a2a:0x6ac4e
$func83 @ 00284a2a:0x16013
$func24 @ 00284a2a:0x5271
$func24 @ 00284a2a:0x51b1
$func24 @ 00284a2a:0x51b1
$func556 @ 00284a2a:0x6a4c2
$func562 @ 00284a2a:0x6ac14
$func24 @ 00284a2a:0x3404
$func24 @ 00284a2a:0x5327
$func712 @ 00284a2a:0x7c38d
$X @ 00284a2a:0x7def0
E._QTS_ExecutePendingJob @ vendors~mg-plugin.3cc39455.js:1
A.executePendingJobs @ vendors~mg-plugin.3cc39455.js:1
(anonymous) @ app.cbca4f39.js:1
Promise.then (async)
executePendingJobs @ app.cbca4f39.js:1
i @ app.cbca4f39.js:1
c @ app.cbca4f39.js:1
Ns.handlePluginMessage @ app.cbca4f39.js:1
i @ chunk-libs.ca58d924.js:5
postMessage (async)
(anonymous) @ plugin-sandbox.html:26
postMessage (async)
send @ VM293:31
acknowledgeLocalRelayFile @ VM293:536
await in acknowledgeLocalRelayFile (async)
window.onmessage @ VM293:891
postMessage (async)
postMessage @ app.cbca4f39.js:1
(anonymous) @ app.cbca4f39.js:1
(anonymous) @ app.cbca4f39.js:14
(anonymous) @ vendors~mg-plugin.3cc39455.js:1
A.withScope @ vendors~mg-plugin.3cc39455.js:1
A.cToHostCallbackFunction @ vendors~mg-plugin.3cc39455.js:1
A.cToHostCallbackFunction @ vendors~mg-plugin.3cc39455.js:1
$func806 @ 00284a2a:0x856b8
$func573 @ 00284a2a:0x6b75e
$func24 @ 00284a2a:0x3404
$func24 @ 00284a2a:0x5327
$func24 @ 00284a2a:0x51b1
$func556 @ 00284a2a:0x6a4c2
$func562 @ 00284a2a:0x6ac14
$func24 @ 00284a2a:0x3404
$func24 @ 00284a2a:0x5327
$func712 @ 00284a2a:0x7c38d
$X @ 00284a2a:0x7def0
E._QTS_ExecutePendingJob @ vendors~mg-plugin.3cc39455.js:1
A.executePendingJobs @ vendors~mg-plugin.3cc39455.js:1
(anonymous) @ app.cbca4f39.js:1
Promise.then (async)
executePendingJobs @ app.cbca4f39.js:1
(anonymous) @ app.cbca4f39.js:1
Promise.finally (async)
(anonymous) @ app.cbca4f39.js:1
(anonymous) @ app.cbca4f39.js:14
(anonymous) @ vendors~mg-plugin.3cc39455.js:1
A.withScope @ vendors~mg-plugin.3cc39455.js:1
A.cToHostCallbackFunction @ vendors~mg-plugin.3cc39455.js:1
A.cToHostCallbackFunction @ vendors~mg-plugin.3cc39455.js:1
$func806 @ 00284a2a:0x856b8
$func573 @ 00284a2a:0x6b75e
$func24 @ 00284a2a:0x3404
$func24 @ 00284a2a:0x5327
$func556 @ 00284a2a:0x6a4c2
$func562 @ 00284a2a:0x6ac14
$func24 @ 00284a2a:0x3404
$func24 @ 00284a2a:0x5327
$func457 @ 00284a2a:0x609f5
$func562 @ 00284a2a:0x6ac4e
$func83 @ 00284a2a:0x16013
$func24 @ 00284a2a:0x5271
$func24 @ 00284a2a:0x51b1
$func24 @ 00284a2a:0x51b1
$func556 @ 00284a2a:0x6a4c2
$func562 @ 00284a2a:0x6ac14
$func24 @ 00284a2a:0x3404
$func24 @ 00284a2a:0x5327
$func457 @ 00284a2a:0x609f5
$func562 @ 00284a2a:0x6ac4e
$func83 @ 00284a2a:0x16013
$func24 @ 00284a2a:0x5271
$func24 @ 00284a2a:0x51b1
$func24 @ 00284a2a:0x51b1
$func556 @ 00284a2a:0x6a4c2
$func562 @ 00284a2a:0x6ac14
$func24 @ 00284a2a:0x3404
$func24 @ 00284a2a:0x5327
$func457 @ 00284a2a:0x609f5
$func562 @ 00284a2a:0x6ac4e
$func83 @ 00284a2a:0x16013
$func24 @ 00284a2a:0x5271
$func24 @ 00284a2a:0x51b1
$func24 @ 00284a2a:0x51b1
$func556 @ 00284a2a:0x6a4c2
$func562 @ 00284a2a:0x6ac14
$func24 @ 00284a2a:0x3404
$func24 @ 00284a2a:0x5327
$func457 @ 00284a2a:0x609f5
$func562 @ 00284a2a:0x6ac4e
$func83 @ 00284a2a:0x16013
$func24 @ 00284a2a:0x5271
$func24 @ 00284a2a:0x51b1
$func24 @ 00284a2a:0x51b1
$func556 @ 00284a2a:0x6a4c2
$func562 @ 00284a2a:0x6ac14
$func24 @ 00284a2a:0x3404
$func24 @ 00284a2a:0x5327
$func712 @ 00284a2a:0x7c38d
$X @ 00284a2a:0x7def0
E._QTS_ExecutePendingJob @ vendors~mg-plugin.3cc39455.js:1
A.executePendingJobs @ vendors~mg-plugin.3cc39455.js:1
(anonymous) @ app.cbca4f39.js:1
Promise.then (async)
executePendingJobs @ app.cbca4f39.js:1
(anonymous) @ app.cbca4f39.js:1
i @ chunk-libs.ca58d924.js:5
setTimeout (async)
(anonymous) @ chunk-libs.ca58d924.js:5
(anonymous) @ app.cbca4f39.js:1
(anonymous) @ vendors~mg-plugin.3cc39455.js:1
A.withScope @ vendors~mg-plugin.3cc39455.js:1
A.cToHostCallbackFunction @ vendors~mg-plugin.3cc39455.js:1
A.cToHostCallbackFunction @ vendors~mg-plugin.3cc39455.js:1
$func806 @ 00284a2a:0x856b8
$func573 @ 00284a2a:0x6b75e
$func24 @ 00284a2a:0x3404
$func24 @ 00284a2a:0x51b1
$func457 @ 00284a2a:0x609f5
$func562 @ 00284a2a:0x6ac4e
$func83 @ 00284a2a:0x16013
$func24 @ 00284a2a:0x5271
$func24 @ 00284a2a:0x51b1
$func556 @ 00284a2a:0x6a4c2
$func562 @ 00284a2a:0x6ac14
$func24 @ 00284a2a:0x3404
$func24 @ 00284a2a:0x5327
$func457 @ 00284a2a:0x609f5
$func562 @ 00284a2a:0x6ac4e
$func83 @ 00284a2a:0x16013
$func24 @ 00284a2a:0x5271
$func24 @ 00284a2a:0x51b1
$func24 @ 00284a2a:0x51b1
$func556 @ 00284a2a:0x6a4c2
$func562 @ 00284a2a:0x6ac14
$func24 @ 00284a2a:0x3404
$func24 @ 00284a2a:0x5327
$func712 @ 00284a2a:0x7c38d
$X @ 00284a2a:0x7def0
E._QTS_ExecutePendingJob @ vendors~mg-plugin.3cc39455.js:1
A.executePendingJobs @ vendors~mg-plugin.3cc39455.js:1
(anonymous) @ app.cbca4f39.js:1
Promise.then (async)
executePendingJobs @ app.cbca4f39.js:1
i @ app.cbca4f39.js:1
c @ app.cbca4f39.js:1
Ns.handlePluginMessage @ app.cbca4f39.js:1
i @ chunk-libs.ca58d924.js:5
postMessage (async)
(anonymous) @ plugin-sandbox.html:26
postMessage (async)
send @ VM293:31
acknowledgeLocalRelayFile @ VM293:536
await in acknowledgeLocalRelayFile (async)
window.onmessage @ VM293:891
postMessage (async)
postMessage @ app.cbca4f39.js:1
(anonymous) @ app.cbca4f39.js:1
(anonymous) @ app.cbca4f39.js:14
(anonymous) @ vendors~mg-plugin.3cc39455.js:1
A.withScope @ vendors~mg-plugin.3cc39455.js:1
A.cToHostCallbackFunction @ vendors~mg-plugin.3cc39455.js:1
A.cToHostCallbackFunction @ vendors~mg-plugin.3cc39455.js:1
$func806 @ 00284a2a:0x856b8
$func573 @ 00284a2a:0x6b75e
$func24 @ 00284a2a:0x3404
$func24 @ 00284a2a:0x5327
$func24 @ 00284a2a:0x51b1
$func556 @ 00284a2a:0x6a4c2
$func562 @ 00284a2a:0x6ac14
$func24 @ 00284a2a:0x3404
$func24 @ 00284a2a:0x5327
$func712 @ 00284a2a:0x7c38d
$X @ 00284a2a:0x7def0
E._QTS_ExecutePendingJob @ vendors~mg-plugin.3cc39455.js:1
A.executePendingJobs @ vendors~mg-plugin.3cc39455.js:1
(anonymous) @ app.cbca4f39.js:1
Promise.then (async)
executePendingJobs @ app.cbca4f39.js:1
(anonymous) @ app.cbca4f39.js:1
i @ chunk-libs.ca58d924.js:5
setTimeout (async)
(anonymous) @ chunk-libs.ca58d924.js:5
(anonymous) @ app.cbca4f39.js:1
(anonymous) @ vendors~mg-plugin.3cc39455.js:1
A.withScope @ vendors~mg-plugin.3cc39455.js:1
A.cToHostCallbackFunction @ vendors~mg-plugin.3cc39455.js:1
A.cToHostCallbackFunction @ vendors~mg-plugin.3cc39455.js:1
$func806 @ 00284a2a:0x856b8
$func573 @ 00284a2a:0x6b75e
$func24 @ 00284a2a:0x3404
$func24 @ 00284a2a:0x51b1
$func457 @ 00284a2a:0x609f5
$func562 @ 00284a2a:0x6ac4e
$func83 @ 00284a2a:0x16013
$func24 @ 00284a2a:0x5271
$func24 @ 00284a2a:0x51b1
$func556 @ 00284a2a:0x6a4c2
$func562 @ 00284a2a:0x6ac14
$func24 @ 00284a2a:0x3404
$func24 @ 00284a2a:0x5327
$func457 @ 00284a2a:0x609f5
$func562 @ 00284a2a:0x6ac4e
$func83 @ 00284a2a:0x16013
$func24 @ 00284a2a:0x5271
$func24 @ 00284a2a:0x51b1
$func24 @ 00284a2a:0x51b1
$func556 @ 00284a2a:0x6a4c2
$func562 @ 00284a2a:0x6ac14
$func24 @ 00284a2a:0x3404
$func24 @ 00284a2a:0x5327
$func712 @ 00284a2a:0x7c38d
$X @ 00284a2a:0x7def0
E._QTS_ExecutePendingJob @ vendors~mg-plugin.3cc39455.js:1
A.executePendingJobs @ vendors~mg-plugin.3cc39455.js:1
(anonymous) @ app.cbca4f39.js:1
Promise.then (async)
executePendingJobs @ app.cbca4f39.js:1
(anonymous) @ app.cbca4f39.js:1
Promise.finally (async)
(anonymous) @ app.cbca4f39.js:1
(anonymous) @ app.cbca4f39.js:14
(anonymous) @ vendors~mg-plugin.3cc39455.js:1
A.withScope @ vendors~mg-plugin.3cc39455.js:1
A.cToHostCallbackFunction @ vendors~mg-plugin.3cc39455.js:1
A.cToHostCallbackFunction @ vendors~mg-plugin.3cc39455.js:1
$func806 @ 00284a2a:0x856b8
$func573 @ 00284a2a:0x6b75e
$func24 @ 00284a2a:0x3404
$func24 @ 00284a2a:0x5327
$func556 @ 00284a2a:0x6a4c2
$func562 @ 00284a2a:0x6ac14
$func24 @ 00284a2a:0x3404
$func24 @ 00284a2a:0x5327
$func457 @ 00284a2a:0x609f5
$func562 @ 00284a2a:0x6ac4e
$func83 @ 00284a2a:0x16013
$func24 @ 00284a2a:0x5271
$func24 @ 00284a2a:0x51b1
$func24 @ 00284a2a:0x51b1
$func556 @ 00284a2a:0x6a4c2
$func562 @ 00284a2a:0x6ac14
$func24 @ 00284a2a:0x3404
$func24 @ 00284a2a:0x5327
$func457 @ 00284a2a:0x609f5
$func562 @ 00284a2a:0x6ac4e
$func83 @ 00284a2a:0x16013
$func24 @ 00284a2a:0x5271
$func24 @ 00284a2a:0x51b1
$func24 @ 00284a2a:0x51b1
$func556 @ 00284a2a:0x6a4c2
$func562 @ 00284a2a:0x6ac14
$func24 @ 00284a2a:0x3404
$func24 @ 00284a2a:0x5327
$func457 @ 00284a2a:0x609f5
$func562 @ 00284a2a:0x6ac4e
$func83 @ 00284a2a:0x16013
$func24 @ 00284a2a:0x5271
$func24 @ 00284a2a:0x51b1
$func24 @ 00284a2a:0x51b1
$func556 @ 00284a2a:0x6a4c2
$func562 @ 00284a2a:0x6ac14
$func24 @ 00284a2a:0x3404
$func24 @ 00284a2a:0x5327
$func457 @ 00284a2a:0x609f5
$func562 @ 00284a2a:0x6ac4e
$func83 @ 00284a2a:0x16013
$func24 @ 00284a2a:0x5271
$func24 @ 00284a2a:0x51b1
$func24 @ 00284a2a:0x51b1
$func556 @ 00284a2a:0x6a4c2
$func562 @ 00284a2a:0x6ac14
$func24 @ 00284a2a:0x3404
$func24 @ 00284a2a:0x5327
$func712 @ 00284a2a:0x7c38d
$X @ 00284a2a:0x7def0
E._QTS_ExecutePendingJob @ vendors~mg-plugin.3cc39455.js:1
A.executePendingJobs @ vendors~mg-plugin.3cc39455.js:1
(anonymous) @ app.cbca4f39.js:1
Promise.then (async)
executePendingJobs @ app.cbca4f39.js:1
(anonymous) @ app.cbca4f39.js:1
Promise.finally (async)
(anonymous) @ app.cbca4f39.js:1
(anonymous) @ app.cbca4f39.js:14
(anonymous) @ vendors~mg-plugin.3cc39455.js:1
A.withScope @ vendors~mg-plugin.3cc39455.js:1
A.cToHostCallbackFunction @ vendors~mg-plugin.3cc39455.js:1
A.cToHostCallbackFunction @ vendors~mg-plugin.3cc39455.js:1
$func806 @ 00284a2a:0x856b8
$func573 @ 00284a2a:0x6b75e
$func24 @ 00284a2a:0x3404
$func24 @ 00284a2a:0x5327
$func556 @ 00284a2a:0x6a4c2
$func562 @ 00284a2a:0x6ac14
$func24 @ 00284a2a:0x3404
$func24 @ 00284a2a:0x5327
$func457 @ 00284a2a:0x609f5
$func562 @ 00284a2a:0x6ac4e
$func83 @ 00284a2a:0x16013
$func24 @ 00284a2a:0x5271
$func24 @ 00284a2a:0x51b1
$func24 @ 00284a2a:0x51b1
$func556 @ 00284a2a:0x6a4c2
$func562 @ 00284a2a:0x6ac14
$func24 @ 00284a2a:0x3404
$func24 @ 00284a2a:0x5327
$func457 @ 00284a2a:0x609f5
$func562 @ 00284a2a:0x6ac4e
$func83 @ 00284a2a:0x16013
$func24 @ 00284a2a:0x5271
$func24 @ 00284a2a:0x51b1
$func24 @ 00284a2a:0x51b1
$func556 @ 00284a2a:0x6a4c2
$func562 @ 00284a2a:0x6ac14
$func24 @ 00284a2a:0x3404
$func24 @ 00284a2a:0x5327
$func457 @ 00284a2a:0x609f5
$func562 @ 00284a2a:0x6ac4e
$func83 @ 00284a2a:0x16013
$func24 @ 00284a2a:0x5271
$func24 @ 00284a2a:0x51b1
$func24 @ 00284a2a:0x51b1
$func556 @ 00284a2a:0x6a4c2
$func562 @ 00284a2a:0x6ac14
$func24 @ 00284a2a:0x3404
$func24 @ 00284a2a:0x5327
$func457 @ 00284a2a:0x609f5
$func562 @ 00284a2a:0x6ac4e
$func83 @ 00284a2a:0x16013
$func24 @ 00284a2a:0x5271
$func24 @ 00284a2a:0x51b1
$func24 @ 00284a2a:0x51b1
$func556 @ 00284a2a:0x6a4c2
$func562 @ 00284a2a:0x6ac14
$func24 @ 00284a2a:0x3404
$func24 @ 00284a2a:0x5327
$func712 @ 00284a2a:0x7c38d
$X @ 00284a2a:0x7def0
E._QTS_ExecutePendingJob @ vendors~mg-plugin.3cc39455.js:1
A.executePendingJobs @ vendors~mg-plugin.3cc39455.js:1
(anonymous) @ app.cbca4f39.js:1
Promise.then (async)
executePendingJobs @ app.cbca4f39.js:1
(anonymous) @ app.cbca4f39.js:1
Promise.finally (async)
(anonymous) @ app.cbca4f39.js:1
(anonymous) @ app.cbca4f39.js:14
(anonymous) @ vendors~mg-plugin.3cc39455.js:1
A.withScope @ vendors~mg-plugin.3cc39455.js:1
A.cToHostCallbackFunction @ vendors~mg-plugin.3cc39455.js:1
A.cToHostCallbackFunction @ vendors~mg-plugin.3cc39455.js:1
$func806 @ 00284a2a:0x856b8
$func573 @ 00284a2a:0x6b75e
$func24 @ 00284a2a:0x3404
$func24 @ 00284a2a:0x5327
$func556 @ 00284a2a:0x6a4c2
$func562 @ 00284a2a:0x6ac14
$func24 @ 00284a2a:0x3404
$func24 @ 00284a2a:0x5327
$func457 @ 00284a2a:0x609f5
$func562 @ 00284a2a:0x6ac4e
$func83 @ 00284a2a:0x16013
$func24 @ 00284a2a:0x5271
$func24 @ 00284a2a:0x51b1
$func24 @ 00284a2a:0x51b1
$func556 @ 00284a2a:0x6a4c2
$func562 @ 00284a2a:0x6ac14
$func24 @ 00284a2a:0x3404
$func24 @ 00284a2a:0x5327
$func457 @ 00284a2a:0x609f5
$func562 @ 00284a2a:0x6ac4e
$func83 @ 00284a2a:0x16013
$func24 @ 00284a2a:0x5271
$func24 @ 00284a2a:0x51b1
$func24 @ 00284a2a:0x51b1
$func556 @ 00284a2a:0x6a4c2
$func562 @ 00284a2a:0x6ac14
$func24 @ 00284a2a:0x3404
$func24 @ 00284a2a:0x5327
$func457 @ 00284a2a:0x609f5
$func562 @ 00284a2a:0x6ac4e
$func83 @ 00284a2a:0x16013
$func24 @ 00284a2a:0x5271
$func24 @ 00284a2a:0x51b1
$func24 @ 00284a2a:0x51b1
$func556 @ 00284a2a:0x6a4c2
$func562 @ 00284a2a:0x6ac14
$func24 @ 00284a2a:0x3404
$func24 @ 00284a2a:0x5327
$func457 @ 00284a2a:0x609f5
$func562 @ 00284a2a:0x6ac4e
$func83 @ 00284a2a:0x16013
$func24 @ 00284a2a:0x5271
$func24 @ 00284a2a:0x51b1
$func24 @ 00284a2a:0x51b1
$func556 @ 00284a2a:0x6a4c2
$func562 @ 00284a2a:0x6ac14
$func24 @ 00284a2a:0x3404
$func24 @ 00284a2a:0x5327
$func712 @ 00284a2a:0x7c38d
$X @ 00284a2a:0x7def0
E._QTS_ExecutePendingJob @ vendors~mg-plugin.3cc39455.js:1
A.executePendingJobs @ vendors~mg-plugin.3cc39455.js:1
(anonymous) @ app.cbca4f39.js:1
Promise.then (async)
executePendingJobs @ app.cbca4f39.js:1
(anonymous) @ app.cbca4f39.js:1
Promise.finally (async)
(anonymous) @ app.cbca4f39.js:1
(anonymous) @ app.cbca4f39.js:14
(anonymous) @ vendors~mg-plugin.3cc39455.js:1
A.withScope @ vendors~mg-plugin.3cc39455.js:1
A.cToHostCallbackFunction @ vendors~mg-plugin.3cc39455.js:1
A.cToHostCallbackFunction @ vendors~mg-plugin.3cc39455.js:1
$func806 @ 00284a2a:0x856b8
$func573 @ 00284a2a:0x6b75e
$func24 @ 00284a2a:0x3404
$func24 @ 00284a2a:0x5327
$func556 @ 00284a2a:0x6a4c2
$func562 @ 00284a2a:0x6ac14
$func24 @ 00284a2a:0x3404
$func24 @ 00284a2a:0x5327
$func457 @ 00284a2a:0x609f5
$func562 @ 00284a2a:0x6ac4e
$func83 @ 00284a2a:0x16013
$func24 @ 00284a2a:0x5271
$func24 @ 00284a2a:0x51b1
$func24 @ 00284a2a:0x51b1
$func556 @ 00284a2a:0x6a4c2
$func562 @ 00284a2a:0x6ac14
$func24 @ 00284a2a:0x3404
$func24 @ 00284a2a:0x5327
$func457 @ 00284a2a:0x609f5
$func562 @ 00284a2a:0x6ac4e
$func83 @ 00284a2a:0x16013
$func24 @ 00284a2a:0x5271
$func24 @ 00284a2a:0x51b1
$func24 @ 00284a2a:0x51b1
$func556 @ 00284a2a:0x6a4c2
$func562 @ 00284a2a:0x6ac14
$func24 @ 00284a2a:0x3404
$func24 @ 00284a2a:0x5327
$func457 @ 00284a2a:0x609f5
$func562 @ 00284a2a:0x6ac4e
$func83 @ 00284a2a:0x16013
$func24 @ 00284a2a:0x5271
$func24 @ 00284a2a:0x51b1
$func24 @ 00284a2a:0x51b1
$func556 @ 00284a2a:0x6a4c2
$func562 @ 00284a2a:0x6ac14
$func24 @ 00284a2a:0x3404
$func24 @ 00284a2a:0x5327
$func457 @ 00284a2a:0x609f5
$func562 @ 00284a2a:0x6ac4e
$func83 @ 00284a2a:0x16013
$func24 @ 00284a2a:0x5271
$func24 @ 00284a2a:0x51b1
$func24 @ 00284a2a:0x51b1
$func556 @ 00284a2a:0x6a4c2
$func562 @ 00284a2a:0x6ac14
$func24 @ 00284a2a:0x3404
$func24 @ 00284a2a:0x5327
$func712 @ 00284a2a:0x7c38d
$X @ 00284a2a:0x7def0
E._QTS_ExecutePendingJob @ vendors~mg-plugin.3cc39455.js:1
A.executePendingJobs @ vendors~mg-plugin.3cc39455.js:1
(anonymous) @ app.cbca4f39.js:1
Promise.then (async)
executePendingJobs @ app.cbca4f39.js:1
(anonymous) @ app.cbca4f39.js:1
Promise.finally (async)
(anonymous) @ app.cbca4f39.js:1
(anonymous) @ app.cbca4f39.js:14
(anonymous) @ vendors~mg-plugin.3cc39455.js:1
A.withScope @ vendors~mg-plugin.3cc39455.js:1
A.cToHostCallbackFunction @ vendors~mg-plugin.3cc39455.js:1
A.cToHostCallbackFunction @ vendors~mg-plugin.3cc39455.js:1
$func806 @ 00284a2a:0x856b8
$func573 @ 00284a2a:0x6b75e
$func24 @ 00284a2a:0x3404
$func24 @ 00284a2a:0x5327
$func556 @ 00284a2a:0x6a4c2
$func562 @ 00284a2a:0x6ac14
$func24 @ 00284a2a:0x3404
$func24 @ 00284a2a:0x5327
$func457 @ 00284a2a:0x609f5
$func562 @ 00284a2a:0x6ac4e
$func83 @ 00284a2a:0x16013
$func24 @ 00284a2a:0x5271
$func24 @ 00284a2a:0x51b1
$func24 @ 00284a2a:0x51b1
$func556 @ 00284a2a:0x6a4c2
$func562 @ 00284a2a:0x6ac14
$func24 @ 00284a2a:0x3404
$func24 @ 00284a2a:0x5327
$func457 @ 00284a2a:0x609f5
$func562 @ 00284a2a:0x6ac4e
$func83 @ 00284a2a:0x16013
$func24 @ 00284a2a:0x5271
$func24 @ 00284a2a:0x51b1
$func24 @ 00284a2a:0x51b1
$func556 @ 00284a2a:0x6a4c2
$func562 @ 00284a2a:0x6ac14
$func24 @ 00284a2a:0x3404
$func24 @ 00284a2a:0x5327
$func457 @ 00284a2a:0x609f5
$func562 @ 00284a2a:0x6ac4e
$func83 @ 00284a2a:0x16013
$func24 @ 00284a2a:0x5271
$func24 @ 00284a2a:0x51b1
$func24 @ 00284a2a:0x51b1
$func556 @ 00284a2a:0x6a4c2
$func562 @ 00284a2a:0x6ac14
$func24 @ 00284a2a:0x3404
$func24 @ 00284a2a:0x5327
$func457 @ 00284a2a:0x609f5
$func562 @ 00284a2a:0x6ac4e
$func83 @ 00284a2a:0x16013
$func24 @ 00284a2a:0x5271
$func24 @ 00284a2a:0x51b1
$func24 @ 00284a2a:0x51b1
$func556 @ 00284a2a:0x6a4c2
$func562 @ 00284a2a:0x6ac14
$func24 @ 00284a2a:0x3404
$func24 @ 00284a2a:0x5327
$func712 @ 00284a2a:0x7c38d
$X @ 00284a2a:0x7def0
E._QTS_ExecutePendingJob @ vendors~mg-plugin.3cc39455.js:1
A.executePendingJobs @ vendors~mg-plugin.3cc39455.js:1
(anonymous) @ app.cbca4f39.js:1
Promise.then (async)
executePendingJobs @ app.cbca4f39.js:1
i @ app.cbca4f39.js:1
c @ app.cbca4f39.js:1
Ns.handlePluginMessage @ app.cbca4f39.js:1
i @ chunk-libs.ca58d924.js:5
postMessage (async)
(anonymous) @ plugin-sandbox.html:26
chunk-libs.ca58d924.js:127 [MasterGo2Figma] Export queue not advanced because current run failed {"sessionId":"session-1779262654896-7hlmudae2xr","batchIndex":4,"batchTotal":5,"remainingPageCount":1,"remainingPages":[{"name":"agent客户端优化方案（0401）","message":"","stack":"[Stack Hidden]"}],"debugState":{"phase":"transfer:content-chunk","file":"pages/page-001-agent客户端融合方案-0206/layers/layers-140.json","transferId":"export-1779262952715-2661482808311326","fileIndex":139,"chunkIndex":10,"fileSize":28941,"streamedBytes":4703170,"processedNodes":15679,"totalNodes":0}}
(anonymous) @ chunk-libs.ca58d924.js:127
(anonymous) @ app.cbca4f39.js:1
(anonymous) @ vendors~mg-plugin.3cc39455.js:1
A.withScope @ vendors~mg-plugin.3cc39455.js:1
A.cToHostCallbackFunction @ vendors~mg-plugin.3cc39455.js:1
A.cToHostCallbackFunction @ vendors~mg-plugin.3cc39455.js:1
$func806 @ 00284a2a:0x856b8
$func573 @ 00284a2a:0x6b75e
$func24 @ 00284a2a:0x3404
$func24 @ 00284a2a:0x5327
$func24 @ 00284a2a:0x51b1
$func556 @ 00284a2a:0x6a4c2
$func562 @ 00284a2a:0x6ac14
$func24 @ 00284a2a:0x3404
$func24 @ 00284a2a:0x5327
$func712 @ 00284a2a:0x7c38d
$X @ 00284a2a:0x7def0
E._QTS_ExecutePendingJob @ vendors~mg-plugin.3cc39455.js:1
A.executePendingJobs @ vendors~mg-plugin.3cc39455.js:1
(anonymous) @ app.cbca4f39.js:1
Promise.then (async)
executePendingJobs @ app.cbca4f39.js:1
(anonymous) @ app.cbca4f39.js:1
i @ chunk-libs.ca58d924.js:5
setTimeout (async)
(anonymous) @ chunk-libs.ca58d924.js:5
(anonymous) @ app.cbca4f39.js:1
(anonymous) @ vendors~mg-plugin.3cc39455.js:1
A.withScope @ vendors~mg-plugin.3cc39455.js:1
A.cToHostCallbackFunction @ vendors~mg-plugin.3cc39455.js:1
A.cToHostCallbackFunction @ vendors~mg-plugin.3cc39455.js:1
$func806 @ 00284a2a:0x856b8
$func573 @ 00284a2a:0x6b75e
$func24 @ 00284a2a:0x3404
$func24 @ 00284a2a:0x51b1
$func457 @ 00284a2a:0x609f5
$func562 @ 00284a2a:0x6ac4e
$func83 @ 00284a2a:0x16013
$func24 @ 00284a2a:0x5271
$func24 @ 00284a2a:0x51b1
$func556 @ 00284a2a:0x6a4c2
$func562 @ 00284a2a:0x6ac14
$func24 @ 00284a2a:0x3404
$func24 @ 00284a2a:0x5327
$func457 @ 00284a2a:0x609f5
$func562 @ 00284a2a:0x6ac4e
$func83 @ 00284a2a:0x16013
$func24 @ 00284a2a:0x5271
$func24 @ 00284a2a:0x51b1
$func24 @ 00284a2a:0x51b1
$func556 @ 00284a2a:0x6a4c2
$func562 @ 00284a2a:0x6ac14
$func24 @ 00284a2a:0x3404
$func24 @ 00284a2a:0x5327
$func712 @ 00284a2a:0x7c38d
$X @ 00284a2a:0x7def0
E._QTS_ExecutePendingJob @ vendors~mg-plugin.3cc39455.js:1
A.executePendingJobs @ vendors~mg-plugin.3cc39455.js:1
(anonymous) @ app.cbca4f39.js:1
Promise.then (async)
executePendingJobs @ app.cbca4f39.js:1
(anonymous) @ app.cbca4f39.js:1
Promise.finally (async)
(anonymous) @ app.cbca4f39.js:1
(anonymous) @ app.cbca4f39.js:14
(anonymous) @ vendors~mg-plugin.3cc39455.js:1
A.withScope @ vendors~mg-plugin.3cc39455.js:1
A.cToHostCallbackFunction @ vendors~mg-plugin.3cc39455.js:1
A.cToHostCallbackFunction @ vendors~mg-plugin.3cc39455.js:1
$func806 @ 00284a2a:0x856b8
$func573 @ 00284a2a:0x6b75e
$func24 @ 00284a2a:0x3404
$func24 @ 00284a2a:0x5327
$func556 @ 00284a2a:0x6a4c2
$func562 @ 00284a2a:0x6ac14
$func24 @ 00284a2a:0x3404
$func24 @ 00284a2a:0x5327
$func457 @ 00284a2a:0x609f5
$func562 @ 00284a2a:0x6ac4e
$func83 @ 00284a2a:0x16013
$func24 @ 00284a2a:0x5271
$func24 @ 00284a2a:0x51b1
$func24 @ 00284a2a:0x51b1
$func556 @ 00284a2a:0x6a4c2
$func562 @ 00284a2a:0x6ac14
$func24 @ 00284a2a:0x3404
$func24 @ 00284a2a:0x5327
$func457 @ 00284a2a:0x609f5
$func562 @ 00284a2a:0x6ac4e
$func83 @ 00284a2a:0x16013
$func24 @ 00284a2a:0x5271
$func24 @ 00284a2a:0x51b1
$func24 @ 00284a2a:0x51b1
$func556 @ 00284a2a:0x6a4c2
$func562 @ 00284a2a:0x6ac14
$func24 @ 00284a2a:0x3404
$func24 @ 00284a2a:0x5327
$func457 @ 00284a2a:0x609f5
$func562 @ 00284a2a:0x6ac4e
$func83 @ 00284a2a:0x16013
$func24 @ 00284a2a:0x5271
$func24 @ 00284a2a:0x51b1
$func24 @ 00284a2a:0x51b1
$func556 @ 00284a2a:0x6a4c2
$func562 @ 00284a2a:0x6ac14
$func24 @ 00284a2a:0x3404
$func24 @ 00284a2a:0x5327
$func457 @ 00284a2a:0x609f5
$func562 @ 00284a2a:0x6ac4e
$func83 @ 00284a2a:0x16013
$func24 @ 00284a2a:0x5271
$func24 @ 00284a2a:0x51b1
$func24 @ 00284a2a:0x51b1
$func556 @ 00284a2a:0x6a4c2
$func562 @ 00284a2a:0x6ac14
$func24 @ 00284a2a:0x3404
$func24 @ 00284a2a:0x5327
$func712 @ 00284a2a:0x7c38d
$X @ 00284a2a:0x7def0
E._QTS_ExecutePendingJob @ vendors~mg-plugin.3cc39455.js:1
A.executePendingJobs @ vendors~mg-plugin.3cc39455.js:1
(anonymous) @ app.cbca4f39.js:1
Promise.then (async)
executePendingJobs @ app.cbca4f39.js:1
i @ app.cbca4f39.js:1
c @ app.cbca4f39.js:1
Ns.handlePluginMessage @ app.cbca4f39.js:1
i @ chunk-libs.ca58d924.js:5
postMessage (async)
(anonymous) @ plugin-sandbox.html:26
postMessage (async)
send @ VM293:31
acknowledgeLocalRelayFile @ VM293:536
await in acknowledgeLocalRelayFile (async)
window.onmessage @ VM293:891
postMessage (async)
postMessage @ app.cbca4f39.js:1
(anonymous) @ app.cbca4f39.js:1
(anonymous) @ app.cbca4f39.js:14
(anonymous) @ vendors~mg-plugin.3cc39455.js:1
A.withScope @ vendors~mg-plugin.3cc39455.js:1
A.cToHostCallbackFunction @ vendors~mg-plugin.3cc39455.js:1
A.cToHostCallbackFunction @ vendors~mg-plugin.3cc39455.js:1
$func806 @ 00284a2a:0x856b8
$func573 @ 00284a2a:0x6b75e
$func24 @ 00284a2a:0x3404
$func24 @ 00284a2a:0x5327
$func24 @ 00284a2a:0x51b1
$func556 @ 00284a2a:0x6a4c2
$func562 @ 00284a2a:0x6ac14
$func24 @ 00284a2a:0x3404
$func24 @ 00284a2a:0x5327
$func712 @ 00284a2a:0x7c38d
$X @ 00284a2a:0x7def0
E._QTS_ExecutePendingJob @ vendors~mg-plugin.3cc39455.js:1
A.executePendingJobs @ vendors~mg-plugin.3cc39455.js:1
(anonymous) @ app.cbca4f39.js:1
Promise.then (async)
executePendingJobs @ app.cbca4f39.js:1
(anonymous) @ app.cbca4f39.js:1
Promise.finally (async)
(anonymous) @ app.cbca4f39.js:1
(anonymous) @ app.cbca4f39.js:14
(anonymous) @ vendors~mg-plugin.3cc39455.js:1
A.withScope @ vendors~mg-plugin.3cc39455.js:1
A.cToHostCallbackFunction @ vendors~mg-plugin.3cc39455.js:1
A.cToHostCallbackFunction @ vendors~mg-plugin.3cc39455.js:1
$func806 @ 00284a2a:0x856b8
$func573 @ 00284a2a:0x6b75e
$func24 @ 00284a2a:0x3404
$func24 @ 00284a2a:0x5327
$func556 @ 00284a2a:0x6a4c2
$func562 @ 00284a2a:0x6ac14
$func24 @ 00284a2a:0x3404
$func24 @ 00284a2a:0x5327
$func457 @ 00284a2a:0x609f5
$func562 @ 00284a2a:0x6ac4e
$func83 @ 00284a2a:0x16013
$func24 @ 00284a2a:0x5271
$func24 @ 00284a2a:0x51b1
$func24 @ 00284a2a:0x51b1
$func556 @ 00284a2a:0x6a4c2
$func562 @ 00284a2a:0x6ac14
$func24 @ 00284a2a:0x3404
$func24 @ 00284a2a:0x5327
$func457 @ 00284a2a:0x609f5
$func562 @ 00284a2a:0x6ac4e
$func83 @ 00284a2a:0x16013
$func24 @ 00284a2a:0x5271
$func24 @ 00284a2a:0x51b1
$func24 @ 00284a2a:0x51b1
$func556 @ 00284a2a:0x6a4c2
$func562 @ 00284a2a:0x6ac14
$func24 @ 00284a2a:0x3404
$func24 @ 00284a2a:0x5327
$func457 @ 00284a2a:0x609f5
$func562 @ 00284a2a:0x6ac4e
$func83 @ 00284a2a:0x16013
$func24 @ 00284a2a:0x5271
$func24 @ 00284a2a:0x51b1
$func24 @ 00284a2a:0x51b1
$func556 @ 00284a2a:0x6a4c2
$func562 @ 00284a2a:0x6ac14
$func24 @ 00284a2a:0x3404
$func24 @ 00284a2a:0x5327
$func457 @ 00284a2a:0x609f5
$func562 @ 00284a2a:0x6ac4e
$func83 @ 00284a2a:0x16013
$func24 @ 00284a2a:0x5271
$func24 @ 00284a2a:0x51b1
$func24 @ 00284a2a:0x51b1
$func556 @ 00284a2a:0x6a4c2
$func562 @ 00284a2a:0x6ac14
$func24 @ 00284a2a:0x3404
$func24 @ 00284a2a:0x5327
$func712 @ 00284a2a:0x7c38d
$X @ 00284a2a:0x7def0
E._QTS_ExecutePendingJob @ vendors~mg-plugin.3cc39455.js:1
A.executePendingJobs @ vendors~mg-plugin.3cc39455.js:1
(anonymous) @ app.cbca4f39.js:1
Promise.then (async)
executePendingJobs @ app.cbca4f39.js:1
(anonymous) @ app.cbca4f39.js:1
i @ chunk-libs.ca58d924.js:5
setTimeout (async)
(anonymous) @ chunk-libs.ca58d924.js:5
(anonymous) @ app.cbca4f39.js:1
(anonymous) @ vendors~mg-plugin.3cc39455.js:1
A.withScope @ vendors~mg-plugin.3cc39455.js:1
A.cToHostCallbackFunction @ vendors~mg-plugin.3cc39455.js:1
A.cToHostCallbackFunction @ vendors~mg-plugin.3cc39455.js:1
$func806 @ 00284a2a:0x856b8
$func573 @ 00284a2a:0x6b75e
$func24 @ 00284a2a:0x3404
$func24 @ 00284a2a:0x51b1
$func457 @ 00284a2a:0x609f5
$func562 @ 00284a2a:0x6ac4e
$func83 @ 00284a2a:0x16013
$func24 @ 00284a2a:0x5271
$func24 @ 00284a2a:0x51b1
$func556 @ 00284a2a:0x6a4c2
$func562 @ 00284a2a:0x6ac14
$func24 @ 00284a2a:0x3404
$func24 @ 00284a2a:0x5327
$func457 @ 00284a2a:0x609f5
$func562 @ 00284a2a:0x6ac4e
$func83 @ 00284a2a:0x16013
$func24 @ 00284a2a:0x5271
$func24 @ 00284a2a:0x51b1
$func24 @ 00284a2a:0x51b1
$func556 @ 00284a2a:0x6a4c2
$func562 @ 00284a2a:0x6ac14
$func24 @ 00284a2a:0x3404
$func24 @ 00284a2a:0x5327
$func712 @ 00284a2a:0x7c38d
$X @ 00284a2a:0x7def0
E._QTS_ExecutePendingJob @ vendors~mg-plugin.3cc39455.js:1
A.executePendingJobs @ vendors~mg-plugin.3cc39455.js:1
(anonymous) @ app.cbca4f39.js:1
Promise.then (async)
executePendingJobs @ app.cbca4f39.js:1
i @ app.cbca4f39.js:1
c @ app.cbca4f39.js:1
Ns.handlePluginMessage @ app.cbca4f39.js:1
i @ chunk-libs.ca58d924.js:5
postMessage (async)
(anonymous) @ plugin-sandbox.html:26
postMessage (async)
send @ VM293:31
acknowledgeLocalRelayFile @ VM293:536
await in acknowledgeLocalRelayFile (async)
window.onmessage @ VM293:891
postMessage (async)
postMessage @ app.cbca4f39.js:1
(anonymous) @ app.cbca4f39.js:1
(anonymous) @ app.cbca4f39.js:14
(anonymous) @ vendors~mg-plugin.3cc39455.js:1
A.withScope @ vendors~mg-plugin.3cc39455.js:1
A.cToHostCallbackFunction @ vendors~mg-plugin.3cc39455.js:1
A.cToHostCallbackFunction @ vendors~mg-plugin.3cc39455.js:1
$func806 @ 00284a2a:0x856b8
$func573 @ 00284a2a:0x6b75e
$func24 @ 00284a2a:0x3404
$func24 @ 00284a2a:0x5327
$func24 @ 00284a2a:0x51b1
$func556 @ 00284a2a:0x6a4c2
$func562 @ 00284a2a:0x6ac14
$func24 @ 00284a2a:0x3404
$func24 @ 00284a2a:0x5327
$func712 @ 00284a2a:0x7c38d
$X @ 00284a2a:0x7def0
E._QTS_ExecutePendingJob @ vendors~mg-plugin.3cc39455.js:1
A.executePendingJobs @ vendors~mg-plugin.3cc39455.js:1
(anonymous) @ app.cbca4f39.js:1
Promise.then (async)
executePendingJobs @ app.cbca4f39.js:1
(anonymous) @ app.cbca4f39.js:1
i @ chunk-libs.ca58d924.js:5
setTimeout (async)
(anonymous) @ chunk-libs.ca58d924.js:5
(anonymous) @ app.cbca4f39.js:1
(anonymous) @ vendors~mg-plugin.3cc39455.js:1
A.withScope @ vendors~mg-plugin.3cc39455.js:1
A.cToHostCallbackFunction @ vendors~mg-plugin.3cc39455.js:1
A.cToHostCallbackFunction @ vendors~mg-plugin.3cc39455.js:1
$func806 @ 00284a2a:0x856b8
$func573 @ 00284a2a:0x6b75e
$func24 @ 00284a2a:0x3404
$func24 @ 00284a2a:0x51b1
$func457 @ 00284a2a:0x609f5
$func562 @ 00284a2a:0x6ac4e
$func83 @ 00284a2a:0x16013
$func24 @ 00284a2a:0x5271
$func24 @ 00284a2a:0x51b1
$func556 @ 00284a2a:0x6a4c2
$func562 @ 00284a2a:0x6ac14
$func24 @ 00284a2a:0x3404
$func24 @ 00284a2a:0x5327
$func457 @ 00284a2a:0x609f5
$func562 @ 00284a2a:0x6ac4e
$func83 @ 00284a2a:0x16013
$func24 @ 00284a2a:0x5271
$func24 @ 00284a2a:0x51b1
$func24 @ 00284a2a:0x51b1
$func556 @ 00284a2a:0x6a4c2
$func562 @ 00284a2a:0x6ac14
$func24 @ 00284a2a:0x3404
$func24 @ 00284a2a:0x5327
$func712 @ 00284a2a:0x7c38d
$X @ 00284a2a:0x7def0
E._QTS_ExecutePendingJob @ vendors~mg-plugin.3cc39455.js:1
A.executePendingJobs @ vendors~mg-plugin.3cc39455.js:1
(anonymous) @ app.cbca4f39.js:1
Promise.then (async)
executePendingJobs @ app.cbca4f39.js:1
(anonymous) @ app.cbca4f39.js:1
Promise.finally (async)
(anonymous) @ app.cbca4f39.js:1
(anonymous) @ app.cbca4f39.js:14
(anonymous) @ vendors~mg-plugin.3cc39455.js:1
A.withScope @ vendors~mg-plugin.3cc39455.js:1
A.cToHostCallbackFunction @ vendors~mg-plugin.3cc39455.js:1
A.cToHostCallbackFunction @ vendors~mg-plugin.3cc39455.js:1
$func806 @ 00284a2a:0x856b8
$func573 @ 00284a2a:0x6b75e
$func24 @ 00284a2a:0x3404
$func24 @ 00284a2a:0x5327
$func556 @ 00284a2a:0x6a4c2
$func562 @ 00284a2a:0x6ac14
$func24 @ 00284a2a:0x3404
$func24 @ 00284a2a:0x5327
$func457 @ 00284a2a:0x609f5
$func562 @ 00284a2a:0x6ac4e
$func83 @ 00284a2a:0x16013
$func24 @ 00284a2a:0x5271
$func24 @ 00284a2a:0x51b1
$func24 @ 00284a2a:0x51b1
$func556 @ 00284a2a:0x6a4c2
$func562 @ 00284a2a:0x6ac14
$func24 @ 00284a2a:0x3404
$func24 @ 00284a2a:0x5327
$func457 @ 00284a2a:0x609f5
$func562 @ 00284a2a:0x6ac4e
$func83 @ 00284a2a:0x16013
$func24 @ 00284a2a:0x5271
$func24 @ 00284a2a:0x51b1
$func24 @ 00284a2a:0x51b1
$func556 @ 00284a2a:0x6a4c2
$func562 @ 00284a2a:0x6ac14
$func24 @ 00284a2a:0x3404
$func24 @ 00284a2a:0x5327
$func457 @ 00284a2a:0x609f5
$func562 @ 00284a2a:0x6ac4e
$func83 @ 00284a2a:0x16013
$func24 @ 00284a2a:0x5271
$func24 @ 00284a2a:0x51b1
$func24 @ 00284a2a:0x51b1
$func556 @ 00284a2a:0x6a4c2
$func562 @ 00284a2a:0x6ac14
$func24 @ 00284a2a:0x3404
$func24 @ 00284a2a:0x5327
$func457 @ 00284a2a:0x609f5
$func562 @ 00284a2a:0x6ac4e
$func83 @ 00284a2a:0x16013
$func24 @ 00284a2a:0x5271
$func24 @ 00284a2a:0x51b1
$func24 @ 00284a2a:0x51b1
$func556 @ 00284a2a:0x6a4c2
$func562 @ 00284a2a:0x6ac14
$func24 @ 00284a2a:0x3404
$func24 @ 00284a2a:0x5327
$func712 @ 00284a2a:0x7c38d
$X @ 00284a2a:0x7def0
E._QTS_ExecutePendingJob @ vendors~mg-plugin.3cc39455.js:1
A.executePendingJobs @ vendors~mg-plugin.3cc39455.js:1
(anonymous) @ app.cbca4f39.js:1
Promise.then (async)
executePendingJobs @ app.cbca4f39.js:1
(anonymous) @ app.cbca4f39.js:1
Promise.finally (async)
(anonymous) @ app.cbca4f39.js:1
(anonymous) @ app.cbca4f39.js:14
(anonymous) @ vendors~mg-plugin.3cc39455.js:1
A.withScope @ vendors~mg-plugin.3cc39455.js:1
A.cToHostCallbackFunction @ vendors~mg-plugin.3cc39455.js:1
A.cToHostCallbackFunction @ vendors~mg-plugin.3cc39455.js:1
$func806 @ 00284a2a:0x856b8
$func573 @ 00284a2a:0x6b75e
$func24 @ 00284a2a:0x3404
$func24 @ 00284a2a:0x5327
$func556 @ 00284a2a:0x6a4c2
$func562 @ 00284a2a:0x6ac14
$func24 @ 00284a2a:0x3404
$func24 @ 00284a2a:0x5327
$func457 @ 00284a2a:0x609f5
$func562 @ 00284a2a:0x6ac4e
$func83 @ 00284a2a:0x16013
$func24 @ 00284a2a:0x5271
$func24 @ 00284a2a:0x51b1
$func24 @ 00284a2a:0x51b1
$func556 @ 00284a2a:0x6a4c2
$func562 @ 00284a2a:0x6ac14
$func24 @ 00284a2a:0x3404
$func24 @ 00284a2a:0x5327
$func457 @ 00284a2a:0x609f5
$func562 @ 00284a2a:0x6ac4e
$func83 @ 00284a2a:0x16013
$func24 @ 00284a2a:0x5271
$func24 @ 00284a2a:0x51b1
$func24 @ 00284a2a:0x51b1
$func556 @ 00284a2a:0x6a4c2
$func562 @ 00284a2a:0x6ac14
$func24 @ 00284a2a:0x3404
$func24 @ 00284a2a:0x5327
$func457 @ 00284a2a:0x609f5
$func562 @ 00284a2a:0x6ac4e
$func83 @ 00284a2a:0x16013
$func24 @ 00284a2a:0x5271
$func24 @ 00284a2a:0x51b1
$func24 @ 00284a2a:0x51b1
$func556 @ 00284a2a:0x6a4c2
$func562 @ 00284a2a:0x6ac14
$func24 @ 00284a2a:0x3404
$func24 @ 00284a2a:0x5327
$func457 @ 00284a2a:0x609f5
$func562 @ 00284a2a:0x6ac4e
$func83 @ 00284a2a:0x16013
$func24 @ 00284a2a:0x5271
$func24 @ 00284a2a:0x51b1
$func24 @ 00284a2a:0x51b1
$func556 @ 00284a2a:0x6a4c2
$func562 @ 00284a2a:0x6ac14
$func24 @ 00284a2a:0x3404
$func24 @ 00284a2a:0x5327
$func712 @ 00284a2a:0x7c38d
$X @ 00284a2a:0x7def0
E._QTS_ExecutePendingJob @ vendors~mg-plugin.3cc39455.js:1
A.executePendingJobs @ vendors~mg-plugin.3cc39455.js:1
(anonymous) @ app.cbca4f39.js:1
Promise.then (async)
executePendingJobs @ app.cbca4f39.js:1
(anonymous) @ app.cbca4f39.js:1
Promise.finally (async)
(anonymous) @ app.cbca4f39.js:1
(anonymous) @ app.cbca4f39.js:14
(anonymous) @ vendors~mg-plugin.3cc39455.js:1
A.withScope @ vendors~mg-plugin.3cc39455.js:1
A.cToHostCallbackFunction @ vendors~mg-plugin.3cc39455.js:1
A.cToHostCallbackFunction @ vendors~mg-plugin.3cc39455.js:1
$func806 @ 00284a2a:0x856b8
$func573 @ 00284a2a:0x6b75e
$func24 @ 00284a2a:0x3404
$func24 @ 00284a2a:0x5327
$func556 @ 00284a2a:0x6a4c2
$func562 @ 00284a2a:0x6ac14
$func24 @ 00284a2a:0x3404
$func24 @ 00284a2a:0x5327
$func457 @ 00284a2a:0x609f5
$func562 @ 00284a2a:0x6ac4e
$func83 @ 00284a2a:0x16013
$func24 @ 00284a2a:0x5271
$func24 @ 00284a2a:0x51b1
$func24 @ 00284a2a:0x51b1
$func556 @ 00284a2a:0x6a4c2
$func562 @ 00284a2a:0x6ac14
$func24 @ 00284a2a:0x3404
$func24 @ 00284a2a:0x5327
$func457 @ 00284a2a:0x609f5
$func562 @ 00284a2a:0x6ac4e
$func83 @ 00284a2a:0x16013
$func24 @ 00284a2a:0x5271
$func24 @ 00284a2a:0x51b1
$func24 @ 00284a2a:0x51b1
$func556 @ 00284a2a:0x6a4c2
$func562 @ 00284a2a:0x6ac14
$func24 @ 00284a2a:0x3404
$func24 @ 00284a2a:0x5327
$func457 @ 00284a2a:0x609f5
$func562 @ 00284a2a:0x6ac4e
$func83 @ 00284a2a:0x16013
$func24 @ 00284a2a:0x5271
$func24 @ 00284a2a:0x51b1
$func24 @ 00284a2a:0x51b1
$func556 @ 00284a2a:0x6a4c2
$func562 @ 00284a2a:0x6ac14
$func24 @ 00284a2a:0x3404
$func24 @ 00284a2a:0x5327
$func457 @ 00284a2a:0x609f5
$func562 @ 00284a2a:0x6ac4e
$func83 @ 00284a2a:0x16013
$func24 @ 00284a2a:0x5271
$func24 @ 00284a2a:0x51b1
$func24 @ 00284a2a:0x51b1
$func556 @ 00284a2a:0x6a4c2
$func562 @ 00284a2a:0x6ac14
$func24 @ 00284a2a:0x3404
$func24 @ 00284a2a:0x5327
$func712 @ 00284a2a:0x7c38d
$X @ 00284a2a:0x7def0
E._QTS_ExecutePendingJob @ vendors~mg-plugin.3cc39455.js:1
A.executePendingJobs @ vendors~mg-plugin.3cc39455.js:1
(anonymous) @ app.cbca4f39.js:1
Promise.then (async)
executePendingJobs @ app.cbca4f39.js:1
(anonymous) @ app.cbca4f39.js:1
Promise.finally (async)
(anonymous) @ app.cbca4f39.js:1
(anonymous) @ app.cbca4f39.js:14
(anonymous) @ vendors~mg-plugin.3cc39455.js:1
A.withScope @ vendors~mg-plugin.3cc39455.js:1
A.cToHostCallbackFunction @ vendors~mg-plugin.3cc39455.js:1
A.cToHostCallbackFunction @ vendors~mg-plugin.3cc39455.js:1
$func806 @ 00284a2a:0x856b8
$func573 @ 00284a2a:0x6b75e
$func24 @ 00284a2a:0x3404
$func24 @ 00284a2a:0x5327
$func556 @ 00284a2a:0x6a4c2
$func562 @ 00284a2a:0x6ac14
$func24 @ 00284a2a:0x3404
$func24 @ 00284a2a:0x5327
$func457 @ 00284a2a:0x609f5
$func562 @ 00284a2a:0x6ac4e
$func83 @ 00284a2a:0x16013
$func24 @ 00284a2a:0x5271
$func24 @ 00284a2a:0x51b1
$func24 @ 00284a2a:0x51b1
$func556 @ 00284a2a:0x6a4c2
$func562 @ 00284a2a:0x6ac14
$func24 @ 00284a2a:0x3404
$func24 @ 00284a2a:0x5327
$func457 @ 00284a2a:0x609f5
$func562 @ 00284a2a:0x6ac4e
$func83 @ 00284a2a:0x16013
$func24 @ 00284a2a:0x5271
$func24 @ 00284a2a:0x51b1
$func24 @ 00284a2a:0x51b1
$func556 @ 00284a2a:0x6a4c2
$func562 @ 00284a2a:0x6ac14
$func24 @ 00284a2a:0x3404
$func24 @ 00284a2a:0x5327
$func457 @ 00284a2a:0x609f5
$func562 @ 00284a2a:0x6ac4e
$func83 @ 00284a2a:0x16013
$func24 @ 00284a2a:0x5271
$func24 @ 00284a2a:0x51b1
$func24 @ 00284a2a:0x51b1
$func556 @ 00284a2a:0x6a4c2
$func562 @ 00284a2a:0x6ac14
$func24 @ 00284a2a:0x3404
$func24 @ 00284a2a:0x5327
$func457 @ 00284a2a:0x609f5
$func562 @ 00284a2a:0x6ac4e
$func83 @ 00284a2a:0x16013
$func24 @ 00284a2a:0x5271
$func24 @ 00284a2a:0x51b1
$func24 @ 00284a2a:0x51b1
$func556 @ 00284a2a:0x6a4c2
$func562 @ 00284a2a:0x6ac14
$func24 @ 00284a2a:0x3404
$func24 @ 00284a2a:0x5327
$func712 @ 00284a2a:0x7c38d
$X @ 00284a2a:0x7def0
E._QTS_ExecutePendingJob @ vendors~mg-plugin.3cc39455.js:1
A.executePendingJobs @ vendors~mg-plugin.3cc39455.js:1
(anonymous) @ app.cbca4f39.js:1
Promise.then (async)
executePendingJobs @ app.cbca4f39.js:1
(anonymous) @ app.cbca4f39.js:1
Promise.finally (async)
(anonymous) @ app.cbca4f39.js:1
(anonymous) @ app.cbca4f39.js:14
(anonymous) @ vendors~mg-plugin.3cc39455.js:1
A.withScope @ vendors~mg-plugin.3cc39455.js:1
A.cToHostCallbackFunction @ vendors~mg-plugin.3cc39455.js:1
A.cToHostCallbackFunction @ vendors~mg-plugin.3cc39455.js:1
$func806 @ 00284a2a:0x856b8
$func573 @ 00284a2a:0x6b75e
$func24 @ 00284a2a:0x3404
$func24 @ 00284a2a:0x5327
$func556 @ 00284a2a:0x6a4c2
$func562 @ 00284a2a:0x6ac14
$func24 @ 00284a2a:0x3404
$func24 @ 00284a2a:0x5327
$func457 @ 00284a2a:0x609f5
$func562 @ 00284a2a:0x6ac4e
$func83 @ 00284a2a:0x16013
$func24 @ 00284a2a:0x5271
$func24 @ 00284a2a:0x51b1
$func24 @ 00284a2a:0x51b1
$func556 @ 00284a2a:0x6a4c2
$func562 @ 00284a2a:0x6ac14
$func24 @ 00284a2a:0x3404
$func24 @ 00284a2a:0x5327
$func457 @ 00284a2a:0x609f5
$func562 @ 00284a2a:0x6ac4e
$func83 @ 00284a2a:0x16013
$func24 @ 00284a2a:0x5271
$func24 @ 00284a2a:0x51b1
$func24 @ 00284a2a:0x51b1
$func556 @ 00284a2a:0x6a4c2
$func562 @ 00284a2a:0x6ac14
$func24 @ 00284a2a:0x3404
$func24 @ 00284a2a:0x5327
$func457 @ 00284a2a:0x609f5
$func562 @ 00284a2a:0x6ac4e
$func83 @ 00284a2a:0x16013
$func24 @ 00284a2a:0x5271
$func24 @ 00284a2a:0x51b1
$func24 @ 00284a2a:0x51b1
$func556 @ 00284a2a:0x6a4c2
$func562 @ 00284a2a:0x6ac14
$func24 @ 00284a2a:0x3404
$func24 @ 00284a2a:0x5327
$func457 @ 00284a2a:0x609f5
$func562 @ 00284a2a:0x6ac4e
$func83 @ 00284a2a:0x16013
$func24 @ 00284a2a:0x5271
$func24 @ 00284a2a:0x51b1
$func24 @ 00284a2a:0x51b1
$func556 @ 00284a2a:0x6a4c2
$func562 @ 00284a2a:0x6ac14
$func24 @ 00284a2a:0x3404
$func24 @ 00284a2a:0x5327
$func712 @ 00284a2a:0x7c38d
$X @ 00284a2a:0x7def0
E._QTS_ExecutePendingJob @ vendors~mg-plugin.3cc39455.js:1
A.executePendingJobs @ vendors~mg-plugin.3cc39455.js:1
(anonymous) @ app.cbca4f39.js:1
Promise.then (async)
executePendingJobs @ app.cbca4f39.js:1
i @ app.cbca4f39.js:1
c @ app.cbca4f39.js:1
Ns.handlePluginMessage @ app.cbca4f39.js:1
i @ chunk-libs.ca58d924.js:5
postMessage (async)
(anonymous) @ plugin-sandbox.html:26
VM293:252 [MasterGo2Figma UI] Auto export session failed {sessionId: 'session-1779262654896-7hlmudae2xr', message: 'out of memory', pendingPageIds: Array(2)}message: "out of memory"pendingPageIds: (2) ['97:06435', '344:22427']sessionId: "session-1779262654896-7hlmudae2xr"[[Prototype]]: Object
failAutoExportSession @ VM293:252
window.onmessage @ VM293:932
postMessage (async)
postMessage @ app.cbca4f39.js:1
(anonymous) @ app.cbca4f39.js:1
(anonymous) @ app.cbca4f39.js:14
(anonymous) @ vendors~mg-plugin.3cc39455.js:1
A.withScope @ vendors~mg-plugin.3cc39455.js:1
A.cToHostCallbackFunction @ vendors~mg-plugin.3cc39455.js:1
A.cToHostCallbackFunction @ vendors~mg-plugin.3cc39455.js:1
$func806 @ 00284a2a:0x856b8
$func573 @ 00284a2a:0x6b75e
$func24 @ 00284a2a:0x3404
$func24 @ 00284a2a:0x5327
$func24 @ 00284a2a:0x51b1
$func556 @ 00284a2a:0x6a4c2
$func562 @ 00284a2a:0x6ac14
$func24 @ 00284a2a:0x3404
$func24 @ 00284a2a:0x5327
$func712 @ 00284a2a:0x7c38d
$X @ 00284a2a:0x7def0
E._QTS_ExecutePendingJob @ vendors~mg-plugin.3cc39455.js:1
A.executePendingJobs @ vendors~mg-plugin.3cc39455.js:1
(anonymous) @ app.cbca4f39.js:1
Promise.then (async)
executePendingJobs @ app.cbca4f39.js:1
(anonymous) @ app.cbca4f39.js:1
i @ chunk-libs.ca58d924.js:5
setTimeout (async)
(anonymous) @ chunk-libs.ca58d924.js:5
(anonymous) @ app.cbca4f39.js:1
(anonymous) @ vendors~mg-plugin.3cc39455.js:1
A.withScope @ vendors~mg-plugin.3cc39455.js:1
A.cToHostCallbackFunction @ vendors~mg-plugin.3cc39455.js:1
A.cToHostCallbackFunction @ vendors~mg-plugin.3cc39455.js:1
$func806 @ 00284a2a:0x856b8
$func573 @ 00284a2a:0x6b75e
$func24 @ 00284a2a:0x3404
$func24 @ 00284a2a:0x51b1
$func457 @ 00284a2a:0x609f5
$func562 @ 00284a2a:0x6ac4e
$func83 @ 00284a2a:0x16013
$func24 @ 00284a2a:0x5271
$func24 @ 00284a2a:0x51b1
$func556 @ 00284a2a:0x6a4c2
$func562 @ 00284a2a:0x6ac14
$func24 @ 00284a2a:0x3404
$func24 @ 00284a2a:0x5327
$func457 @ 00284a2a:0x609f5
$func562 @ 00284a2a:0x6ac4e
$func83 @ 00284a2a:0x16013
$func24 @ 00284a2a:0x5271
$func24 @ 00284a2a:0x51b1
$func24 @ 00284a2a:0x51b1
$func556 @ 00284a2a:0x6a4c2
$func562 @ 00284a2a:0x6ac14
$func24 @ 00284a2a:0x3404
$func24 @ 00284a2a:0x5327
$func712 @ 00284a2a:0x7c38d
$X @ 00284a2a:0x7def0
E._QTS_ExecutePendingJob @ vendors~mg-plugin.3cc39455.js:1
A.executePendingJobs @ vendors~mg-plugin.3cc39455.js:1
(anonymous) @ app.cbca4f39.js:1
Promise.then (async)
executePendingJobs @ app.cbca4f39.js:1
(anonymous) @ app.cbca4f39.js:1
Promise.finally (async)
(anonymous) @ app.cbca4f39.js:1
(anonymous) @ app.cbca4f39.js:14
(anonymous) @ vendors~mg-plugin.3cc39455.js:1
A.withScope @ vendors~mg-plugin.3cc39455.js:1
A.cToHostCallbackFunction @ vendors~mg-plugin.3cc39455.js:1
A.cToHostCallbackFunction @ vendors~mg-plugin.3cc39455.js:1
$func806 @ 00284a2a:0x856b8
$func573 @ 00284a2a:0x6b75e
$func24 @ 00284a2a:0x3404
$func24 @ 00284a2a:0x5327
$func556 @ 00284a2a:0x6a4c2
$func562 @ 00284a2a:0x6ac14
$func24 @ 00284a2a:0x3404
$func24 @ 00284a2a:0x5327
$func457 @ 00284a2a:0x609f5
$func562 @ 00284a2a:0x6ac4e
$func83 @ 00284a2a:0x16013
$func24 @ 00284a2a:0x5271
$func24 @ 00284a2a:0x51b1
$func24 @ 00284a2a:0x51b1
$func556 @ 00284a2a:0x6a4c2
$func562 @ 00284a2a:0x6ac14
$func24 @ 00284a2a:0x3404
$func24 @ 00284a2a:0x5327
$func457 @ 00284a2a:0x609f5
$func562 @ 00284a2a:0x6ac4e
$func83 @ 00284a2a:0x16013
$func24 @ 00284a2a:0x5271
$func24 @ 00284a2a:0x51b1
$func24 @ 00284a2a:0x51b1
$func556 @ 00284a2a:0x6a4c2
$func562 @ 00284a2a:0x6ac14
$func24 @ 00284a2a:0x3404
$func24 @ 00284a2a:0x5327
$func457 @ 00284a2a:0x609f5
$func562 @ 00284a2a:0x6ac4e
$func83 @ 00284a2a:0x16013
$func24 @ 00284a2a:0x5271
$func24 @ 00284a2a:0x51b1
$func24 @ 00284a2a:0x51b1
$func556 @ 00284a2a:0x6a4c2
$func562 @ 00284a2a:0x6ac14
$func24 @ 00284a2a:0x3404
$func24 @ 00284a2a:0x5327
$func457 @ 00284a2a:0x609f5
$func562 @ 00284a2a:0x6ac4e
$func83 @ 00284a2a:0x16013
$func24 @ 00284a2a:0x5271
$func24 @ 00284a2a:0x51b1
$func24 @ 00284a2a:0x51b1
$func556 @ 00284a2a:0x6a4c2
$func562 @ 00284a2a:0x6ac14
$func24 @ 00284a2a:0x3404
$func24 @ 00284a2a:0x5327
$func712 @ 00284a2a:0x7c38d
$X @ 00284a2a:0x7def0
E._QTS_ExecutePendingJob @ vendors~mg-plugin.3cc39455.js:1
A.executePendingJobs @ vendors~mg-plugin.3cc39455.js:1
(anonymous) @ app.cbca4f39.js:1
Promise.then (async)
executePendingJobs @ app.cbca4f39.js:1
i @ app.cbca4f39.js:1
c @ app.cbca4f39.js:1
Ns.handlePluginMessage @ app.cbca4f39.js:1
i @ chunk-libs.ca58d924.js:5
postMessage (async)
(anonymous) @ plugin-sandbox.html:26
postMessage (async)
send @ VM293:31
acknowledgeLocalRelayFile @ VM293:536
await in acknowledgeLocalRelayFile (async)
window.onmessage @ VM293:891
postMessage (async)
postMessage @ app.cbca4f39.js:1
(anonymous) @ app.cbca4f39.js:1
(anonymous) @ app.cbca4f39.js:14
(anonymous) @ vendors~mg-plugin.3cc39455.js:1
A.withScope @ vendors~mg-plugin.3cc39455.js:1
A.cToHostCallbackFunction @ vendors~mg-plugin.3cc39455.js:1
A.cToHostCallbackFunction @ vendors~mg-plugin.3cc39455.js:1
$func806 @ 00284a2a:0x856b8
$func573 @ 00284a2a:0x6b75e
$func24 @ 00284a2a:0x3404
$func24 @ 00284a2a:0x5327
$func24 @ 00284a2a:0x51b1
$func556 @ 00284a2a:0x6a4c2
$func562 @ 00284a2a:0x6ac14
$func24 @ 00284a2a:0x3404
$func24 @ 00284a2a:0x5327
$func712 @ 00284a2a:0x7c38d
$X @ 00284a2a:0x7def0
E._QTS_ExecutePendingJob @ vendors~mg-plugin.3cc39455.js:1
A.executePendingJobs @ vendors~mg-plugin.3cc39455.js:1
(anonymous) @ app.cbca4f39.js:1
Promise.then (async)
executePendingJobs @ app.cbca4f39.js:1
(anonymous) @ app.cbca4f39.js:1
Promise.finally (async)
(anonymous) @ app.cbca4f39.js:1
(anonymous) @ app.cbca4f39.js:14
(anonymous) @ vendors~mg-plugin.3cc39455.js:1
A.withScope @ vendors~mg-plugin.3cc39455.js:1
A.cToHostCallbackFunction @ vendors~mg-plugin.3cc39455.js:1
A.cToHostCallbackFunction @ vendors~mg-plugin.3cc39455.js:1
$func806 @ 00284a2a:0x856b8
$func573 @ 00284a2a:0x6b75e
$func24 @ 00284a2a:0x3404
$func24 @ 00284a2a:0x5327
$func556 @ 00284a2a:0x6a4c2
$func562 @ 00284a2a:0x6ac14
$func24 @ 00284a2a:0x3404
$func24 @ 00284a2a:0x5327
$func457 @ 00284a2a:0x609f5
$func562 @ 00284a2a:0x6ac4e
$func83 @ 00284a2a:0x16013
$func24 @ 00284a2a:0x5271
$func24 @ 00284a2a:0x51b1
$func24 @ 00284a2a:0x51b1
$func556 @ 00284a2a:0x6a4c2
$func562 @ 00284a2a:0x6ac14
$func24 @ 00284a2a:0x3404
$func24 @ 00284a2a:0x5327
$func457 @ 00284a2a:0x609f5
$func562 @ 00284a2a:0x6ac4e
$func83 @ 00284a2a:0x16013
$func24 @ 00284a2a:0x5271
$func24 @ 00284a2a:0x51b1
$func24 @ 00284a2a:0x51b1
$func556 @ 00284a2a:0x6a4c2
$func562 @ 00284a2a:0x6ac14
$func24 @ 00284a2a:0x3404
$func24 @ 00284a2a:0x5327
$func457 @ 00284a2a:0x609f5
$func562 @ 00284a2a:0x6ac4e
$func83 @ 00284a2a:0x16013
$func24 @ 00284a2a:0x5271
$func24 @ 00284a2a:0x51b1
$func24 @ 00284a2a:0x51b1
$func556 @ 00284a2a:0x6a4c2
$func562 @ 00284a2a:0x6ac14
$func24 @ 00284a2a:0x3404
$func24 @ 00284a2a:0x5327
$func457 @ 00284a2a:0x609f5
$func562 @ 00284a2a:0x6ac4e
$func83 @ 00284a2a:0x16013
$func24 @ 00284a2a:0x5271
$func24 @ 00284a2a:0x51b1
$func24 @ 00284a2a:0x51b1
$func556 @ 00284a2a:0x6a4c2
$func562 @ 00284a2a:0x6ac14
$func24 @ 00284a2a:0x3404
$func24 @ 00284a2a:0x5327
$func712 @ 00284a2a:0x7c38d
$X @ 00284a2a:0x7def0
E._QTS_ExecutePendingJob @ vendors~mg-plugin.3cc39455.js:1
A.executePendingJobs @ vendors~mg-plugin.3cc39455.js:1
(anonymous) @ app.cbca4f39.js:1
Promise.then (async)
executePendingJobs @ app.cbca4f39.js:1
(anonymous) @ app.cbca4f39.js:1
i @ chunk-libs.ca58d924.js:5
setTimeout (async)
(anonymous) @ chunk-libs.ca58d924.js:5
(anonymous) @ app.cbca4f39.js:1
(anonymous) @ vendors~mg-plugin.3cc39455.js:1
A.withScope @ vendors~mg-plugin.3cc39455.js:1
A.cToHostCallbackFunction @ vendors~mg-plugin.3cc39455.js:1
A.cToHostCallbackFunction @ vendors~mg-plugin.3cc39455.js:1
$func806 @ 00284a2a:0x856b8
$func573 @ 00284a2a:0x6b75e
$func24 @ 00284a2a:0x3404
$func24 @ 00284a2a:0x51b1
$func457 @ 00284a2a:0x609f5
$func562 @ 00284a2a:0x6ac4e
$func83 @ 00284a2a:0x16013
$func24 @ 00284a2a:0x5271
$func24 @ 00284a2a:0x51b1
$func556 @ 00284a2a:0x6a4c2
$func562 @ 00284a2a:0x6ac14
$func24 @ 00284a2a:0x3404
$func24 @ 00284a2a:0x5327
$func457 @ 00284a2a:0x609f5
$func562 @ 00284a2a:0x6ac4e
$func83 @ 00284a2a:0x16013
$func24 @ 00284a2a:0x5271
$func24 @ 00284a2a:0x51b1
$func24 @ 00284a2a:0x51b1
$func556 @ 00284a2a:0x6a4c2
$func562 @ 00284a2a:0x6ac14
$func24 @ 00284a2a:0x3404
$func24 @ 00284a2a:0x5327
$func712 @ 00284a2a:0x7c38d
$X @ 00284a2a:0x7def0
E._QTS_ExecutePendingJob @ vendors~mg-plugin.3cc39455.js:1
A.executePendingJobs @ vendors~mg-plugin.3cc39455.js:1
(anonymous) @ app.cbca4f39.js:1
Promise.then (async)
executePendingJobs @ app.cbca4f39.js:1
i @ app.cbca4f39.js:1
c @ app.cbca4f39.js:1
Ns.handlePluginMessage @ app.cbca4f39.js:1
i @ chunk-libs.ca58d924.js:5
postMessage (async)
(anonymous) @ plugin-sandbox.html:26
postMessage (async)
send @ VM293:31
acknowledgeLocalRelayFile @ VM293:536
await in acknowledgeLocalRelayFile (async)
window.onmessage @ VM293:891
postMessage (async)
postMessage @ app.cbca4f39.js:1
(anonymous) @ app.cbca4f39.js:1
(anonymous) @ app.cbca4f39.js:14
(anonymous) @ vendors~mg-plugin.3cc39455.js:1
A.withScope @ vendors~mg-plugin.3cc39455.js:1
A.cToHostCallbackFunction @ vendors~mg-plugin.3cc39455.js:1
A.cToHostCallbackFunction @ vendors~mg-plugin.3cc39455.js:1
$func806 @ 00284a2a:0x856b8
$func573 @ 00284a2a:0x6b75e
$func24 @ 00284a2a:0x3404
$func24 @ 00284a2a:0x5327
$func24 @ 00284a2a:0x51b1
$func556 @ 00284a2a:0x6a4c2
$func562 @ 00284a2a:0x6ac14
$func24 @ 00284a2a:0x3404
$func24 @ 00284a2a:0x5327
$func712 @ 00284a2a:0x7c38d
$X @ 00284a2a:0x7def0
E._QTS_ExecutePendingJob @ vendors~mg-plugin.3cc39455.js:1
A.executePendingJobs @ vendors~mg-plugin.3cc39455.js:1
(anonymous) @ app.cbca4f39.js:1
Promise.then (async)
executePendingJobs @ app.cbca4f39.js:1
(anonymous) @ app.cbca4f39.js:1
i @ chunk-libs.ca58d924.js:5
setTimeout (async)
(anonymous) @ chunk-libs.ca58d924.js:5
(anonymous) @ app.cbca4f39.js:1
(anonymous) @ vendors~mg-plugin.3cc39455.js:1
A.withScope @ vendors~mg-plugin.3cc39455.js:1
A.cToHostCallbackFunction @ vendors~mg-plugin.3cc39455.js:1
A.cToHostCallbackFunction @ vendors~mg-plugin.3cc39455.js:1
$func806 @ 00284a2a:0x856b8
$func573 @ 00284a2a:0x6b75e
$func24 @ 00284a2a:0x3404
$func24 @ 00284a2a:0x51b1
$func457 @ 00284a2a:0x609f5
$func562 @ 00284a2a:0x6ac4e
$func83 @ 00284a2a:0x16013
$func24 @ 00284a2a:0x5271
$func24 @ 00284a2a:0x51b1
$func556 @ 00284a2a:0x6a4c2
$func562 @ 00284a2a:0x6ac14
$func24 @ 00284a2a:0x3404
$func24 @ 00284a2a:0x5327
$func457 @ 00284a2a:0x609f5
$func562 @ 00284a2a:0x6ac4e
$func83 @ 00284a2a:0x16013
$func24 @ 00284a2a:0x5271
$func24 @ 00284a2a:0x51b1
$func24 @ 00284a2a:0x51b1
$func556 @ 00284a2a:0x6a4c2
$func562 @ 00284a2a:0x6ac14
$func24 @ 00284a2a:0x3404
$func24 @ 00284a2a:0x5327
$func712 @ 00284a2a:0x7c38d
$X @ 00284a2a:0x7def0
E._QTS_ExecutePendingJob @ vendors~mg-plugin.3cc39455.js:1
A.executePendingJobs @ vendors~mg-plugin.3cc39455.js:1
(anonymous) @ app.cbca4f39.js:1
Promise.then (async)
executePendingJobs @ app.cbca4f39.js:1
(anonymous) @ app.cbca4f39.js:1
Promise.finally (async)
(anonymous) @ app.cbca4f39.js:1
(anonymous) @ app.cbca4f39.js:14
(anonymous) @ vendors~mg-plugin.3cc39455.js:1
A.withScope @ vendors~mg-plugin.3cc39455.js:1
A.cToHostCallbackFunction @ vendors~mg-plugin.3cc39455.js:1
A.cToHostCallbackFunction @ vendors~mg-plugin.3cc39455.js:1
$func806 @ 00284a2a:0x856b8
$func573 @ 00284a2a:0x6b75e
$func24 @ 00284a2a:0x3404
$func24 @ 00284a2a:0x5327
$func556 @ 00284a2a:0x6a4c2
$func562 @ 00284a2a:0x6ac14
$func24 @ 00284a2a:0x3404
$func24 @ 00284a2a:0x5327
$func457 @ 00284a2a:0x609f5
$func562 @ 00284a2a:0x6ac4e
$func83 @ 00284a2a:0x16013
$func24 @ 00284a2a:0x5271
$func24 @ 00284a2a:0x51b1
$func24 @ 00284a2a:0x51b1
$func556 @ 00284a2a:0x6a4c2
$func562 @ 00284a2a:0x6ac14
$func24 @ 00284a2a:0x3404
$func24 @ 00284a2a:0x5327
$func457 @ 00284a2a:0x609f5
$func562 @ 00284a2a:0x6ac4e
$func83 @ 00284a2a:0x16013
$func24 @ 00284a2a:0x5271
$func24 @ 00284a2a:0x51b1
$func24 @ 00284a2a:0x51b1
$func556 @ 00284a2a:0x6a4c2
$func562 @ 00284a2a:0x6ac14
$func24 @ 00284a2a:0x3404
$func24 @ 00284a2a:0x5327
$func457 @ 00284a2a:0x609f5
$func562 @ 00284a2a:0x6ac4e
$func83 @ 00284a2a:0x16013
$func24 @ 00284a2a:0x5271
$func24 @ 00284a2a:0x51b1
$func24 @ 00284a2a:0x51b1
$func556 @ 00284a2a:0x6a4c2
$func562 @ 00284a2a:0x6ac14
$func24 @ 00284a2a:0x3404
$func24 @ 00284a2a:0x5327
$func457 @ 00284a2a:0x609f5
$func562 @ 00284a2a:0x6ac4e
$func83 @ 00284a2a:0x16013
$func24 @ 00284a2a:0x5271
$func24 @ 00284a2a:0x51b1
$func24 @ 00284a2a:0x51b1
$func556 @ 00284a2a:0x6a4c2
$func562 @ 00284a2a:0x6ac14
$func24 @ 00284a2a:0x3404
$func24 @ 00284a2a:0x5327
$func712 @ 00284a2a:0x7c38d
$X @ 00284a2a:0x7def0
E._QTS_ExecutePendingJob @ vendors~mg-plugin.3cc39455.js:1
A.executePendingJobs @ vendors~mg-plugin.3cc39455.js:1
(anonymous) @ app.cbca4f39.js:1
Promise.then (async)
executePendingJobs @ app.cbca4f39.js:1
(anonymous) @ app.cbca4f39.js:1
Promise.finally (async)
(anonymous) @ app.cbca4f39.js:1
(anonymous) @ app.cbca4f39.js:14
(anonymous) @ vendors~mg-plugin.3cc39455.js:1
A.withScope @ vendors~mg-plugin.3cc39455.js:1
A.cToHostCallbackFunction @ vendors~mg-plugin.3cc39455.js:1
A.cToHostCallbackFunction @ vendors~mg-plugin.3cc39455.js:1
$func806 @ 00284a2a:0x856b8
$func573 @ 00284a2a:0x6b75e
$func24 @ 00284a2a:0x3404
$func24 @ 00284a2a:0x5327
$func556 @ 00284a2a:0x6a4c2
$func562 @ 00284a2a:0x6ac14
$func24 @ 00284a2a:0x3404
$func24 @ 00284a2a:0x5327
$func457 @ 00284a2a:0x609f5
$func562 @ 00284a2a:0x6ac4e
$func83 @ 00284a2a:0x16013
$func24 @ 00284a2a:0x5271
$func24 @ 00284a2a:0x51b1
$func24 @ 00284a2a:0x51b1
$func556 @ 00284a2a:0x6a4c2
$func562 @ 00284a2a:0x6ac14
$func24 @ 00284a2a:0x3404
$func24 @ 00284a2a:0x5327
$func457 @ 00284a2a:0x609f5
$func562 @ 00284a2a:0x6ac4e
$func83 @ 00284a2a:0x16013
$func24 @ 00284a2a:0x5271
$func24 @ 00284a2a:0x51b1
$func24 @ 00284a2a:0x51b1
$func556 @ 00284a2a:0x6a4c2
$func562 @ 00284a2a:0x6ac14
$func24 @ 00284a2a:0x3404
$func24 @ 00284a2a:0x5327
$func457 @ 00284a2a:0x609f5
$func562 @ 00284a2a:0x6ac4e
$func83 @ 00284a2a:0x16013
$func24 @ 00284a2a:0x5271
$func24 @ 00284a2a:0x51b1
$func24 @ 00284a2a:0x51b1
$func556 @ 00284a2a:0x6a4c2
$func562 @ 00284a2a:0x6ac14
$func24 @ 00284a2a:0x3404
$func24 @ 00284a2a:0x5327
$func457 @ 00284a2a:0x609f5
$func562 @ 00284a2a:0x6ac4e
$func83 @ 00284a2a:0x16013
$func24 @ 00284a2a:0x5271
$func24 @ 00284a2a:0x51b1
$func24 @ 00284a2a:0x51b1
$func556 @ 00284a2a:0x6a4c2
$func562 @ 00284a2a:0x6ac14
$func24 @ 00284a2a:0x3404
$func24 @ 00284a2a:0x5327
$func712 @ 00284a2a:0x7c38d
$X @ 00284a2a:0x7def0
E._QTS_ExecutePendingJob @ vendors~mg-plugin.3cc39455.js:1
A.executePendingJobs @ vendors~mg-plugin.3cc39455.js:1
(anonymous) @ app.cbca4f39.js:1
Promise.then (async)
executePendingJobs @ app.cbca4f39.js:1
(anonymous) @ app.cbca4f39.js:1
Promise.finally (async)
(anonymous) @ app.cbca4f39.js:1
(anonymous) @ app.cbca4f39.js:14
(anonymous) @ vendors~mg-plugin.3cc39455.js:1
A.withScope @ vendors~mg-plugin.3cc39455.js:1
A.cToHostCallbackFunction @ vendors~mg-plugin.3cc39455.js:1
A.cToHostCallbackFunction @ vendors~mg-plugin.3cc39455.js:1
$func806 @ 00284a2a:0x856b8
$func573 @ 00284a2a:0x6b75e
$func24 @ 00284a2a:0x3404
$func24 @ 00284a2a:0x5327
$func556 @ 00284a2a:0x6a4c2
$func562 @ 00284a2a:0x6ac14
$func24 @ 00284a2a:0x3404
$func24 @ 00284a2a:0x5327
$func457 @ 00284a2a:0x609f5
$func562 @ 00284a2a:0x6ac4e
$func83 @ 00284a2a:0x16013
$func24 @ 00284a2a:0x5271
$func24 @ 00284a2a:0x51b1
$func24 @ 00284a2a:0x51b1
$func556 @ 00284a2a:0x6a4c2
$func562 @ 00284a2a:0x6ac14
$func24 @ 00284a2a:0x3404
$func24 @ 00284a2a:0x5327
$func457 @ 00284a2a:0x609f5
$func562 @ 00284a2a:0x6ac4e
$func83 @ 00284a2a:0x16013
$func24 @ 00284a2a:0x5271
$func24 @ 00284a2a:0x51b1
$func24 @ 00284a2a:0x51b1
$func556 @ 00284a2a:0x6a4c2
$func562 @ 00284a2a:0x6ac14
$func24 @ 00284a2a:0x3404
$func24 @ 00284a2a:0x5327
$func457 @ 00284a2a:0x609f5
$func562 @ 00284a2a:0x6ac4e
$func83 @ 00284a2a:0x16013
$func24 @ 00284a2a:0x5271
$func24 @ 00284a2a:0x51b1
$func24 @ 00284a2a:0x51b1
$func556 @ 00284a2a:0x6a4c2
$func562 @ 00284a2a:0x6ac14
$func24 @ 00284a2a:0x3404
$func24 @ 00284a2a:0x5327
$func457 @ 00284a2a:0x609f5
$func562 @ 00284a2a:0x6ac4e
$func83 @ 00284a2a:0x16013
$func24 @ 00284a2a:0x5271
$func24 @ 00284a2a:0x51b1
$func24 @ 00284a2a:0x51b1
$func556 @ 00284a2a:0x6a4c2
$func562 @ 00284a2a:0x6ac14
$func24 @ 00284a2a:0x3404
$func24 @ 00284a2a:0x5327
$func712 @ 00284a2a:0x7c38d
$X @ 00284a2a:0x7def0
E._QTS_ExecutePendingJob @ vendors~mg-plugin.3cc39455.js:1
A.executePendingJobs @ vendors~mg-plugin.3cc39455.js:1
(anonymous) @ app.cbca4f39.js:1
Promise.then (async)
executePendingJobs @ app.cbca4f39.js:1
(anonymous) @ app.cbca4f39.js:1
Promise.finally (async)
(anonymous) @ app.cbca4f39.js:1
(anonymous) @ app.cbca4f39.js:14
(anonymous) @ vendors~mg-plugin.3cc39455.js:1
A.withScope @ vendors~mg-plugin.3cc39455.js:1
A.cToHostCallbackFunction @ vendors~mg-plugin.3cc39455.js:1
A.cToHostCallbackFunction @ vendors~mg-plugin.3cc39455.js:1
$func806 @ 00284a2a:0x856b8
$func573 @ 00284a2a:0x6b75e
$func24 @ 00284a2a:0x3404
$func24 @ 00284a2a:0x5327
$func556 @ 00284a2a:0x6a4c2
$func562 @ 00284a2a:0x6ac14
$func24 @ 00284a2a:0x3404
$func24 @ 00284a2a:0x5327
$func457 @ 00284a2a:0x609f5
$func562 @ 00284a2a:0x6ac4e
$func83 @ 00284a2a:0x16013
$func24 @ 00284a2a:0x5271
$func24 @ 00284a2a:0x51b1
$func24 @ 00284a2a:0x51b1
$func556 @ 00284a2a:0x6a4c2
$func562 @ 00284a2a:0x6ac14
$func24 @ 00284a2a:0x3404
$func24 @ 00284a2a:0x5327
$func457 @ 00284a2a:0x609f5
$func562 @ 00284a2a:0x6ac4e
$func83 @ 00284a2a:0x16013
$func24 @ 00284a2a:0x5271
$func24 @ 00284a2a:0x51b1
$func24 @ 00284a2a:0x51b1
$func556 @ 00284a2a:0x6a4c2
$func562 @ 00284a2a:0x6ac14
$func24 @ 00284a2a:0x3404
$func24 @ 00284a2a:0x5327
$func457 @ 00284a2a:0x609f5
$func562 @ 00284a2a:0x6ac4e
$func83 @ 00284a2a:0x16013
$func24 @ 00284a2a:0x5271
$func24 @ 00284a2a:0x51b1
$func24 @ 00284a2a:0x51b1
$func556 @ 00284a2a:0x6a4c2
$func562 @ 00284a2a:0x6ac14
$func24 @ 00284a2a:0x3404
$func24 @ 00284a2a:0x5327
$func457 @ 00284a2a:0x609f5
$func562 @ 00284a2a:0x6ac4e
$func83 @ 00284a2a:0x16013
$func24 @ 00284a2a:0x5271
$func24 @ 00284a2a:0x51b1
$func24 @ 00284a2a:0x51b1
$func556 @ 00284a2a:0x6a4c2
$func562 @ 00284a2a:0x6ac14
$func24 @ 00284a2a:0x3404
$func24 @ 00284a2a:0x5327
$func712 @ 00284a2a:0x7c38d
$X @ 00284a2a:0x7def0
E._QTS_ExecutePendingJob @ vendors~mg-plugin.3cc39455.js:1
A.executePendingJobs @ vendors~mg-plugin.3cc39455.js:1
(anonymous) @ app.cbca4f39.js:1
Promise.then (async)
executePendingJobs @ app.cbca4f39.js:1
(anonymous) @ app.cbca4f39.js:1
Promise.finally (async)
(anonymous) @ app.cbca4f39.js:1
(anonymous) @ app.cbca4f39.js:14
(anonymous) @ vendors~mg-plugin.3cc39455.js:1
A.withScope @ vendors~mg-plugin.3cc39455.js:1
A.cToHostCallbackFunction @ vendors~mg-plugin.3cc39455.js:1
A.cToHostCallbackFunction @ vendors~mg-plugin.3cc39455.js:1
$func806 @ 00284a2a:0x856b8
$func573 @ 00284a2a:0x6b75e
$func24 @ 00284a2a:0x3404
$func24 @ 00284a2a:0x5327
$func556 @ 00284a2a:0x6a4c2
$func562 @ 00284a2a:0x6ac14
$func24 @ 00284a2a:0x3404
$func24 @ 00284a2a:0x5327
$func457 @ 00284a2a:0x609f5
$func562 @ 00284a2a:0x6ac4e
$func83 @ 00284a2a:0x16013
$func24 @ 00284a2a:0x5271
$func24 @ 00284a2a:0x51b1
$func24 @ 00284a2a:0x51b1
$func556 @ 00284a2a:0x6a4c2
$func562 @ 00284a2a:0x6ac14
$func24 @ 00284a2a:0x3404
$func24 @ 00284a2a:0x5327
$func457 @ 00284a2a:0x609f5
$func562 @ 00284a2a:0x6ac4e
$func83 @ 00284a2a:0x16013
$func24 @ 00284a2a:0x5271
$func24 @ 00284a2a:0x51b1
$func24 @ 00284a2a:0x51b1
$func556 @ 00284a2a:0x6a4c2
$func562 @ 00284a2a:0x6ac14
$func24 @ 00284a2a:0x3404
$func24 @ 00284a2a:0x5327
$func457 @ 00284a2a:0x609f5
$func562 @ 00284a2a:0x6ac4e
$func83 @ 00284a2a:0x16013
$func24 @ 00284a2a:0x5271
$func24 @ 00284a2a:0x51b1
$func24 @ 00284a2a:0x51b1
$func556 @ 00284a2a:0x6a4c2
$func562 @ 00284a2a:0x6ac14
$func24 @ 00284a2a:0x3404
$func24 @ 00284a2a:0x5327
$func457 @ 00284a2a:0x609f5
$func562 @ 00284a2a:0x6ac4e
$func83 @ 00284a2a:0x16013
$func24 @ 00284a2a:0x5271
$func24 @ 00284a2a:0x51b1
$func24 @ 00284a2a:0x51b1
$func556 @ 00284a2a:0x6a4c2
$func562 @ 00284a2a:0x6ac14
$func24 @ 00284a2a:0x3404
$func24 @ 00284a2a:0x5327
$func712 @ 00284a2a:0x7c38d
$X @ 00284a2a:0x7def0
E._QTS_ExecutePendingJob @ vendors~mg-plugin.3cc39455.js:1
A.executePendingJobs @ vendors~mg-plugin.3cc39455.js:1
(anonymous) @ app.cbca4f39.js:1
Promise.then (async)
executePendingJobs @ app.cbca4f39.js:1
i @ app.cbca4f39.js:1
c @ app.cbca4f39.js:1
Ns.handlePluginMessage @ app.cbca4f39.js:1
i @ chunk-libs.ca58d924.js:5
