chunk-libs.8b5d8668.js:127 [MasterGo2Figma] Large export detected: 10 pages, 101323 nodes. Exporting one zip per page.
chunk-libs.8b5d8668.js:127 [MasterGo2Figma] Split package start 1/10: 企业大脑, nodes=8579
chunk-libs.8b5d8668.js:127 [MasterGo2Figma] Page export start 1/10: 企业大脑, roots=27
chunk-libs.8b5d8668.js:127 [MasterGo2Figma] Transfer file 0: pages/page-001-企业大脑/layers/layers-001.json, kind=content, size=168589, chunks=11
chunk-libs.8b5d8668.js:127 [MasterGo2Figma] Transfer file 1: pages/page-001-企业大脑/layers/layers-002.json, kind=content, size=170621, chunks=11
chunk-libs.8b5d8668.js:127 [MasterGo2Figma] Transfer file 2: pages/page-001-企业大脑/layers/layers-003.json, kind=content, size=175713, chunks=11
chunk-libs.8b5d8668.js:127 [MasterGo2Figma] Transfer file 3: pages/page-001-企业大脑/layers/layers-004.json, kind=content, size=193432, chunks=12
chunk-libs.8b5d8668.js:127 [MasterGo2Figma] Transfer file 4: pages/page-001-企业大脑/layers/layers-005.json, kind=content, size=179555, chunks=11
chunk-libs.8b5d8668.js:127 [MasterGo2Figma] Page 企业大脑: collected 500 layers; openChunkRecords=0; latest=1348 bytes
chunk-libs.8b5d8668.js:127 [MasterGo2Figma] Transfer file 5: pages/page-001-企业大脑/layers/layers-006.json, kind=content, size=198364, chunks=13
chunk-libs.8b5d8668.js:127 [MasterGo2Figma] Transfer file 6: pages/page-001-企业大脑/layers/layers-007.json, kind=content, size=176262, chunks=11
chunk-libs.8b5d8668.js:127 [MasterGo2Figma] Transfer file 7: pages/page-001-企业大脑/layers/layers-008.json, kind=content, size=184840, chunks=12
chunk-libs.8b5d8668.js:127 [MasterGo2Figma] Transfer file 8: pages/page-001-企业大脑/layers/layers-009.json, kind=content, size=183082, chunks=12
chunk-libs.8b5d8668.js:127 [MasterGo2Figma] Transfer file 9: pages/page-001-企业大脑/layers/layers-010.json, kind=content, size=194840, chunks=12
chunk-libs.8b5d8668.js:127 [MasterGo2Figma] Page 企业大脑: collected 1000 layers; openChunkRecords=0; latest=1380 bytes
chunk-libs.8b5d8668.js:127 [MasterGo2Figma] Transfer file 10: pages/page-001-企业大脑/layers/layers-011.json, kind=content, size=190717, chunks=12
chunk-libs.8b5d8668.js:127 [MasterGo2Figma] Transfer file 11: pages/page-001-企业大脑/layers/layers-012.json, kind=content, size=225676, chunks=14
chunk-libs.8b5d8668.js:127 [MasterGo2Figma] Transfer file 12: pages/page-001-企业大脑/layers/layers-013.json, kind=content, size=197800, chunks=13
chunk-libs.8b5d8668.js:127 [MasterGo2Figma] Transfer file 13: pages/page-001-企业大脑/layers/layers-014.json, kind=content, size=221154, chunks=14
chunk-libs.8b5d8668.js:127 [MasterGo2Figma] Transfer file 14: pages/page-001-企业大脑/layers/layers-015.json, kind=content, size=223490, chunks=14
chunk-libs.8b5d8668.js:127 [MasterGo2Figma] Page 企业大脑: collected 1500 layers; openChunkRecords=0; latest=1418 bytes
chunk-libs.8b5d8668.js:127 [MasterGo2Figma] Transfer file 15: pages/page-001-企业大脑/layers/layers-016.json, kind=content, size=183272, chunks=12
chunk-libs.8b5d8668.js:127 [MasterGo2Figma] Transfer file 16: pages/page-001-企业大脑/layers/layers-017.json, kind=content, size=169851, chunks=11
chunk-libs.8b5d8668.js:127 [MasterGo2Figma] Transfer file 17: pages/page-001-企业大脑/layers/layers-018.json, kind=content, size=170369, chunks=11
chunk-libs.8b5d8668.js:127 [MasterGo2Figma] Transfer file 18: pages/page-001-企业大脑/layers/layers-019.json, kind=content, size=203785, chunks=13
chunk-libs.8b5d8668.js:127 [MasterGo2Figma] Transfer file 19: pages/page-001-企业大脑/layers/layers-020.json, kind=content, size=195282, chunks=12
chunk-libs.8b5d8668.js:127 [MasterGo2Figma] Page 企业大脑: collected 2000 layers; openChunkRecords=0; latest=1332 bytes
chunk-libs.8b5d8668.js:127 [MasterGo2Figma] Transfer file 20: pages/page-001-企业大脑/layers/layers-021.json, kind=content, size=201435, chunks=13
chunk-libs.8b5d8668.js:127 [MasterGo2Figma] Transfer file 21: pages/page-001-企业大脑/layers/layers-022.json, kind=content, size=201258, chunks=13
chunk-libs.8b5d8668.js:127 [MasterGo2Figma] Transfer file 22: pages/page-001-企业大脑/layers/layers-023.json, kind=content, size=157352, chunks=10
chunk-libs.8b5d8668.js:127 [MasterGo2Figma] Transfer file 23: pages/page-001-企业大脑/layers/layers-024.json, kind=content, size=199970, chunks=13
chunk-libs.8b5d8668.js:127 [MasterGo2Figma] Transfer file 24: pages/page-001-企业大脑/layers/layers-025.json, kind=content, size=188040, chunks=12
chunk-libs.8b5d8668.js:127 [MasterGo2Figma] Page 企业大脑: collected 2500 layers; openChunkRecords=0; latest=1504 bytes
chunk-libs.8b5d8668.js:127 [MasterGo2Figma] Transfer file 25: pages/page-001-企业大脑/layers/layers-026.json, kind=content, size=184482, chunks=12
chunk-libs.8b5d8668.js:127 [MasterGo2Figma] Transfer file 26: pages/page-001-企业大脑/layers/layers-027.json, kind=content, size=151035, chunks=10
chunk-libs.8b5d8668.js:127 [MasterGo2Figma] Transfer file 27: pages/page-001-企业大脑/layers/layers-028.json, kind=content, size=161602, chunks=10
chunk-libs.8b5d8668.js:127 [MasterGo2Figma] Transfer file 28: pages/page-001-企业大脑/layers/layers-029.json, kind=content, size=178203, chunks=11
The resource <URL> was preloaded using link preload but not used within a few seconds from the window's load event. Please make sure it has an appropriate `as` value and it is preloaded intentionally.
The resource <URL> was preloaded using link preload but not used within a few seconds from the window's load event. Please make sure it has an appropriate `as` value and it is preloaded intentionally.
The resource <URL> was preloaded using link preload but not used within a few seconds from the window's load event. Please make sure it has an appropriate `as` value and it is preloaded intentionally.
The resource <URL> was preloaded using link preload but not used within a few seconds from the window's load event. Please make sure it has an appropriate `as` value and it is preloaded intentionally.
The resource <URL> was preloaded using link preload but not used within a few seconds from the window's load event. Please make sure it has an appropriate `as` value and it is preloaded intentionally.
The resource <URL> was preloaded using link preload but not used within a few seconds from the window's load event. Please make sure it has an appropriate `as` value and it is preloaded intentionally.
The resource <URL> was preloaded using link preload but not used within a few seconds from the window's load event. Please make sure it has an appropriate `as` value and it is preloaded intentionally.
The resource <URL> was preloaded using link preload but not used within a few seconds from the window's load event. Please make sure it has an appropriate `as` value and it is preloaded intentionally.
The resource <URL> was preloaded using link preload but not used within a few seconds from the window's load event. Please make sure it has an appropriate `as` value and it is preloaded intentionally.
The resource <URL> was preloaded using link preload but not used within a few seconds from the window's load event. Please make sure it has an appropriate `as` value and it is preloaded intentionally.
The resource <URL> was preloaded using link preload but not used within a few seconds from the window's load event. Please make sure it has an appropriate `as` value and it is preloaded intentionally.
The resource <URL> was preloaded using link preload but not used within a few seconds from the window's load event. Please make sure it has an appropriate `as` value and it is preloaded intentionally.
The resource <URL> was preloaded using link preload but not used within a few seconds from the window's load event. Please make sure it has an appropriate `as` value and it is preloaded intentionally.
The resource <URL> was preloaded using link preload but not used within a few seconds from the window's load event. Please make sure it has an appropriate `as` value and it is preloaded intentionally.
The resource <URL> was preloaded using link preload but not used within a few seconds from the window's load event. Please make sure it has an appropriate `as` value and it is preloaded intentionally.
The resource <URL> was preloaded using link preload but not used within a few seconds from the window's load event. Please make sure it has an appropriate `as` value and it is preloaded intentionally.
The resource <URL> was preloaded using link preload but not used within a few seconds from the window's load event. Please make sure it has an appropriate `as` value and it is preloaded intentionally.
The resource <URL> was preloaded using link preload but not used within a few seconds from the window's load event. Please make sure it has an appropriate `as` value and it is preloaded intentionally.
The resource <URL> was preloaded using link preload but not used within a few seconds from the window's load event. Please make sure it has an appropriate `as` value and it is preloaded intentionally.
The resource <URL> was preloaded using link preload but not used within a few seconds from the window's load event. Please make sure it has an appropriate `as` value and it is preloaded intentionally.
The resource <URL> was preloaded using link preload but not used within a few seconds from the window's load event. Please make sure it has an appropriate `as` value and it is preloaded intentionally.
The resource <URL> was preloaded using link preload but not used within a few seconds from the window's load event. Please make sure it has an appropriate `as` value and it is preloaded intentionally.
The resource <URL> was preloaded using link preload but not used within a few seconds from the window's load event. Please make sure it has an appropriate `as` value and it is preloaded intentionally.
The resource <URL> was preloaded using link preload but not used within a few seconds from the window's load event. Please make sure it has an appropriate `as` value and it is preloaded intentionally.
The resource <URL> was preloaded using link preload but not used within a few seconds from the window's load event. Please make sure it has an appropriate `as` value and it is preloaded intentionally.
The resource <URL> was preloaded using link preload but not used within a few seconds from the window's load event. Please make sure it has an appropriate `as` value and it is preloaded intentionally.
The resource <URL> was preloaded using link preload but not used within a few seconds from the window's load event. Please make sure it has an appropriate `as` value and it is preloaded intentionally.
The resource <URL> was preloaded using link preload but not used within a few seconds from the window's load event. Please make sure it has an appropriate `as` value and it is preloaded intentionally.
The resource <URL> was preloaded using link preload but not used within a few seconds from the window's load event. Please make sure it has an appropriate `as` value and it is preloaded intentionally.
The resource <URL> was preloaded using link preload but not used within a few seconds from the window's load event. Please make sure it has an appropriate `as` value and it is preloaded intentionally.
chunk-libs.8b5d8668.js:127 [MasterGo2Figma] Transfer file 29: pages/page-001-企业大脑/layers/layers-030.json, kind=content, size=166605, chunks=11
chunk-libs.8b5d8668.js:127 [MasterGo2Figma] Page 企业大脑: collected 3000 layers; openChunkRecords=0; latest=1688 bytes
chunk-libs.8b5d8668.js:127 [MasterGo2Figma] Transfer file 30: pages/page-001-企业大脑/layers/layers-031.json, kind=content, size=181646, chunks=12
chunk-libs.8b5d8668.js:127 [MasterGo2Figma] Transfer file 31: pages/page-001-企业大脑/layers/layers-032.json, kind=content, size=254406, chunks=16
chunk-libs.8b5d8668.js:127 [MasterGo2Figma] Transfer file 32: pages/page-001-企业大脑/layers/layers-033.json, kind=content, size=210530, chunks=13
chunk-libs.8b5d8668.js:127 [MasterGo2Figma] Transfer file 33: pages/page-001-企业大脑/layers/layers-034.json, kind=content, size=216757, chunks=14
chunk-libs.8b5d8668.js:127 [MasterGo2Figma] Transfer file 34: pages/page-001-企业大脑/layers/layers-035.json, kind=content, size=217494, chunks=14
chunk-libs.8b5d8668.js:127 [MasterGo2Figma] Page 企业大脑: collected 3500 layers; openChunkRecords=0; latest=1699 bytes
chunk-libs.8b5d8668.js:127 [MasterGo2Figma] Transfer file 35: pages/page-001-企业大脑/layers/layers-036.json, kind=content, size=232060, chunks=15
chunk-libs.8b5d8668.js:127 [MasterGo2Figma] Transfer file 36: pages/page-001-企业大脑/layers/layers-037.json, kind=content, size=226864, chunks=14
chunk-libs.8b5d8668.js:127 [MasterGo2Figma] Transfer file 37: pages/page-001-企业大脑/layers/layers-038.json, kind=content, size=212177, chunks=13
chunk-libs.8b5d8668.js:127 [MasterGo2Figma] Transfer file 38: pages/page-001-企业大脑/layers/layers-039.json, kind=content, size=219656, chunks=14
chunk-libs.8b5d8668.js:127 [MasterGo2Figma] Transfer file 39: pages/page-001-企业大脑/layers/layers-040.json, kind=content, size=199585, chunks=13
chunk-libs.8b5d8668.js:127 [MasterGo2Figma] Page 企业大脑: collected 4000 layers; openChunkRecords=0; latest=1722 bytes
chunk-libs.8b5d8668.js:127 [MasterGo2Figma] Transfer file 40: pages/page-001-企业大脑/layers/layers-041.json, kind=content, size=217425, chunks=14
chunk-libs.8b5d8668.js:127 [MasterGo2Figma] Transfer file 41: pages/page-001-企业大脑/layers/layers-042.json, kind=content, size=181100, chunks=12
chunk-libs.8b5d8668.js:127 [MasterGo2Figma] Transfer file 42: pages/page-001-企业大脑/layers/layers-043.json, kind=content, size=180759, chunks=12
chunk-libs.8b5d8668.js:127 [MasterGo2Figma] Transfer file 43: pages/page-001-企业大脑/layers/layers-044.json, kind=content, size=166472, chunks=11
chunk-libs.8b5d8668.js:127 [MasterGo2Figma] Transfer file 44: pages/page-001-企业大脑/layers/layers-045.json, kind=content, size=158570, chunks=10
chunk-libs.8b5d8668.js:127 [MasterGo2Figma] Page 企业大脑: collected 4500 layers; openChunkRecords=0; latest=1228 bytes
chunk-libs.8b5d8668.js:127 [MasterGo2Figma] Transfer file 45: pages/page-001-企业大脑/layers/layers-046.json, kind=content, size=170198, chunks=11
chunk-libs.8b5d8668.js:127 [MasterGo2Figma] Transfer file 46: pages/page-001-企业大脑/layers/layers-047.json, kind=content, size=172753, chunks=11
chunk-libs.8b5d8668.js:127 [MasterGo2Figma] Transfer file 47: pages/page-001-企业大脑/layers/layers-048.json, kind=content, size=165379, chunks=11
chunk-libs.8b5d8668.js:127 [MasterGo2Figma] Transfer file 48: pages/page-001-企业大脑/layers/layers-049.json, kind=content, size=192279, chunks=12
chunk-libs.8b5d8668.js:127 [MasterGo2Figma] Transfer file 49: pages/page-001-企业大脑/layers/layers-050.json, kind=content, size=182978, chunks=12
chunk-libs.8b5d8668.js:127 [MasterGo2Figma] Page 企业大脑: collected 5000 layers; openChunkRecords=0; latest=1692 bytes
chunk-libs.8b5d8668.js:127 [MasterGo2Figma] Transfer file 50: pages/page-001-企业大脑/layers/layers-051.json, kind=content, size=279390, chunks=18
chunk-libs.8b5d8668.js:127 [MasterGo2Figma] Transfer file 51: pages/page-001-企业大脑/layers/layers-052.json, kind=content, size=240615, chunks=15
chunk-libs.8b5d8668.js:127 [MasterGo2Figma] Transfer file 52: pages/page-001-企业大脑/layers/layers-053.json, kind=content, size=273845, chunks=17
chunk-libs.8b5d8668.js:127 [MasterGo2Figma] Transfer file 53: pages/page-001-企业大脑/layers/layers-054.json, kind=content, size=254361, chunks=16
chunk-libs.8b5d8668.js:127 [MasterGo2Figma] Transfer file 54: pages/page-001-企业大脑/layers/layers-055.json, kind=content, size=181160, chunks=12
chunk-libs.8b5d8668.js:127 [MasterGo2Figma] Page 企业大脑: collected 5500 layers; openChunkRecords=0; latest=1686 bytes
chunk-libs.8b5d8668.js:127 [MasterGo2Figma] Transfer file 55: pages/page-001-企业大脑/layers/layers-056.json, kind=content, size=156862, chunks=10
chunk-libs.8b5d8668.js:127 [MasterGo2Figma] Transfer file 56: pages/page-001-企业大脑/layers/layers-057.json, kind=content, size=176865, chunks=11
chunk-libs.8b5d8668.js:127 [MasterGo2Figma] Transfer file 57: pages/page-001-企业大脑/layers/layers-058.json, kind=content, size=161774, chunks=10
chunk-libs.8b5d8668.js:127 [MasterGo2Figma] Transfer file 58: pages/page-001-企业大脑/layers/layers-059.json, kind=content, size=157282, chunks=10
chunk-libs.8b5d8668.js:127 [MasterGo2Figma] Transfer file 59: pages/page-001-企业大脑/layers/layers-060.json, kind=content, size=177317, chunks=11
chunk-libs.8b5d8668.js:127 [MasterGo2Figma] Page 企业大脑: collected 6000 layers; openChunkRecords=0; latest=1336 bytes
chunk-libs.8b5d8668.js:127 [MasterGo2Figma] Transfer file 60: pages/page-001-企业大脑/layers/layers-061.json, kind=content, size=159546, chunks=10
chunk-libs.8b5d8668.js:127 [MasterGo2Figma] Transfer file 61: pages/page-001-企业大脑/layers/layers-062.json, kind=content, size=179035, chunks=11
chunk-libs.8b5d8668.js:127 [MasterGo2Figma] Transfer file 62: pages/page-001-企业大脑/layers/layers-063.json, kind=content, size=165680, chunks=11
chunk-libs.8b5d8668.js:127 [MasterGo2Figma] Transfer file 63: pages/page-001-企业大脑/layers/layers-064.json, kind=content, size=160486, chunks=10
chunk-libs.8b5d8668.js:127 [MasterGo2Figma] Transfer file 64: pages/page-001-企业大脑/layers/layers-065.json, kind=content, size=176533, chunks=11
chunk-libs.8b5d8668.js:127 [MasterGo2Figma] Page 企业大脑: collected 6500 layers; openChunkRecords=0; latest=1206 bytes
chunk-libs.8b5d8668.js:127 [MasterGo2Figma] Transfer file 65: pages/page-001-企业大脑/layers/layers-066.json, kind=content, size=278386, chunks=17
chunk-libs.8b5d8668.js:127 [MasterGo2Figma] Transfer file 66: pages/page-001-企业大脑/layers/layers-067.json, kind=content, size=183328, chunks=12
chunk-libs.8b5d8668.js:127 [MasterGo2Figma] Transfer file 67: pages/page-001-企业大脑/layers/layers-068.json, kind=content, size=158241, chunks=10
chunk-libs.8b5d8668.js:127 [MasterGo2Figma] Transfer file 68: pages/page-001-企业大脑/layers/layers-069.json, kind=content, size=148984, chunks=10
chunk-libs.8b5d8668.js:127 [MasterGo2Figma] Transfer file 69: pages/page-001-企业大脑/layers/layers-070.json, kind=content, size=161059, chunks=10
chunk-libs.8b5d8668.js:127 [MasterGo2Figma] Page 企业大脑: collected 7000 layers; openChunkRecords=0; latest=2407 bytes
chunk-libs.8b5d8668.js:127 [MasterGo2Figma] Transfer file 70: pages/page-001-企业大脑/layers/layers-071.json, kind=content, size=167557, chunks=11
chunk-libs.8b5d8668.js:127 [MasterGo2Figma] Transfer file 71: pages/page-001-企业大脑/layers/layers-072.json, kind=content, size=176688, chunks=11
chunk-libs.8b5d8668.js:127 [MasterGo2Figma] Transfer file 72: pages/page-001-企业大脑/layers/layers-073.json, kind=content, size=176381, chunks=11
chunk-libs.8b5d8668.js:127 [MasterGo2Figma] Transfer file 73: pages/page-001-企业大脑/layers/layers-074.json, kind=content, size=187956, chunks=12
chunk-libs.8b5d8668.js:127 [MasterGo2Figma] Transfer file 74: pages/page-001-企业大脑/layers/layers-075.json, kind=content, size=187570, chunks=12
chunk-libs.8b5d8668.js:127 [MasterGo2Figma] Page 企业大脑: collected 7500 layers; openChunkRecords=0; latest=3865 bytes
chunk-libs.8b5d8668.js:127 [MasterGo2Figma] Transfer file 75: pages/page-001-企业大脑/layers/layers-076.json, kind=content, size=196210, chunks=12
chunk-libs.8b5d8668.js:127 [MasterGo2Figma] Transfer file 76: pages/page-001-企业大脑/layers/layers-077.json, kind=content, size=236181, chunks=15
chunk-libs.8b5d8668.js:127 [MasterGo2Figma] Transfer file 77: pages/page-001-企业大脑/layers/layers-078.json, kind=content, size=171989, chunks=11
chunk-libs.8b5d8668.js:127 [MasterGo2Figma] Transfer file 78: pages/page-001-企业大脑/layers/layers-079.json, kind=content, size=186176, chunks=12
chunk-libs.8b5d8668.js:127 [MasterGo2Figma] Transfer file 79: pages/page-001-企业大脑/layers/layers-080.json, kind=content, size=162610, chunks=10
chunk-libs.8b5d8668.js:127 [MasterGo2Figma] Page 企业大脑: collected 8000 layers; openChunkRecords=0; latest=1479 bytes
chunk-libs.8b5d8668.js:127 [MasterGo2Figma] Transfer file 80: pages/page-001-企业大脑/layers/layers-081.json, kind=content, size=170359, chunks=11
chunk-libs.8b5d8668.js:127 [MasterGo2Figma] Transfer file 81: pages/page-001-企业大脑/layers/layers-082.json, kind=content, size=193975, chunks=12
chunk-libs.8b5d8668.js:127 [MasterGo2Figma] Transfer file 82: pages/page-001-企业大脑/layers/layers-083.json, kind=content, size=182009, chunks=12
chunk-libs.8b5d8668.js:127 [MasterGo2Figma] Transfer file 83: pages/page-001-企业大脑/layers/layers-084.json, kind=content, size=189196, chunks=12
chunk-libs.8b5d8668.js:127 [MasterGo2Figma] Transfer file 84: pages/page-001-企业大脑/layers/layers-085.json, kind=content, size=186116, chunks=12
chunk-libs.8b5d8668.js:127 [MasterGo2Figma] Page 企业大脑: collected 8500 layers; openChunkRecords=0; latest=2181 bytes
chunk-libs.8b5d8668.js:127 [MasterGo2Figma] Transfer file 85: pages/page-001-企业大脑/layers/layers-086.json, kind=content, size=157299, chunks=10
chunk-libs.8b5d8668.js:127 [MasterGo2Figma] Page export complete 1/10: 企业大脑, layers=8579, files=86
chunk-libs.8b5d8668.js:127 [MasterGo2Figma] Split package layers streamed; image assets queued: 32
chunk-libs.8b5d8668.js:127 strict mode: "items" is 1-tuple, but minItems or maxItems/additionalItems are not specified or different at path "#"
(anonymous) @ chunk-libs.8b5d8668.js:127
S @ chunk-libs.8b5d8668.js:160
p @ chunk-libs.8b5d8668.js:9
s @ chunk-libs.8b5d8668.js:9
code @ chunk-libs.8b5d8668.js:9
G @ chunk-libs.8b5d8668.js:185
(anonymous) @ chunk-libs.8b5d8668.js:185
code @ chunk-libs.8b5d8668.js:71
block @ chunk-libs.8b5d8668.js:71
M @ chunk-libs.8b5d8668.js:185
g @ chunk-libs.8b5d8668.js:185
(anonymous) @ chunk-libs.8b5d8668.js:185
code @ chunk-libs.8b5d8668.js:71
block @ chunk-libs.8b5d8668.js:71
D @ chunk-libs.8b5d8668.js:185
T @ chunk-libs.8b5d8668.js:185
(anonymous) @ chunk-libs.8b5d8668.js:185
code @ chunk-libs.8b5d8668.js:71
(anonymous) @ chunk-libs.8b5d8668.js:185
code @ chunk-libs.8b5d8668.js:71
func @ chunk-libs.8b5d8668.js:71
g @ chunk-libs.8b5d8668.js:185
b @ chunk-libs.8b5d8668.js:185
m @ chunk-libs.8b5d8668.js:185
l @ chunk-libs.8b5d8668.js:109
_compileSchemaEnv @ chunk-libs.8b5d8668.js:210
getSchema @ chunk-libs.8b5d8668.js:210
M @ app.2d024da3.js:14
(anonymous) @ app.2d024da3.js:14
(anonymous) @ vendors~mg-plugin.3cc39455.js:1
A.withScope @ vendors~mg-plugin.3cc39455.js:1
A.cToHostCallbackFunction @ vendors~mg-plugin.3cc39455.js:1
A.cToHostCallbackFunction @ vendors~mg-plugin.3cc39455.js:1
$func806 @ 00284a2a:0x856b8
$func573 @ 00284a2a:0x6b75e
$func24 @ 00284a2a:0x3404
$func24 @ 00284a2a:0x5327
$func556 @ 00284a2a:0x6a4c2
$func562 @ 00284a2a:0x6ac14
$func24 @ 00284a2a:0x3404
$func24 @ 00284a2a:0x5327
$func457 @ 00284a2a:0x609f5
$func562 @ 00284a2a:0x6ac4e
$func83 @ 00284a2a:0x16013
$func24 @ 00284a2a:0x5271
$func24 @ 00284a2a:0x51b1
$func24 @ 00284a2a:0x51b1
$func556 @ 00284a2a:0x6a4c2
$func562 @ 00284a2a:0x6ac14
$func24 @ 00284a2a:0x3404
$func24 @ 00284a2a:0x5327
$func457 @ 00284a2a:0x609f5
$func562 @ 00284a2a:0x6ac4e
$func83 @ 00284a2a:0x16013
$func24 @ 00284a2a:0x5271
$func24 @ 00284a2a:0x51b1
$func24 @ 00284a2a:0x51b1
$func556 @ 00284a2a:0x6a4c2
$func562 @ 00284a2a:0x6ac14
$func24 @ 00284a2a:0x3404
$func24 @ 00284a2a:0x5327
$func712 @ 00284a2a:0x7c38d
$X @ 00284a2a:0x7def0
E._QTS_ExecutePendingJob @ vendors~mg-plugin.3cc39455.js:1
A.executePendingJobs @ vendors~mg-plugin.3cc39455.js:1
(anonymous) @ app.2d024da3.js:1
Promise.then (async)
executePendingJobs @ app.2d024da3.js:1
i @ app.2d024da3.js:1
c @ app.2d024da3.js:1
Ms.handlePluginMessage @ app.2d024da3.js:1
i @ chunk-libs.8b5d8668.js:5
postMessage (async)
(anonymous) @ VM289 plugin-sandbox.html:7
postMessage (async)
send @ VM294:22
acknowledgeExportFile @ VM294:298
window.onmessage @ VM294:440
postMessage (async)
postMessage @ app.2d024da3.js:1
(anonymous) @ app.2d024da3.js:1
(anonymous) @ app.2d024da3.js:14
(anonymous) @ vendors~mg-plugin.3cc39455.js:1
A.withScope @ vendors~mg-plugin.3cc39455.js:1
A.cToHostCallbackFunction @ vendors~mg-plugin.3cc39455.js:1
A.cToHostCallbackFunction @ vendors~mg-plugin.3cc39455.js:1
$func806 @ 00284a2a:0x856b8
$func573 @ 00284a2a:0x6b75e
$func24 @ 00284a2a:0x3404
$func24 @ 00284a2a:0x5327
$func24 @ 00284a2a:0x51b1
$func556 @ 00284a2a:0x6a4c2
$func562 @ 00284a2a:0x6ac14
$func24 @ 00284a2a:0x3404
$func24 @ 00284a2a:0x5327
$func712 @ 00284a2a:0x7c38d
$X @ 00284a2a:0x7def0
E._QTS_ExecutePendingJob @ vendors~mg-plugin.3cc39455.js:1
A.executePendingJobs @ vendors~mg-plugin.3cc39455.js:1
(anonymous) @ app.2d024da3.js:1
Promise.then (async)
executePendingJobs @ app.2d024da3.js:1
i @ app.2d024da3.js:1
c @ app.2d024da3.js:1
Ms.handlePluginMessage @ app.2d024da3.js:1
i @ chunk-libs.8b5d8668.js:5
postMessage (async)
(anonymous) @ VM289 plugin-sandbox.html:7
postMessage (async)
send @ VM294:22
acknowledgeExportFile @ VM294:298
window.onmessage @ VM294:440
postMessage (async)
postMessage @ app.2d024da3.js:1
(anonymous) @ app.2d024da3.js:1
(anonymous) @ app.2d024da3.js:14
(anonymous) @ vendors~mg-plugin.3cc39455.js:1
A.withScope @ vendors~mg-plugin.3cc39455.js:1
A.cToHostCallbackFunction @ vendors~mg-plugin.3cc39455.js:1
A.cToHostCallbackFunction @ vendors~mg-plugin.3cc39455.js:1
$func806 @ 00284a2a:0x856b8
$func573 @ 00284a2a:0x6b75e
$func24 @ 00284a2a:0x3404
$func24 @ 00284a2a:0x5327
$func24 @ 00284a2a:0x51b1
$func556 @ 00284a2a:0x6a4c2
$func562 @ 00284a2a:0x6ac14
$func24 @ 00284a2a:0x3404
$func24 @ 00284a2a:0x5327
$func712 @ 00284a2a:0x7c38d
$X @ 00284a2a:0x7def0
E._QTS_ExecutePendingJob @ vendors~mg-plugin.3cc39455.js:1
A.executePendingJobs @ vendors~mg-plugin.3cc39455.js:1
(anonymous) @ app.2d024da3.js:1
Promise.then (async)
executePendingJobs @ app.2d024da3.js:1
(anonymous) @ app.2d024da3.js:1
i @ chunk-libs.8b5d8668.js:5
setTimeout (async)
(anonymous) @ chunk-libs.8b5d8668.js:5
(anonymous) @ app.2d024da3.js:1
(anonymous) @ vendors~mg-plugin.3cc39455.js:1
A.withScope @ vendors~mg-plugin.3cc39455.js:1
A.cToHostCallbackFunction @ vendors~mg-plugin.3cc39455.js:1
A.cToHostCallbackFunction @ vendors~mg-plugin.3cc39455.js:1
$func806 @ 00284a2a:0x856b8
$func573 @ 00284a2a:0x6b75e
$func24 @ 00284a2a:0x3404
$func24 @ 00284a2a:0x51b1
$func457 @ 00284a2a:0x609f5
$func562 @ 00284a2a:0x6ac4e
$func83 @ 00284a2a:0x16013
$func24 @ 00284a2a:0x5271
$func24 @ 00284a2a:0x51b1
$func556 @ 00284a2a:0x6a4c2
$func562 @ 00284a2a:0x6ac14
$func24 @ 00284a2a:0x3404
$func24 @ 00284a2a:0x5327
$func712 @ 00284a2a:0x7c38d
$X @ 00284a2a:0x7def0
E._QTS_ExecutePendingJob @ vendors~mg-plugin.3cc39455.js:1
A.executePendingJobs @ vendors~mg-plugin.3cc39455.js:1
(anonymous) @ app.2d024da3.js:1
Promise.then (async)
executePendingJobs @ app.2d024da3.js:1
i @ app.2d024da3.js:1
c @ app.2d024da3.js:1
Ms.handlePluginMessage @ app.2d024da3.js:1
i @ chunk-libs.8b5d8668.js:5
postMessage (async)
(anonymous) @ VM289 plugin-sandbox.html:7
postMessage (async)
send @ VM294:22
acknowledgeExportFile @ VM294:298
window.onmessage @ VM294:440
postMessage (async)
postMessage @ app.2d024da3.js:1
(anonymous) @ app.2d024da3.js:1
(anonymous) @ app.2d024da3.js:14
(anonymous) @ vendors~mg-plugin.3cc39455.js:1
A.withScope @ vendors~mg-plugin.3cc39455.js:1
A.cToHostCallbackFunction @ vendors~mg-plugin.3cc39455.js:1
A.cToHostCallbackFunction @ vendors~mg-plugin.3cc39455.js:1
$func806 @ 00284a2a:0x856b8
$func573 @ 00284a2a:0x6b75e
$func24 @ 00284a2a:0x3404
$func24 @ 00284a2a:0x5327
$func24 @ 00284a2a:0x51b1
$func556 @ 00284a2a:0x6a4c2
$func562 @ 00284a2a:0x6ac14
$func24 @ 00284a2a:0x3404
$func24 @ 00284a2a:0x5327
$func712 @ 00284a2a:0x7c38d
$X @ 00284a2a:0x7def0
E._QTS_ExecutePendingJob @ vendors~mg-plugin.3cc39455.js:1
A.executePendingJobs @ vendors~mg-plugin.3cc39455.js:1
(anonymous) @ app.2d024da3.js:1
Promise.then (async)
executePendingJobs @ app.2d024da3.js:1
(anonymous) @ app.2d024da3.js:1
i @ chunk-libs.8b5d8668.js:5
setTimeout (async)
(anonymous) @ chunk-libs.8b5d8668.js:5
(anonymous) @ app.2d024da3.js:1
(anonymous) @ vendors~mg-plugin.3cc39455.js:1
A.withScope @ vendors~mg-plugin.3cc39455.js:1
A.cToHostCallbackFunction @ vendors~mg-plugin.3cc39455.js:1
A.cToHostCallbackFunction @ vendors~mg-plugin.3cc39455.js:1
$func806 @ 00284a2a:0x856b8
$func573 @ 00284a2a:0x6b75e
$func24 @ 00284a2a:0x3404
$func24 @ 00284a2a:0x51b1
$func457 @ 00284a2a:0x609f5
$func562 @ 00284a2a:0x6ac4e
$func83 @ 00284a2a:0x16013
$func24 @ 00284a2a:0x5271
$func24 @ 00284a2a:0x51b1
$func556 @ 00284a2a:0x6a4c2
$func562 @ 00284a2a:0x6ac14
$func24 @ 00284a2a:0x3404
$func24 @ 00284a2a:0x5327
$func457 @ 00284a2a:0x609f5
$func562 @ 00284a2a:0x6ac4e
$func83 @ 00284a2a:0x16013
$func24 @ 00284a2a:0x5271
$func24 @ 00284a2a:0x51b1
$func24 @ 00284a2a:0x51b1
$func556 @ 00284a2a:0x6a4c2
$func562 @ 00284a2a:0x6ac14
$func24 @ 00284a2a:0x3404
$func24 @ 00284a2a:0x5327
$func457 @ 00284a2a:0x609f5
$func562 @ 00284a2a:0x6ac4e
$func83 @ 00284a2a:0x16013
$func24 @ 00284a2a:0x5271
$func24 @ 00284a2a:0x51b1
$func24 @ 00284a2a:0x51b1
$func556 @ 00284a2a:0x6a4c2
$func562 @ 00284a2a:0x6ac14
$func24 @ 00284a2a:0x3404
$func24 @ 00284a2a:0x5327
$func712 @ 00284a2a:0x7c38d
$X @ 00284a2a:0x7def0
E._QTS_ExecutePendingJob @ vendors~mg-plugin.3cc39455.js:1
A.executePendingJobs @ vendors~mg-plugin.3cc39455.js:1
(anonymous) @ app.2d024da3.js:1
Promise.then (async)
executePendingJobs @ app.2d024da3.js:1
i @ app.2d024da3.js:1
c @ app.2d024da3.js:1
Ms.handlePluginMessage @ app.2d024da3.js:1
i @ chunk-libs.8b5d8668.js:5
postMessage (async)
(anonymous) @ VM289 plugin-sandbox.html:7
postMessage (async)
send @ VM294:22
acknowledgeExportFile @ VM294:298
window.onmessage @ VM294:440
postMessage (async)
postMessage @ app.2d024da3.js:1
(anonymous) @ app.2d024da3.js:1
(anonymous) @ app.2d024da3.js:14
(anonymous) @ vendors~mg-plugin.3cc39455.js:1
A.withScope @ vendors~mg-plugin.3cc39455.js:1
A.cToHostCallbackFunction @ vendors~mg-plugin.3cc39455.js:1
A.cToHostCallbackFunction @ vendors~mg-plugin.3cc39455.js:1
$func806 @ 00284a2a:0x856b8
$func573 @ 00284a2a:0x6b75e
$func24 @ 00284a2a:0x3404
$func24 @ 00284a2a:0x5327
$func24 @ 00284a2a:0x51b1
$func556 @ 00284a2a:0x6a4c2
$func562 @ 00284a2a:0x6ac14
$func24 @ 00284a2a:0x3404
$func24 @ 00284a2a:0x5327
$func712 @ 00284a2a:0x7c38d
$X @ 00284a2a:0x7def0
E._QTS_ExecutePendingJob @ vendors~mg-plugin.3cc39455.js:1
A.executePendingJobs @ vendors~mg-plugin.3cc39455.js:1
(anonymous) @ app.2d024da3.js:1
Promise.then (async)
executePendingJobs @ app.2d024da3.js:1
i @ app.2d024da3.js:1
c @ app.2d024da3.js:1
Ms.handlePluginMessage @ app.2d024da3.js:1
i @ chunk-libs.8b5d8668.js:5
postMessage (async)
(anonymous) @ VM289 plugin-sandbox.html:7
postMessage (async)
send @ VM294:22
acknowledgeExportFile @ VM294:298
window.onmessage @ VM294:440
postMessage (async)
postMessage @ app.2d024da3.js:1
(anonymous) @ app.2d024da3.js:1
(anonymous) @ app.2d024da3.js:14
(anonymous) @ vendors~mg-plugin.3cc39455.js:1
A.withScope @ vendors~mg-plugin.3cc39455.js:1
A.cToHostCallbackFunction @ vendors~mg-plugin.3cc39455.js:1
A.cToHostCallbackFunction @ vendors~mg-plugin.3cc39455.js:1
$func806 @ 00284a2a:0x856b8
$func573 @ 00284a2a:0x6b75e
$func24 @ 00284a2a:0x3404
$func24 @ 00284a2a:0x5327
$func24 @ 00284a2a:0x51b1
$func556 @ 00284a2a:0x6a4c2
$func562 @ 00284a2a:0x6ac14
$func24 @ 00284a2a:0x3404
$func24 @ 00284a2a:0x5327
$func712 @ 00284a2a:0x7c38d
$X @ 00284a2a:0x7def0
E._QTS_ExecutePendingJob @ vendors~mg-plugin.3cc39455.js:1
A.executePendingJobs @ vendors~mg-plugin.3cc39455.js:1
(anonymous) @ app.2d024da3.js:1
Promise.then (async)
executePendingJobs @ app.2d024da3.js:1
(anonymous) @ app.2d024da3.js:1
i @ chunk-libs.8b5d8668.js:5
setTimeout (async)
(anonymous) @ chunk-libs.8b5d8668.js:5
(anonymous) @ app.2d024da3.js:1
(anonymous) @ vendors~mg-plugin.3cc39455.js:1
A.withScope @ vendors~mg-plugin.3cc39455.js:1
A.cToHostCallbackFunction @ vendors~mg-plugin.3cc39455.js:1
A.cToHostCallbackFunction @ vendors~mg-plugin.3cc39455.js:1
$func806 @ 00284a2a:0x856b8
$func573 @ 00284a2a:0x6b75e
$func24 @ 00284a2a:0x3404
$func24 @ 00284a2a:0x51b1
$func457 @ 00284a2a:0x609f5
$func562 @ 00284a2a:0x6ac4e
$func83 @ 00284a2a:0x16013
$func24 @ 00284a2a:0x5271
$func24 @ 00284a2a:0x51b1
$func556 @ 00284a2a:0x6a4c2
$func562 @ 00284a2a:0x6ac14
$func24 @ 00284a2a:0x3404
$func24 @ 00284a2a:0x5327
$func712 @ 00284a2a:0x7c38d
$X @ 00284a2a:0x7def0
E._QTS_ExecutePendingJob @ vendors~mg-plugin.3cc39455.js:1
A.executePendingJobs @ vendors~mg-plugin.3cc39455.js:1
(anonymous) @ app.2d024da3.js:1
Promise.then (async)
executePendingJobs @ app.2d024da3.js:1
i @ app.2d024da3.js:1
c @ app.2d024da3.js:1
Ms.handlePluginMessage @ app.2d024da3.js:1
i @ chunk-libs.8b5d8668.js:5
postMessage (async)
(anonymous) @ VM289 plugin-sandbox.html:7
postMessage (async)
send @ VM294:22
acknowledgeExportFile @ VM294:298
window.onmessage @ VM294:440
postMessage (async)
postMessage @ app.2d024da3.js:1
(anonymous) @ app.2d024da3.js:1
(anonymous) @ app.2d024da3.js:14
(anonymous) @ vendors~mg-plugin.3cc39455.js:1
A.withScope @ vendors~mg-plugin.3cc39455.js:1
A.cToHostCallbackFunction @ vendors~mg-plugin.3cc39455.js:1
A.cToHostCallbackFunction @ vendors~mg-plugin.3cc39455.js:1
$func806 @ 00284a2a:0x856b8
$func573 @ 00284a2a:0x6b75e
$func24 @ 00284a2a:0x3404
$func24 @ 00284a2a:0x5327
$func24 @ 00284a2a:0x51b1
$func556 @ 00284a2a:0x6a4c2
$func562 @ 00284a2a:0x6ac14
$func24 @ 00284a2a:0x3404
$func24 @ 00284a2a:0x5327
$func712 @ 00284a2a:0x7c38d
$X @ 00284a2a:0x7def0
E._QTS_ExecutePendingJob @ vendors~mg-plugin.3cc39455.js:1
A.executePendingJobs @ vendors~mg-plugin.3cc39455.js:1
(anonymous) @ app.2d024da3.js:1
Promise.then (async)
executePendingJobs @ app.2d024da3.js:1
i @ app.2d024da3.js:1
c @ app.2d024da3.js:1
Ms.handlePluginMessage @ app.2d024da3.js:1
i @ chunk-libs.8b5d8668.js:5
postMessage (async)
(anonymous) @ VM289 plugin-sandbox.html:7
chunk-libs.8b5d8668.js:127 [MasterGo2Figma] Transfer file 94: assets/image-008.png, kind=bytes, size=582189, chunks=9
chunk-libs.8b5d8668.js:127 [MasterGo2Figma] Transfer file 95: assets/image-009.jpg, kind=bytes, size=198145, chunks=4
chunk-libs.8b5d8668.js:127 [MasterGo2Figma] Transfer file 96: assets/image-010.jpg, kind=bytes, size=214867, chunks=4
chunk-libs.8b5d8668.js:127 [MasterGo2Figma] Transfer file 98: assets/image-012.jpg, kind=bytes, size=296182, chunks=5
chunk-libs.8b5d8668.js:127 [MasterGo2Figma] Transfer file 99: assets/image-013.jpg, kind=bytes, size=122688, chunks=2
chunk-libs.8b5d8668.js:127 [MasterGo2Figma] Transfer file 100: assets/image-014.jpg, kind=bytes, size=369649, chunks=6
chunk-libs.8b5d8668.js:127 [MasterGo2Figma] Transfer file 101: assets/image-015.jpg, kind=bytes, size=98634, chunks=2
chunk-libs.8b5d8668.js:127 [MasterGo2Figma] Transfer file 102: assets/image-016.jpg, kind=bytes, size=320188, chunks=5
chunk-libs.8b5d8668.js:127 [MasterGo2Figma] Transfer file 103: assets/image-017.png, kind=bytes, size=127858, chunks=2
chunk-libs.8b5d8668.js:127 [MasterGo2Figma] Transfer file 104: assets/image-018.png, kind=bytes, size=120554, chunks=2
chunk-libs.8b5d8668.js:127 [MasterGo2Figma] Transfer file 105: assets/image-019.png, kind=bytes, size=183726, chunks=3
chunk-libs.8b5d8668.js:127 [MasterGo2Figma] Transfer file 106: assets/image-020.png, kind=bytes, size=978885, chunks=15
chunk-libs.8b5d8668.js:127 [MasterGo2Figma] Transfer file 107: assets/image-021.png, kind=bytes, size=823325, chunks=13
chunk-libs.8b5d8668.js:127 [MasterGo2Figma] Transfer file 108: assets/image-022.png, kind=bytes, size=1101075, chunks=17
chunk-libs.8b5d8668.js:127 [MasterGo2Figma] Transfer file 110: assets/image-024.png, kind=bytes, size=154440, chunks=3
chunk-libs.8b5d8668.js:127 [MasterGo2Figma] Transfer file 111: assets/image-025.png, kind=bytes, size=8468839, chunks=130
chunk-libs.8b5d8668.js:127 [MasterGo2Figma] Transfer file 112: assets/image-026.png, kind=bytes, size=2562770, chunks=40
VM294:538 [MasterGo2Figma UI] Finalizing zip: files=120, localParts=1559, centralSize=10510, offset=33448744
chunk-libs.8b5d8668.js:127 [MasterGo2Figma] Split package complete 1/10: mastergo2figma-partial-pages-part-001-of-010-企业大脑-2026-05-19T02-27-24-553Z.zip, files=120, bytes=33322232
chunk-libs.8b5d8668.js:127 [MasterGo2Figma] Page agent is large; split into 4 root segments.
chunk-libs.8b5d8668.js:127 [MasterGo2Figma] Split package start 2/10 segment 1/4: agent, nodes=6241
chunk-libs.8b5d8668.js:127 [MasterGo2Figma] Page export start 2/10: agent 1-4, roots=9
chunk-libs.8b5d8668.js:127 [MasterGo2Figma] Transfer file 0: pages/page-002-agent/layers/layers-001.json, kind=content, size=259169, chunks=16
chunk-libs.8b5d8668.js:127 [MasterGo2Figma] Transfer file 1: pages/page-002-agent/layers/layers-002.json, kind=content, size=210449, chunks=13
chunk-libs.8b5d8668.js:127 [MasterGo2Figma] Transfer file 2: pages/page-002-agent/layers/layers-003.json, kind=content, size=187306, chunks=12
chunk-libs.8b5d8668.js:127 [MasterGo2Figma] Transfer file 3: pages/page-002-agent/layers/layers-004.json, kind=content, size=193976, chunks=12
chunk-libs.8b5d8668.js:127 [MasterGo2Figma] Transfer file 4: pages/page-002-agent/layers/layers-005.json, kind=content, size=189630, chunks=12
chunk-libs.8b5d8668.js:127 [MasterGo2Figma] Page agent 1-4: collected 500 layers; openChunkRecords=0; latest=1537 bytes
chunk-libs.8b5d8668.js:127 [MasterGo2Figma] Transfer file 5: pages/page-002-agent/layers/layers-006.json, kind=content, size=181787, chunks=12
chunk-libs.8b5d8668.js:127 [MasterGo2Figma] Transfer file 6: pages/page-002-agent/layers/layers-007.json, kind=content, size=205898, chunks=13
chunk-libs.8b5d8668.js:127 [MasterGo2Figma] Transfer file 7: pages/page-002-agent/layers/layers-008.json, kind=content, size=189063, chunks=12
chunk-libs.8b5d8668.js:127 [MasterGo2Figma] Transfer file 8: pages/page-002-agent/layers/layers-009.json, kind=content, size=180235, chunks=12
chunk-libs.8b5d8668.js:127 [MasterGo2Figma] Transfer file 9: pages/page-002-agent/layers/layers-010.json, kind=content, size=188261, chunks=12
chunk-libs.8b5d8668.js:127 [MasterGo2Figma] Page agent 1-4: collected 1000 layers; openChunkRecords=0; latest=1578 bytes
chunk-libs.8b5d8668.js:127 [MasterGo2Figma] Transfer file 10: pages/page-002-agent/layers/layers-011.json, kind=content, size=192329, chunks=12
chunk-libs.8b5d8668.js:127 [MasterGo2Figma] Transfer file 11: pages/page-002-agent/layers/layers-012.json, kind=content, size=227379, chunks=14
chunk-libs.8b5d8668.js:127 [MasterGo2Figma] Transfer file 12: pages/page-002-agent/layers/layers-013.json, kind=content, size=213656, chunks=14
chunk-libs.8b5d8668.js:127 [MasterGo2Figma] Transfer file 13: pages/page-002-agent/layers/layers-014.json, kind=content, size=179482, chunks=11
chunk-libs.8b5d8668.js:127 [MasterGo2Figma] Transfer file 14: pages/page-002-agent/layers/layers-015.json, kind=content, size=181270, chunks=12
chunk-libs.8b5d8668.js:127 [MasterGo2Figma] Page agent 1-4: collected 1500 layers; openChunkRecords=0; latest=2124 bytes
chunk-libs.8b5d8668.js:127 [MasterGo2Figma] Transfer file 15: pages/page-002-agent/layers/layers-016.json, kind=content, size=186288, chunks=12
chunk-libs.8b5d8668.js:127 [MasterGo2Figma] Transfer file 16: pages/page-002-agent/layers/layers-017.json, kind=content, size=189569, chunks=12
chunk-libs.8b5d8668.js:127 [MasterGo2Figma] Transfer file 17: pages/page-002-agent/layers/layers-018.json, kind=content, size=190500, chunks=12
chunk-libs.8b5d8668.js:127 [MasterGo2Figma] Transfer file 18: pages/page-002-agent/layers/layers-019.json, kind=content, size=189160, chunks=12
chunk-libs.8b5d8668.js:127 [MasterGo2Figma] Transfer file 19: pages/page-002-agent/layers/layers-020.json, kind=content, size=185370, chunks=12
chunk-libs.8b5d8668.js:127 [MasterGo2Figma] Page agent 1-4: collected 2000 layers; openChunkRecords=0; latest=2524 bytes
chunk-libs.8b5d8668.js:127 [MasterGo2Figma] Transfer file 20: pages/page-002-agent/layers/layers-021.json, kind=content, size=185668, chunks=12
chunk-libs.8b5d8668.js:127 [MasterGo2Figma] Transfer file 21: pages/page-002-agent/layers/layers-022.json, kind=content, size=195831, chunks=12
chunk-libs.8b5d8668.js:127 [MasterGo2Figma] Transfer file 22: pages/page-002-agent/layers/layers-023.json, kind=content, size=197719, chunks=13
chunk-libs.8b5d8668.js:127 [MasterGo2Figma] Transfer file 23: pages/page-002-agent/layers/layers-024.json, kind=content, size=189741, chunks=12
chunk-libs.8b5d8668.js:127 [MasterGo2Figma] Transfer file 24: pages/page-002-agent/layers/layers-025.json, kind=content, size=160634, chunks=10
chunk-libs.8b5d8668.js:127 [MasterGo2Figma] Page agent 1-4: collected 2500 layers; openChunkRecords=0; latest=1308 bytes
chunk-libs.8b5d8668.js:127 [MasterGo2Figma] Transfer file 25: pages/page-002-agent/layers/layers-026.json, kind=content, size=164488, chunks=11
chunk-libs.8b5d8668.js:127 [MasterGo2Figma] Transfer file 26: pages/page-002-agent/layers/layers-027.json, kind=content, size=164376, chunks=11
chunk-libs.8b5d8668.js:127 [MasterGo2Figma] Transfer file 27: pages/page-002-agent/layers/layers-028.json, kind=content, size=181972, chunks=12
chunk-libs.8b5d8668.js:127 [MasterGo2Figma] Transfer file 28: pages/page-002-agent/layers/layers-029.json, kind=content, size=181256, chunks=12
chunk-libs.8b5d8668.js:127 [MasterGo2Figma] Transfer file 29: pages/page-002-agent/layers/layers-030.json, kind=content, size=174359, chunks=11
chunk-libs.8b5d8668.js:127 [MasterGo2Figma] Page agent 1-4: collected 3000 layers; openChunkRecords=0; latest=1654 bytes
chunk-libs.8b5d8668.js:127 [MasterGo2Figma] Transfer file 30: pages/page-002-agent/layers/layers-031.json, kind=content, size=183663, chunks=12
chunk-libs.8b5d8668.js:127 [MasterGo2Figma] Transfer file 31: pages/page-002-agent/layers/layers-032.json, kind=content, size=184115, chunks=12
chunk-libs.8b5d8668.js:127 [MasterGo2Figma] Transfer file 32: pages/page-002-agent/layers/layers-033.json, kind=content, size=277955, chunks=17
chunk-libs.8b5d8668.js:127 [MasterGo2Figma] Transfer file 33: pages/page-002-agent/layers/layers-034.json, kind=content, size=228531, chunks=14
chunk-libs.8b5d8668.js:127 [MasterGo2Figma] Transfer file 34: pages/page-002-agent/layers/layers-035.json, kind=content, size=192347, chunks=12
chunk-libs.8b5d8668.js:127 [MasterGo2Figma] Page agent 1-4: collected 3500 layers; openChunkRecords=0; latest=1260 bytes
chunk-libs.8b5d8668.js:127 [MasterGo2Figma] Transfer file 35: pages/page-002-agent/layers/layers-036.json, kind=content, size=256833, chunks=16
chunk-libs.8b5d8668.js:127 [MasterGo2Figma] Transfer file 36: pages/page-002-agent/layers/layers-037.json, kind=content, size=199139, chunks=13
chunk-libs.8b5d8668.js:127 [MasterGo2Figma] Transfer file 37: pages/page-002-agent/layers/layers-038.json, kind=content, size=199106, chunks=13
chunk-libs.8b5d8668.js:127 [MasterGo2Figma] Transfer file 38: pages/page-002-agent/layers/layers-039.json, kind=content, size=199200, chunks=13
chunk-libs.8b5d8668.js:127 [MasterGo2Figma] Transfer file 39: pages/page-002-agent/layers/layers-040.json, kind=content, size=211917, chunks=13
chunk-libs.8b5d8668.js:127 [MasterGo2Figma] Page agent 1-4: collected 4000 layers; openChunkRecords=0; latest=3030 bytes
chunk-libs.8b5d8668.js:127 [MasterGo2Figma] Transfer file 40: pages/page-002-agent/layers/layers-041.json, kind=content, size=269914, chunks=17
chunk-libs.8b5d8668.js:127 [MasterGo2Figma] Transfer file 41: pages/page-002-agent/layers/layers-042.json, kind=content, size=168904, chunks=11
chunk-libs.8b5d8668.js:127 [MasterGo2Figma] Transfer file 42: pages/page-002-agent/layers/layers-043.json, kind=content, size=167808, chunks=11
chunk-libs.8b5d8668.js:127 [MasterGo2Figma] Transfer file 43: pages/page-002-agent/layers/layers-044.json, kind=content, size=284051, chunks=18
chunk-libs.8b5d8668.js:127 [MasterGo2Figma] Transfer file 44: pages/page-002-agent/layers/layers-045.json, kind=content, size=186739, chunks=12
chunk-libs.8b5d8668.js:127 [MasterGo2Figma] Page agent 1-4: collected 4500 layers; openChunkRecords=0; latest=1359 bytes
chunk-libs.8b5d8668.js:127 [MasterGo2Figma] Transfer file 45: pages/page-002-agent/layers/layers-046.json, kind=content, size=196664, chunks=13
chunk-libs.8b5d8668.js:127 [MasterGo2Figma] Transfer file 46: pages/page-002-agent/layers/layers-047.json, kind=content, size=265821, chunks=17
chunk-libs.8b5d8668.js:127 [MasterGo2Figma] Transfer file 47: pages/page-002-agent/layers/layers-048.json, kind=content, size=174195, chunks=11
chunk-libs.8b5d8668.js:127 [MasterGo2Figma] Transfer file 48: pages/page-002-agent/layers/layers-049.json, kind=content, size=274254, chunks=17
chunk-libs.8b5d8668.js:127 [MasterGo2Figma] Transfer file 49: pages/page-002-agent/layers/layers-050.json, kind=content, size=170588, chunks=11
chunk-libs.8b5d8668.js:127 [MasterGo2Figma] Page agent 1-4: collected 5000 layers; openChunkRecords=0; latest=1718 bytes
chunk-libs.8b5d8668.js:127 [MasterGo2Figma] Transfer file 50: pages/page-002-agent/layers/layers-051.json, kind=content, size=233931, chunks=15
chunk-libs.8b5d8668.js:127 [MasterGo2Figma] Transfer file 51: pages/page-002-agent/layers/layers-052.json, kind=content, size=196222, chunks=12
chunk-libs.8b5d8668.js:127 [MasterGo2Figma] Transfer file 52: pages/page-002-agent/layers/layers-053.json, kind=content, size=278865, chunks=18
chunk-libs.8b5d8668.js:127 [MasterGo2Figma] Transfer file 53: pages/page-002-agent/layers/layers-054.json, kind=content, size=215338, chunks=14
chunk-libs.8b5d8668.js:127 [MasterGo2Figma] Transfer file 54: pages/page-002-agent/layers/layers-055.json, kind=content, size=256021, chunks=16
chunk-libs.8b5d8668.js:127 [MasterGo2Figma] Page agent 1-4: collected 5500 layers; openChunkRecords=0; latest=1592 bytes
chunk-libs.8b5d8668.js:127 [MasterGo2Figma] Transfer file 55: pages/page-002-agent/layers/layers-056.json, kind=content, size=226306, chunks=14
chunk-libs.8b5d8668.js:127 [MasterGo2Figma] Transfer file 56: pages/page-002-agent/layers/layers-057.json, kind=content, size=165644, chunks=11
chunk-libs.8b5d8668.js:127 [MasterGo2Figma] Transfer file 57: pages/page-002-agent/layers/layers-058.json, kind=content, size=212797, chunks=13
chunk-libs.8b5d8668.js:127 [MasterGo2Figma] Transfer file 58: pages/page-002-agent/layers/layers-059.json, kind=content, size=173414, chunks=11
chunk-libs.8b5d8668.js:127 [MasterGo2Figma] Transfer file 59: pages/page-002-agent/layers/layers-060.json, kind=content, size=218375, chunks=14
chunk-libs.8b5d8668.js:127 [MasterGo2Figma] Page agent 1-4: collected 6000 layers; openChunkRecords=0; latest=1243 bytes
chunk-libs.8b5d8668.js:127 [MasterGo2Figma] Transfer file 60: pages/page-002-agent/layers/layers-061.json, kind=content, size=161432, chunks=10
chunk-libs.8b5d8668.js:127 [MasterGo2Figma] Transfer file 61: pages/page-002-agent/layers/layers-062.json, kind=content, size=153729, chunks=10
chunk-libs.8b5d8668.js:127 [MasterGo2Figma] Page export complete 2/10: agent 1-4, layers=6241, files=63
chunk-libs.8b5d8668.js:127 [MasterGo2Figma] Split package layers streamed; image assets queued: 30
chunk-libs.8b5d8668.js:127 [MasterGo2Figma] Transfer file 64: assets/image-001.png, kind=bytes, size=6782749, chunks=104
chunk-libs.8b5d8668.js:127 [MasterGo2Figma] Transfer file 67: assets/image-004.png, kind=bytes, size=1264270, chunks=20
chunk-libs.8b5d8668.js:127 [MasterGo2Figma] Transfer file 69: assets/image-006.png, kind=bytes, size=140337, chunks=3
chunk-libs.8b5d8668.js:127 [MasterGo2Figma] Transfer file 70: assets/image-007.png, kind=bytes, size=101208, chunks=2
chunk-libs.8b5d8668.js:127 [MasterGo2Figma] Transfer file 71: assets/image-008.png, kind=bytes, size=116693, chunks=2
chunk-libs.8b5d8668.js:127 [MasterGo2Figma] Transfer file 73: assets/image-010.png, kind=bytes, size=114386, chunks=2
chunk-libs.8b5d8668.js:127 [MasterGo2Figma] Transfer file 75: assets/image-012.png, kind=bytes, size=125323, chunks=2
chunk-libs.8b5d8668.js:127 [MasterGo2Figma] Transfer file 80: assets/image-017.jpg, kind=bytes, size=198145, chunks=4
chunk-libs.8b5d8668.js:127 [MasterGo2Figma] Transfer file 81: assets/image-018.jpg, kind=bytes, size=214867, chunks=4
chunk-libs.8b5d8668.js:127 [MasterGo2Figma] Transfer file 83: assets/image-020.jpg, kind=bytes, size=296182, chunks=5
chunk-libs.8b5d8668.js:127 [MasterGo2Figma] Transfer file 84: assets/image-021.jpg, kind=bytes, size=122688, chunks=2
chunk-libs.8b5d8668.js:127 [MasterGo2Figma] Transfer file 85: assets/image-022.jpg, kind=bytes, size=369649, chunks=6
chunk-libs.8b5d8668.js:127 [MasterGo2Figma] Transfer file 87: assets/image-024.jpg, kind=bytes, size=98634, chunks=2
chunk-libs.8b5d8668.js:127 [MasterGo2Figma] Transfer file 88: assets/image-025.jpg, kind=bytes, size=197790, chunks=4
chunk-libs.8b5d8668.js:127 [MasterGo2Figma] Transfer file 89: assets/image-026.jpg, kind=bytes, size=320188, chunks=5
chunk-libs.8b5d8668.js:127 [MasterGo2Figma] Transfer file 90: assets/image-027.jpg, kind=bytes, size=191592, chunks=3
VM294:538 [MasterGo2Figma UI] Finalizing zip: files=95, localParts=1181, centralSize=7722, offset=23844735
chunk-libs.8b5d8668.js:127 [MasterGo2Figma] Split package complete 2/10 segment 1/4: mastergo2figma-partial-pages-part-002-of-010-segment-001-of-004-agent-2026-05-19T02-27-41-506Z.zip, files=95, bytes=23756874
chunk-libs.8b5d8668.js:127 [MasterGo2Figma] Split package start 2/10 segment 2/4: agent, nodes=7755
chunk-libs.8b5d8668.js:127 [MasterGo2Figma] Page export start 2/10: agent 2-4, roots=1
chunk-libs.8b5d8668.js:127 [MasterGo2Figma] Transfer file 0: pages/page-002-agent/layers/layers-001.json, kind=content, size=180724, chunks=12
chunk-libs.8b5d8668.js:127 [MasterGo2Figma] Transfer file 1: pages/page-002-agent/layers/layers-002.json, kind=content, size=189216, chunks=12
chunk-libs.8b5d8668.js:127 [MasterGo2Figma] Transfer file 2: pages/page-002-agent/layers/layers-003.json, kind=content, size=189919, chunks=12
chunk-libs.8b5d8668.js:127 [MasterGo2Figma] Transfer file 3: pages/page-002-agent/layers/layers-004.json, kind=content, size=175317, chunks=11
chunk-libs.8b5d8668.js:127 [MasterGo2Figma] Transfer file 4: pages/page-002-agent/layers/layers-005.json, kind=content, size=187630, chunks=12
chunk-libs.8b5d8668.js:127 [MasterGo2Figma] Page agent 2-4: collected 500 layers; openChunkRecords=0; latest=2014 bytes
chunk-libs.8b5d8668.js:127 [MasterGo2Figma] Transfer file 5: pages/page-002-agent/layers/layers-006.json, kind=content, size=185618, chunks=12
chunk-libs.8b5d8668.js:127 [MasterGo2Figma] Transfer file 6: pages/page-002-agent/layers/layers-007.json, kind=content, size=212599, chunks=13
chunk-libs.8b5d8668.js:127 [MasterGo2Figma] Transfer file 7: pages/page-002-agent/layers/layers-008.json, kind=content, size=182422, chunks=12
chunk-libs.8b5d8668.js:127 [MasterGo2Figma] Transfer file 8: pages/page-002-agent/layers/layers-009.json, kind=content, size=176293, chunks=11
chunk-libs.8b5d8668.js:127 [MasterGo2Figma] Transfer file 9: pages/page-002-agent/layers/layers-010.json, kind=content, size=187293, chunks=12
chunk-libs.8b5d8668.js:127 [MasterGo2Figma] Page agent 2-4: collected 1000 layers; openChunkRecords=0; latest=4221 bytes
chunk-libs.8b5d8668.js:127 [MasterGo2Figma] Transfer file 10: pages/page-002-agent/layers/layers-011.json, kind=content, size=178040, chunks=11
chunk-libs.8b5d8668.js:127 [MasterGo2Figma] Transfer file 11: pages/page-002-agent/layers/layers-012.json, kind=content, size=178220, chunks=11
chunk-libs.8b5d8668.js:127 [MasterGo2Figma] Transfer file 12: pages/page-002-agent/layers/layers-013.json, kind=content, size=181345, chunks=12
chunk-libs.8b5d8668.js:127 [MasterGo2Figma] Transfer file 13: pages/page-002-agent/layers/layers-014.json, kind=content, size=185604, chunks=12
chunk-libs.8b5d8668.js:127 [MasterGo2Figma] Transfer file 14: pages/page-002-agent/layers/layers-015.json, kind=content, size=187982, chunks=12
chunk-libs.8b5d8668.js:127 [MasterGo2Figma] Page agent 2-4: collected 1500 layers; openChunkRecords=0; latest=2850 bytes
chunk-libs.8b5d8668.js:127 [MasterGo2Figma] Transfer file 15: pages/page-002-agent/layers/layers-016.json, kind=content, size=168002, chunks=11
chunk-libs.8b5d8668.js:127 [MasterGo2Figma] Transfer file 16: pages/page-002-agent/layers/layers-017.json, kind=content, size=172686, chunks=11
chunk-libs.8b5d8668.js:127 [MasterGo2Figma] Transfer file 17: pages/page-002-agent/layers/layers-018.json, kind=content, size=179720, chunks=11
chunk-libs.8b5d8668.js:127 [MasterGo2Figma] Transfer file 18: pages/page-002-agent/layers/layers-019.json, kind=content, size=169384, chunks=11
chunk-libs.8b5d8668.js:127 [MasterGo2Figma] Transfer file 19: pages/page-002-agent/layers/layers-020.json, kind=content, size=172600, chunks=11
chunk-libs.8b5d8668.js:127 [MasterGo2Figma] Page agent 2-4: collected 2000 layers; openChunkRecords=0; latest=1728 bytes
chunk-libs.8b5d8668.js:127 [MasterGo2Figma] Transfer file 20: pages/page-002-agent/layers/layers-021.json, kind=content, size=175379, chunks=11
chunk-libs.8b5d8668.js:127 [MasterGo2Figma] Transfer file 21: pages/page-002-agent/layers/layers-022.json, kind=content, size=174785, chunks=11
chunk-libs.8b5d8668.js:127 [MasterGo2Figma] Transfer file 22: pages/page-002-agent/layers/layers-023.json, kind=content, size=186925, chunks=12
chunk-libs.8b5d8668.js:127 [MasterGo2Figma] Transfer file 23: pages/page-002-agent/layers/layers-024.json, kind=content, size=185634, chunks=12
chunk-libs.8b5d8668.js:127 [MasterGo2Figma] Transfer file 24: pages/page-002-agent/layers/layers-025.json, kind=content, size=192829, chunks=12
chunk-libs.8b5d8668.js:127 [MasterGo2Figma] Page agent 2-4: collected 2500 layers; openChunkRecords=0; latest=1261 bytes
chunk-libs.8b5d8668.js:127 [MasterGo2Figma] Transfer file 25: pages/page-002-agent/layers/layers-026.json, kind=content, size=169820, chunks=11
chunk-libs.8b5d8668.js:127 [MasterGo2Figma] Transfer file 26: pages/page-002-agent/layers/layers-027.json, kind=content, size=182380, chunks=12
chunk-libs.8b5d8668.js:127 [MasterGo2Figma] Transfer file 27: pages/page-002-agent/layers/layers-028.json, kind=content, size=172231, chunks=11
chunk-libs.8b5d8668.js:127 [MasterGo2Figma] Transfer file 28: pages/page-002-agent/layers/layers-029.json, kind=content, size=164487, chunks=11
chunk-libs.8b5d8668.js:127 [MasterGo2Figma] Transfer file 29: pages/page-002-agent/layers/layers-030.json, kind=content, size=171983, chunks=11
chunk-libs.8b5d8668.js:127 [MasterGo2Figma] Page agent 2-4: collected 3000 layers; openChunkRecords=0; latest=1329 bytes
chunk-libs.8b5d8668.js:127 [MasterGo2Figma] Transfer file 30: pages/page-002-agent/layers/layers-031.json, kind=content, size=186912, chunks=12
chunk-libs.8b5d8668.js:127 [MasterGo2Figma] Transfer file 31: pages/page-002-agent/layers/layers-032.json, kind=content, size=175389, chunks=11
chunk-libs.8b5d8668.js:127 [MasterGo2Figma] Transfer file 32: pages/page-002-agent/layers/layers-033.json, kind=content, size=188975, chunks=12
chunk-libs.8b5d8668.js:127 [MasterGo2Figma] Transfer file 33: pages/page-002-agent/layers/layers-034.json, kind=content, size=189893, chunks=12
chunk-libs.8b5d8668.js:127 [MasterGo2Figma] Transfer file 34: pages/page-002-agent/layers/layers-035.json, kind=content, size=177188, chunks=11
chunk-libs.8b5d8668.js:127 [MasterGo2Figma] Page agent 2-4: collected 3500 layers; openChunkRecords=0; latest=1359 bytes
chunk-libs.8b5d8668.js:127 [MasterGo2Figma] Transfer file 35: pages/page-002-agent/layers/layers-036.json, kind=content, size=179037, chunks=11
chunk-libs.8b5d8668.js:127 [MasterGo2Figma] Transfer file 36: pages/page-002-agent/layers/layers-037.json, kind=content, size=175862, chunks=11
chunk-libs.8b5d8668.js:127 [MasterGo2Figma] Transfer file 37: pages/page-002-agent/layers/layers-038.json, kind=content, size=181658, chunks=12
chunk-libs.8b5d8668.js:127 [MasterGo2Figma] Transfer file 38: pages/page-002-agent/layers/layers-039.json, kind=content, size=176120, chunks=11
chunk-libs.8b5d8668.js:127 [MasterGo2Figma] Transfer file 39: pages/page-002-agent/layers/layers-040.json, kind=content, size=177188, chunks=11
chunk-libs.8b5d8668.js:127 [MasterGo2Figma] Page agent 2-4: collected 4000 layers; openChunkRecords=0; latest=2260 bytes
chunk-libs.8b5d8668.js:127 [MasterGo2Figma] Transfer file 40: pages/page-002-agent/layers/layers-041.json, kind=content, size=174461, chunks=11
chunk-libs.8b5d8668.js:127 [MasterGo2Figma] Transfer file 41: pages/page-002-agent/layers/layers-042.json, kind=content, size=165616, chunks=11
chunk-libs.8b5d8668.js:127 [MasterGo2Figma] Transfer file 42: pages/page-002-agent/layers/layers-043.json, kind=content, size=165797, chunks=11
chunk-libs.8b5d8668.js:127 [MasterGo2Figma] Transfer file 43: pages/page-002-agent/layers/layers-044.json, kind=content, size=164183, chunks=11
chunk-libs.8b5d8668.js:127 [MasterGo2Figma] Transfer file 44: pages/page-002-agent/layers/layers-045.json, kind=content, size=181973, chunks=12
chunk-libs.8b5d8668.js:127 [MasterGo2Figma] Page agent 2-4: collected 4500 layers; openChunkRecords=0; latest=1538 bytes
chunk-libs.8b5d8668.js:127 [MasterGo2Figma] Transfer file 45: pages/page-002-agent/layers/layers-046.json, kind=content, size=181037, chunks=12
chunk-libs.8b5d8668.js:127 [MasterGo2Figma] Transfer file 46: pages/page-002-agent/layers/layers-047.json, kind=content, size=181399, chunks=12
chunk-libs.8b5d8668.js:127 [MasterGo2Figma] Transfer file 47: pages/page-002-agent/layers/layers-048.json, kind=content, size=184915, chunks=12
chunk-libs.8b5d8668.js:127 [MasterGo2Figma] Transfer file 48: pages/page-002-agent/layers/layers-049.json, kind=content, size=177828, chunks=11
chunk-libs.8b5d8668.js:127 [MasterGo2Figma] Transfer file 49: pages/page-002-agent/layers/layers-050.json, kind=content, size=178887, chunks=11
chunk-libs.8b5d8668.js:127 [MasterGo2Figma] Page agent 2-4: collected 5000 layers; openChunkRecords=0; latest=1325 bytes
chunk-libs.8b5d8668.js:127 [MasterGo2Figma] Transfer file 50: pages/page-002-agent/layers/layers-051.json, kind=content, size=195982, chunks=12
chunk-libs.8b5d8668.js:127 [MasterGo2Figma] Transfer file 51: pages/page-002-agent/layers/layers-052.json, kind=content, size=178806, chunks=11
chunk-libs.8b5d8668.js:127 [MasterGo2Figma] Transfer file 52: pages/page-002-agent/layers/layers-053.json, kind=content, size=174932, chunks=11
chunk-libs.8b5d8668.js:127 [MasterGo2Figma] Transfer file 53: pages/page-002-agent/layers/layers-054.json, kind=content, size=176522, chunks=11
chunk-libs.8b5d8668.js:127 [MasterGo2Figma] Transfer file 54: pages/page-002-agent/layers/layers-055.json, kind=content, size=176038, chunks=11
chunk-libs.8b5d8668.js:127 [MasterGo2Figma] Page agent 2-4: collected 5500 layers; openChunkRecords=0; latest=1272 bytes
chunk-libs.8b5d8668.js:127 [MasterGo2Figma] Transfer file 55: pages/page-002-agent/layers/layers-056.json, kind=content, size=174209, chunks=11
chunk-libs.8b5d8668.js:127 [MasterGo2Figma] Transfer file 56: pages/page-002-agent/layers/layers-057.json, kind=content, size=175226, chunks=11
chunk-libs.8b5d8668.js:127 [MasterGo2Figma] Transfer file 57: pages/page-002-agent/layers/layers-058.json, kind=content, size=189472, chunks=12
chunk-libs.8b5d8668.js:127 [MasterGo2Figma] Transfer file 58: pages/page-002-agent/layers/layers-059.json, kind=content, size=177986, chunks=11
chunk-libs.8b5d8668.js:127 [MasterGo2Figma] Transfer file 59: pages/page-002-agent/layers/layers-060.json, kind=content, size=176445, chunks=11
chunk-libs.8b5d8668.js:127 [MasterGo2Figma] Page agent 2-4: collected 6000 layers; openChunkRecords=0; latest=2325 bytes
chunk-libs.8b5d8668.js:127 [MasterGo2Figma] Transfer file 60: pages/page-002-agent/layers/layers-061.json, kind=content, size=175452, chunks=11
chunk-libs.8b5d8668.js:127 [MasterGo2Figma] Transfer file 61: pages/page-002-agent/layers/layers-062.json, kind=content, size=174161, chunks=11
chunk-libs.8b5d8668.js:127 [MasterGo2Figma] Transfer file 62: pages/page-002-agent/layers/layers-063.json, kind=content, size=187888, chunks=12
chunk-libs.8b5d8668.js:127 [MasterGo2Figma] Transfer file 63: pages/page-002-agent/layers/layers-064.json, kind=content, size=175009, chunks=11
chunk-libs.8b5d8668.js:127 [MasterGo2Figma] Transfer file 64: pages/page-002-agent/layers/layers-065.json, kind=content, size=181157, chunks=12
chunk-libs.8b5d8668.js:127 [MasterGo2Figma] Page agent 2-4: collected 6500 layers; openChunkRecords=0; latest=2703 bytes
chunk-libs.8b5d8668.js:127 [MasterGo2Figma] Transfer file 65: pages/page-002-agent/layers/layers-066.json, kind=content, size=175465, chunks=11
chunk-libs.8b5d8668.js:127 [MasterGo2Figma] Transfer file 66: pages/page-002-agent/layers/layers-067.json, kind=content, size=170457, chunks=11
chunk-libs.8b5d8668.js:127 [MasterGo2Figma] Transfer file 67: pages/page-002-agent/layers/layers-068.json, kind=content, size=191706, chunks=12
chunk-libs.8b5d8668.js:127 [MasterGo2Figma] Transfer file 68: pages/page-002-agent/layers/layers-069.json, kind=content, size=175807, chunks=11
chunk-libs.8b5d8668.js:127 [MasterGo2Figma] Transfer file 69: pages/page-002-agent/layers/layers-070.json, kind=content, size=177110, chunks=11
chunk-libs.8b5d8668.js:127 [MasterGo2Figma] Page agent 2-4: collected 7000 layers; openChunkRecords=0; latest=1325 bytes
chunk-libs.8b5d8668.js:127 [MasterGo2Figma] Transfer file 70: pages/page-002-agent/layers/layers-071.json, kind=content, size=171015, chunks=11
chunk-libs.8b5d8668.js:127 [MasterGo2Figma] Transfer file 71: pages/page-002-agent/layers/layers-072.json, kind=content, size=189973, chunks=12
chunk-libs.8b5d8668.js:127 [MasterGo2Figma] Transfer file 72: pages/page-002-agent/layers/layers-073.json, kind=content, size=179388, chunks=11
chunk-libs.8b5d8668.js:127 [MasterGo2Figma] Transfer file 73: pages/page-002-agent/layers/layers-074.json, kind=content, size=176570, chunks=11
chunk-libs.8b5d8668.js:127 [MasterGo2Figma] Transfer file 74: pages/page-002-agent/layers/layers-075.json, kind=content, size=174220, chunks=11
chunk-libs.8b5d8668.js:127 [MasterGo2Figma] Page agent 2-4: collected 7500 layers; openChunkRecords=0; latest=1382 bytes
chunk-libs.8b5d8668.js:127 [MasterGo2Figma] Transfer file 75: pages/page-002-agent/layers/layers-076.json, kind=content, size=175683, chunks=11
chunk-libs.8b5d8668.js:127 [MasterGo2Figma] Transfer file 76: pages/page-002-agent/layers/layers-077.json, kind=content, size=204761, chunks=13
chunk-libs.8b5d8668.js:127 [MasterGo2Figma] Page export complete 2/10: agent 2-4, layers=7755, files=78
chunk-libs.8b5d8668.js:127 [MasterGo2Figma] Split package layers streamed; image assets queued: 7
chunk-libs.8b5d8668.js:127 [MasterGo2Figma] Transfer file 81: assets/image-003.png, kind=bytes, size=125323, chunks=2
chunk-libs.8b5d8668.js:127 [MasterGo2Figma] Transfer file 85: assets/image-007.png, kind=bytes, size=372904, chunks=6
VM294:538 [MasterGo2Figma UI] Finalizing zip: files=87, localParts=1074, centralSize=7539, offset=14591302
chunk-libs.8b5d8668.js:127 [MasterGo2Figma] Split package complete 2/10 segment 2/4: mastergo2figma-partial-pages-part-002-of-010-segment-002-of-004-agent-2026-05-19T02-27-54-941Z.zip, files=87, bytes=14504487
chunk-libs.8b5d8668.js:127 [MasterGo2Figma] Split package start 2/10 segment 3/4: agent, nodes=7895
chunk-libs.8b5d8668.js:127 [MasterGo2Figma] Page export start 2/10: agent 3-4, roots=2
chunk-libs.8b5d8668.js:127 [MasterGo2Figma] Transfer file 0: pages/page-002-agent/layers/layers-001.json, kind=content, size=182668, chunks=12
chunk-libs.8b5d8668.js:127 [MasterGo2Figma] Transfer file 1: pages/page-002-agent/layers/layers-002.json, kind=content, size=171968, chunks=11
chunk-libs.8b5d8668.js:127 [MasterGo2Figma] Transfer file 2: pages/page-002-agent/layers/layers-003.json, kind=content, size=188086, chunks=12
chunk-libs.8b5d8668.js:127 [MasterGo2Figma] Transfer file 3: pages/page-002-agent/layers/layers-004.json, kind=content, size=177202, chunks=11
chunk-libs.8b5d8668.js:127 [MasterGo2Figma] Transfer file 4: pages/page-002-agent/layers/layers-005.json, kind=content, size=186510, chunks=12
chunk-libs.8b5d8668.js:127 [MasterGo2Figma] Page agent 3-4: collected 500 layers; openChunkRecords=0; latest=1916 bytes
chunk-libs.8b5d8668.js:127 [MasterGo2Figma] Transfer file 5: pages/page-002-agent/layers/layers-006.json, kind=content, size=175098, chunks=11
chunk-libs.8b5d8668.js:127 [MasterGo2Figma] Transfer file 6: pages/page-002-agent/layers/layers-007.json, kind=content, size=180149, chunks=11
chunk-libs.8b5d8668.js:127 [MasterGo2Figma] Transfer file 7: pages/page-002-agent/layers/layers-008.json, kind=content, size=178380, chunks=11
chunk-libs.8b5d8668.js:127 [MasterGo2Figma] Transfer file 8: pages/page-002-agent/layers/layers-009.json, kind=content, size=184018, chunks=12
chunk-libs.8b5d8668.js:127 [MasterGo2Figma] Transfer file 9: pages/page-002-agent/layers/layers-010.json, kind=content, size=177427, chunks=11
chunk-libs.8b5d8668.js:127 [MasterGo2Figma] Page agent 3-4: collected 1000 layers; openChunkRecords=0; latest=1467 bytes
chunk-libs.8b5d8668.js:127 [MasterGo2Figma] Transfer file 10: pages/page-002-agent/layers/layers-011.json, kind=content, size=184965, chunks=12
chunk-libs.8b5d8668.js:127 [MasterGo2Figma] Transfer file 11: pages/page-002-agent/layers/layers-012.json, kind=content, size=179917, chunks=11
chunk-libs.8b5d8668.js:127 [MasterGo2Figma] Transfer file 12: pages/page-002-agent/layers/layers-013.json, kind=content, size=182133, chunks=12
chunk-libs.8b5d8668.js:127 [MasterGo2Figma] Transfer file 13: pages/page-002-agent/layers/layers-014.json, kind=content, size=179300, chunks=11
chunk-libs.8b5d8668.js:127 [MasterGo2Figma] Transfer file 14: pages/page-002-agent/layers/layers-015.json, kind=content, size=183149, chunks=12
chunk-libs.8b5d8668.js:127 [MasterGo2Figma] Page agent 3-4: collected 1500 layers; openChunkRecords=0; latest=1885 bytes
chunk-libs.8b5d8668.js:127 [MasterGo2Figma] Transfer file 15: pages/page-002-agent/layers/layers-016.json, kind=content, size=180039, chunks=11
chunk-libs.8b5d8668.js:127 [MasterGo2Figma] Transfer file 16: pages/page-002-agent/layers/layers-017.json, kind=content, size=179693, chunks=11
chunk-libs.8b5d8668.js:127 [MasterGo2Figma] Transfer file 17: pages/page-002-agent/layers/layers-018.json, kind=content, size=182895, chunks=12
chunk-libs.8b5d8668.js:127 [MasterGo2Figma] Transfer file 18: pages/page-002-agent/layers/layers-019.json, kind=content, size=183037, chunks=12
chunk-libs.8b5d8668.js:127 [MasterGo2Figma] Transfer file 19: pages/page-002-agent/layers/layers-020.json, kind=content, size=183246, chunks=12
chunk-libs.8b5d8668.js:127 [MasterGo2Figma] Page agent 3-4: collected 2000 layers; openChunkRecords=0; latest=2245 bytes
chunk-libs.8b5d8668.js:127 [MasterGo2Figma] Transfer file 20: pages/page-002-agent/layers/layers-021.json, kind=content, size=173517, chunks=11
chunk-libs.8b5d8668.js:127 [MasterGo2Figma] Transfer file 21: pages/page-002-agent/layers/layers-022.json, kind=content, size=176917, chunks=11
chunk-libs.8b5d8668.js:127 [MasterGo2Figma] Transfer file 22: pages/page-002-agent/layers/layers-023.json, kind=content, size=183526, chunks=12
chunk-libs.8b5d8668.js:127 [MasterGo2Figma] Transfer file 23: pages/page-002-agent/layers/layers-024.json, kind=content, size=179774, chunks=11
chunk-libs.8b5d8668.js:127 [MasterGo2Figma] Transfer file 24: pages/page-002-agent/layers/layers-025.json, kind=content, size=183237, chunks=12
chunk-libs.8b5d8668.js:127 [MasterGo2Figma] Page agent 3-4: collected 2500 layers; openChunkRecords=0; latest=1610 bytes
chunk-libs.8b5d8668.js:127 [MasterGo2Figma] Transfer file 25: pages/page-002-agent/layers/layers-026.json, kind=content, size=179184, chunks=11
chunk-libs.8b5d8668.js:127 [MasterGo2Figma] Transfer file 26: pages/page-002-agent/layers/layers-027.json, kind=content, size=187830, chunks=12
chunk-libs.8b5d8668.js:127 [MasterGo2Figma] Transfer file 27: pages/page-002-agent/layers/layers-028.json, kind=content, size=180214, chunks=11
chunk-libs.8b5d8668.js:127 [MasterGo2Figma] Transfer file 28: pages/page-002-agent/layers/layers-029.json, kind=content, size=184745, chunks=12
chunk-libs.8b5d8668.js:127 [MasterGo2Figma] Transfer file 29: pages/page-002-agent/layers/layers-030.json, kind=content, size=185221, chunks=12
chunk-libs.8b5d8668.js:127 [MasterGo2Figma] Page agent 3-4: collected 3000 layers; openChunkRecords=0; latest=3326 bytes
chunk-libs.8b5d8668.js:127 [MasterGo2Figma] Transfer file 30: pages/page-002-agent/layers/layers-031.json, kind=content, size=192873, chunks=12
chunk-libs.8b5d8668.js:127 [MasterGo2Figma] Transfer file 31: pages/page-002-agent/layers/layers-032.json, kind=content, size=188333, chunks=12
chunk-libs.8b5d8668.js:127 [MasterGo2Figma] Transfer file 32: pages/page-002-agent/layers/layers-033.json, kind=content, size=184802, chunks=12
chunk-libs.8b5d8668.js:127 [MasterGo2Figma] Transfer file 33: pages/page-002-agent/layers/layers-034.json, kind=content, size=179171, chunks=11
chunk-libs.8b5d8668.js:127 [MasterGo2Figma] Transfer file 34: pages/page-002-agent/layers/layers-035.json, kind=content, size=181992, chunks=12
chunk-libs.8b5d8668.js:127 [MasterGo2Figma] Page agent 3-4: collected 3500 layers; openChunkRecords=0; latest=1381 bytes
chunk-libs.8b5d8668.js:127 [MasterGo2Figma] Transfer file 35: pages/page-002-agent/layers/layers-036.json, kind=content, size=197324, chunks=13
chunk-libs.8b5d8668.js:127 [MasterGo2Figma] Transfer file 36: pages/page-002-agent/layers/layers-037.json, kind=content, size=178168, chunks=11
chunk-libs.8b5d8668.js:127 [MasterGo2Figma] Transfer file 37: pages/page-002-agent/layers/layers-038.json, kind=content, size=185464, chunks=12
chunk-libs.8b5d8668.js:127 [MasterGo2Figma] Transfer file 38: pages/page-002-agent/layers/layers-039.json, kind=content, size=182867, chunks=12
chunk-libs.8b5d8668.js:127 [MasterGo2Figma] Transfer file 39: pages/page-002-agent/layers/layers-040.json, kind=content, size=184368, chunks=12
chunk-libs.8b5d8668.js:127 [MasterGo2Figma] Page agent 3-4: collected 4000 layers; openChunkRecords=0; latest=1298 bytes
chunk-libs.8b5d8668.js:127 [MasterGo2Figma] Transfer file 40: pages/page-002-agent/layers/layers-041.json, kind=content, size=191432, chunks=12
chunk-libs.8b5d8668.js:127 [MasterGo2Figma] Transfer file 41: pages/page-002-agent/layers/layers-042.json, kind=content, size=187184, chunks=12
chunk-libs.8b5d8668.js:127 [MasterGo2Figma] Transfer file 42: pages/page-002-agent/layers/layers-043.json, kind=content, size=179133, chunks=11
chunk-libs.8b5d8668.js:127 [MasterGo2Figma] Transfer file 43: pages/page-002-agent/layers/layers-044.json, kind=content, size=190018, chunks=12
chunk-libs.8b5d8668.js:127 [MasterGo2Figma] Transfer file 44: pages/page-002-agent/layers/layers-045.json, kind=content, size=177544, chunks=11
chunk-libs.8b5d8668.js:127 [MasterGo2Figma] Page agent 3-4: collected 4500 layers; openChunkRecords=0; latest=1448 bytes
chunk-libs.8b5d8668.js:127 [MasterGo2Figma] Transfer file 45: pages/page-002-agent/layers/layers-046.json, kind=content, size=189021, chunks=12
chunk-libs.8b5d8668.js:127 [MasterGo2Figma] Transfer file 46: pages/page-002-agent/layers/layers-047.json, kind=content, size=196243, chunks=12
chunk-libs.8b5d8668.js:127 [MasterGo2Figma] Transfer file 47: pages/page-002-agent/layers/layers-048.json, kind=content, size=184471, chunks=12
chunk-libs.8b5d8668.js:127 [MasterGo2Figma] Transfer file 48: pages/page-002-agent/layers/layers-049.json, kind=content, size=190609, chunks=12
chunk-libs.8b5d8668.js:127 [MasterGo2Figma] Transfer file 49: pages/page-002-agent/layers/layers-050.json, kind=content, size=176798, chunks=11
chunk-libs.8b5d8668.js:127 [MasterGo2Figma] Page agent 3-4: collected 5000 layers; openChunkRecords=0; latest=1326 bytes
chunk-libs.8b5d8668.js:127 [MasterGo2Figma] Transfer file 50: pages/page-002-agent/layers/layers-051.json, kind=content, size=186470, chunks=12
chunk-libs.8b5d8668.js:127 [MasterGo2Figma] Transfer file 51: pages/page-002-agent/layers/layers-052.json, kind=content, size=186648, chunks=12
chunk-libs.8b5d8668.js:127 [MasterGo2Figma] Transfer file 52: pages/page-002-agent/layers/layers-053.json, kind=content, size=179103, chunks=11
chunk-libs.8b5d8668.js:127 [MasterGo2Figma] Transfer file 53: pages/page-002-agent/layers/layers-054.json, kind=content, size=191384, chunks=12
chunk-libs.8b5d8668.js:127 [MasterGo2Figma] Transfer file 54: pages/page-002-agent/layers/layers-055.json, kind=content, size=182664, chunks=12
chunk-libs.8b5d8668.js:127 [MasterGo2Figma] Page agent 3-4: collected 5500 layers; openChunkRecords=0; latest=1229 bytes
chunk-libs.8b5d8668.js:127 [MasterGo2Figma] Transfer file 55: pages/page-002-agent/layers/layers-056.json, kind=content, size=183021, chunks=12
chunk-libs.8b5d8668.js:127 [MasterGo2Figma] Transfer file 56: pages/page-002-agent/layers/layers-057.json, kind=content, size=177581, chunks=11
chunk-libs.8b5d8668.js:127 [MasterGo2Figma] Transfer file 57: pages/page-002-agent/layers/layers-058.json, kind=content, size=201841, chunks=13
chunk-libs.8b5d8668.js:127 [MasterGo2Figma] Transfer file 58: pages/page-002-agent/layers/layers-059.json, kind=content, size=183537, chunks=12
chunk-libs.8b5d8668.js:127 [MasterGo2Figma] Transfer file 59: pages/page-002-agent/layers/layers-060.json, kind=content, size=181315, chunks=12
chunk-libs.8b5d8668.js:127 [MasterGo2Figma] Page agent 3-4: collected 6000 layers; openChunkRecords=0; latest=1325 bytes
chunk-libs.8b5d8668.js:127 [MasterGo2Figma] Transfer file 60: pages/page-002-agent/layers/layers-061.json, kind=content, size=184879, chunks=12
chunk-libs.8b5d8668.js:127 [MasterGo2Figma] Transfer file 61: pages/page-002-agent/layers/layers-062.json, kind=content, size=185200, chunks=12
chunk-libs.8b5d8668.js:127 [MasterGo2Figma] Transfer file 62: pages/page-002-agent/layers/layers-063.json, kind=content, size=174975, chunks=11
chunk-libs.8b5d8668.js:127 [MasterGo2Figma] Transfer file 63: pages/page-002-agent/layers/layers-064.json, kind=content, size=190985, chunks=12
chunk-libs.8b5d8668.js:127 [MasterGo2Figma] Transfer file 64: pages/page-002-agent/layers/layers-065.json, kind=content, size=187995, chunks=12
chunk-libs.8b5d8668.js:127 [MasterGo2Figma] Page agent 3-4: collected 6500 layers; openChunkRecords=0; latest=2465 bytes
chunk-libs.8b5d8668.js:127 [MasterGo2Figma] Transfer file 65: pages/page-002-agent/layers/layers-066.json, kind=content, size=176690, chunks=11
chunk-libs.8b5d8668.js:127 [MasterGo2Figma] Transfer file 66: pages/page-002-agent/layers/layers-067.json, kind=content, size=183791, chunks=12
chunk-libs.8b5d8668.js:127 [MasterGo2Figma] Transfer file 67: pages/page-002-agent/layers/layers-068.json, kind=content, size=185616, chunks=12
chunk-libs.8b5d8668.js:127 [MasterGo2Figma] Transfer file 68: pages/page-002-agent/layers/layers-069.json, kind=content, size=193552, chunks=12
chunk-libs.8b5d8668.js:127 [MasterGo2Figma] Transfer file 69: pages/page-002-agent/layers/layers-070.json, kind=content, size=179556, chunks=11
chunk-libs.8b5d8668.js:127 [MasterGo2Figma] Page agent 3-4: collected 7000 layers; openChunkRecords=0; latest=1357 bytes
chunk-libs.8b5d8668.js:127 [MasterGo2Figma] Transfer file 70: pages/page-002-agent/layers/layers-071.json, kind=content, size=181316, chunks=12
chunk-libs.8b5d8668.js:127 [MasterGo2Figma] Transfer file 71: pages/page-002-agent/layers/layers-072.json, kind=content, size=186228, chunks=12
chunk-libs.8b5d8668.js:127 [MasterGo2Figma] Transfer file 72: pages/page-002-agent/layers/layers-073.json, kind=content, size=185645, chunks=12
chunk-libs.8b5d8668.js:127 [MasterGo2Figma] Transfer file 73: pages/page-002-agent/layers/layers-074.json, kind=content, size=189907, chunks=12
chunk-libs.8b5d8668.js:127 [MasterGo2Figma] Transfer file 74: pages/page-002-agent/layers/layers-075.json, kind=content, size=189011, chunks=12
chunk-libs.8b5d8668.js:127 [MasterGo2Figma] Page agent 3-4: collected 7500 layers; openChunkRecords=0; latest=1318 bytes
chunk-libs.8b5d8668.js:127 [MasterGo2Figma] Transfer file 75: pages/page-002-agent/layers/layers-076.json, kind=content, size=191324, chunks=12
chunk-libs.8b5d8668.js:127 [MasterGo2Figma] Transfer file 76: pages/page-002-agent/layers/layers-077.json, kind=content, size=190371, chunks=12
chunk-libs.8b5d8668.js:127 [MasterGo2Figma] Transfer file 77: pages/page-002-agent/layers/layers-078.json, kind=content, size=188571, chunks=12
chunk-libs.8b5d8668.js:127 [MasterGo2Figma] Transfer file 78: pages/page-002-agent/layers/layers-079.json, kind=content, size=247360, chunks=16
chunk-libs.8b5d8668.js:127 [MasterGo2Figma] Page export complete 2/10: agent 3-4, layers=7895, files=79
chunk-libs.8b5d8668.js:127 [MasterGo2Figma] Split package layers streamed; image assets queued: 14
chunk-libs.8b5d8668.js:127 [MasterGo2Figma] Transfer file 83: assets/image-004.png, kind=bytes, size=162632, chunks=3
chunk-libs.8b5d8668.js:127 [MasterGo2Figma] Transfer file 84: assets/image-005.png, kind=bytes, size=469131, chunks=8
chunk-libs.8b5d8668.js:127 [MasterGo2Figma] Transfer file 85: assets/image-006.png, kind=bytes, size=140337, chunks=3
chunk-libs.8b5d8668.js:127 [MasterGo2Figma] Transfer file 86: assets/image-007.png, kind=bytes, size=101208, chunks=2
chunk-libs.8b5d8668.js:127 [MasterGo2Figma] Transfer file 87: assets/image-008.png, kind=bytes, size=116693, chunks=2
chunk-libs.8b5d8668.js:127 [MasterGo2Figma] Transfer file 89: assets/image-010.png, kind=bytes, size=114386, chunks=2
chunk-libs.8b5d8668.js:127 [MasterGo2Figma] Transfer file 91: assets/image-012.png, kind=bytes, size=125323, chunks=2
chunk-libs.8b5d8668.js:127 [MasterGo2Figma] Transfer file 92: assets/image-013.png, kind=bytes, size=106974, chunks=2
chunk-libs.8b5d8668.js:127 [MasterGo2Figma] Transfer file 93: assets/image-014.png, kind=bytes, size=372904, chunks=6
VM294:538 [MasterGo2Figma UI] Finalizing zip: files=95, localParts=1158, centralSize=8090, offset=16601260
chunk-libs.8b5d8668.js:127 [MasterGo2Figma] Split package complete 2/10 segment 3/4: mastergo2figma-partial-pages-part-002-of-010-segment-003-of-004-agent-2026-05-19T02-28-08-258Z.zip, files=95, bytes=16510882
chunk-libs.8b5d8668.js:127 [MasterGo2Figma] Split package start 2/10 segment 4/4: agent, nodes=3665
chunk-libs.8b5d8668.js:127 [MasterGo2Figma] Page export start 2/10: agent 4-4, roots=1
chunk-libs.8b5d8668.js:127 [MasterGo2Figma] Transfer file 0: pages/page-002-agent/layers/layers-001.json, kind=content, size=176197, chunks=11
chunk-libs.8b5d8668.js:127 [MasterGo2Figma] Transfer file 1: pages/page-002-agent/layers/layers-002.json, kind=content, size=174819, chunks=11
chunk-libs.8b5d8668.js:127 [MasterGo2Figma] Transfer file 2: pages/page-002-agent/layers/layers-003.json, kind=content, size=165024, chunks=11
chunk-libs.8b5d8668.js:127 [MasterGo2Figma] Transfer file 3: pages/page-002-agent/layers/layers-004.json, kind=content, size=165170, chunks=11
chunk-libs.8b5d8668.js:127 [MasterGo2Figma] Transfer file 4: pages/page-002-agent/layers/layers-005.json, kind=content, size=175775, chunks=11
chunk-libs.8b5d8668.js:127 [MasterGo2Figma] Page agent 4-4: collected 500 layers; openChunkRecords=0; latest=1326 bytes
chunk-libs.8b5d8668.js:127 [MasterGo2Figma] Transfer file 5: pages/page-002-agent/layers/layers-006.json, kind=content, size=204669, chunks=13
chunk-libs.8b5d8668.js:127 [MasterGo2Figma] Transfer file 6: pages/page-002-agent/layers/layers-007.json, kind=content, size=174864, chunks=11
chunk-libs.8b5d8668.js:127 [MasterGo2Figma] Transfer file 7: pages/page-002-agent/layers/layers-008.json, kind=content, size=176143, chunks=11
chunk-libs.8b5d8668.js:127 [MasterGo2Figma] Transfer file 8: pages/page-002-agent/layers/layers-009.json, kind=content, size=164259, chunks=11
chunk-libs.8b5d8668.js:127 [MasterGo2Figma] Transfer file 9: pages/page-002-agent/layers/layers-010.json, kind=content, size=165239, chunks=11
chunk-libs.8b5d8668.js:127 [MasterGo2Figma] Page agent 4-4: collected 1000 layers; openChunkRecords=0; latest=2339 bytes
chunk-libs.8b5d8668.js:127 [MasterGo2Figma] Transfer file 10: pages/page-002-agent/layers/layers-011.json, kind=content, size=177046, chunks=11
chunk-libs.8b5d8668.js:127 [MasterGo2Figma] Transfer file 11: pages/page-002-agent/layers/layers-012.json, kind=content, size=177985, chunks=11
chunk-libs.8b5d8668.js:127 [MasterGo2Figma] Transfer file 12: pages/page-002-agent/layers/layers-013.json, kind=content, size=181664, chunks=12
chunk-libs.8b5d8668.js:127 [MasterGo2Figma] Transfer file 13: pages/page-002-agent/layers/layers-014.json, kind=content, size=164862, chunks=11
chunk-libs.8b5d8668.js:127 [MasterGo2Figma] Transfer file 14: pages/page-002-agent/layers/layers-015.json, kind=content, size=164227, chunks=11
chunk-libs.8b5d8668.js:127 [MasterGo2Figma] Page agent 4-4: collected 1500 layers; openChunkRecords=0; latest=1323 bytes
chunk-libs.8b5d8668.js:127 [MasterGo2Figma] Transfer file 15: pages/page-002-agent/layers/layers-016.json, kind=content, size=164145, chunks=11
chunk-libs.8b5d8668.js:127 [MasterGo2Figma] Transfer file 16: pages/page-002-agent/layers/layers-017.json, kind=content, size=197455, chunks=13
chunk-libs.8b5d8668.js:127 [MasterGo2Figma] Transfer file 17: pages/page-002-agent/layers/layers-018.json, kind=content, size=175413, chunks=11
chunk-libs.8b5d8668.js:127 [MasterGo2Figma] Transfer file 18: pages/page-002-agent/layers/layers-019.json, kind=content, size=179697, chunks=11
chunk-libs.8b5d8668.js:127 [MasterGo2Figma] Transfer file 19: pages/page-002-agent/layers/layers-020.json, kind=content, size=164556, chunks=11
chunk-libs.8b5d8668.js:127 [MasterGo2Figma] Page agent 4-4: collected 2000 layers; openChunkRecords=0; latest=1323 bytes
chunk-libs.8b5d8668.js:127 [MasterGo2Figma] Transfer file 20: pages/page-002-agent/layers/layers-021.json, kind=content, size=165248, chunks=11
chunk-libs.8b5d8668.js:127 [MasterGo2Figma] Transfer file 21: pages/page-002-agent/layers/layers-022.json, kind=content, size=167278, chunks=11
chunk-libs.8b5d8668.js:127 [MasterGo2Figma] Transfer file 22: pages/page-002-agent/layers/layers-023.json, kind=content, size=196696, chunks=13
chunk-libs.8b5d8668.js:127 [MasterGo2Figma] Transfer file 23: pages/page-002-agent/layers/layers-024.json, kind=content, size=176465, chunks=11
chunk-libs.8b5d8668.js:127 [MasterGo2Figma] Transfer file 24: pages/page-002-agent/layers/layers-025.json, kind=content, size=178388, chunks=11
chunk-libs.8b5d8668.js:127 [MasterGo2Figma] Page agent 4-4: collected 2500 layers; openChunkRecords=0; latest=1358 bytes
chunk-libs.8b5d8668.js:127 [MasterGo2Figma] Transfer file 25: pages/page-002-agent/layers/layers-026.json, kind=content, size=183125, chunks=12
chunk-libs.8b5d8668.js:127 [MasterGo2Figma] Transfer file 26: pages/page-002-agent/layers/layers-027.json, kind=content, size=163240, chunks=10
chunk-libs.8b5d8668.js:127 [MasterGo2Figma] Transfer file 27: pages/page-002-agent/layers/layers-028.json, kind=content, size=165259, chunks=11
chunk-libs.8b5d8668.js:127 [MasterGo2Figma] Transfer file 28: pages/page-002-agent/layers/layers-029.json, kind=content, size=166657, chunks=11
chunk-libs.8b5d8668.js:127 [MasterGo2Figma] Transfer file 29: pages/page-002-agent/layers/layers-030.json, kind=content, size=197339, chunks=13
chunk-libs.8b5d8668.js:127 [MasterGo2Figma] Page agent 4-4: collected 3000 layers; openChunkRecords=0; latest=4272 bytes
chunk-libs.8b5d8668.js:127 [MasterGo2Figma] Transfer file 30: pages/page-002-agent/layers/layers-031.json, kind=content, size=170238, chunks=11
chunk-libs.8b5d8668.js:127 [MasterGo2Figma] Transfer file 31: pages/page-002-agent/layers/layers-032.json, kind=content, size=181586, chunks=12
chunk-libs.8b5d8668.js:127 [MasterGo2Figma] Transfer file 32: pages/page-002-agent/layers/layers-033.json, kind=content, size=164618, chunks=11
chunk-libs.8b5d8668.js:127 [MasterGo2Figma] Transfer file 33: pages/page-002-agent/layers/layers-034.json, kind=content, size=164233, chunks=11
chunk-libs.8b5d8668.js:127 [MasterGo2Figma] Transfer file 34: pages/page-002-agent/layers/layers-035.json, kind=content, size=168357, chunks=11
chunk-libs.8b5d8668.js:127 [MasterGo2Figma] Page agent 4-4: collected 3500 layers; openChunkRecords=0; latest=1501 bytes
chunk-libs.8b5d8668.js:127 [MasterGo2Figma] Transfer file 35: pages/page-002-agent/layers/layers-036.json, kind=content, size=200240, chunks=13
chunk-libs.8b5d8668.js:127 [MasterGo2Figma] Transfer file 36: pages/page-002-agent/layers/layers-037.json, kind=content, size=119026, chunks=8
chunk-libs.8b5d8668.js:127 [MasterGo2Figma] Page export complete 2/10: agent 4-4, layers=3665, files=37
chunk-libs.8b5d8668.js:127 [MasterGo2Figma] Split package layers streamed; image assets queued: 1
chunk-libs.8b5d8668.js:127 [MasterGo2Figma] Transfer file 38: assets/image-001.png, kind=bytes, size=372904, chunks=6
VM294:538 [MasterGo2Figma UI] Finalizing zip: files=40, localParts=504, centralSize=3494, offset=6846716
chunk-libs.8b5d8668.js:127 [MasterGo2Figma] Split package complete 2/10 segment 4/4: mastergo2figma-partial-pages-part-002-of-010-segment-004-of-004-agent-2026-05-19T02-28-21-680Z.zip, files=40, bytes=6792462
chunk-libs.8b5d8668.js:127 [MasterGo2Figma] Split package start 3/10: 界面方案研究, nodes=3759
chunk-libs.8b5d8668.js:127 [MasterGo2Figma] Page export start 3/10: 界面方案研究, roots=18
chunk-libs.8b5d8668.js:127 [MasterGo2Figma] Transfer file 0: pages/page-003-界面方案研究/layers/layers-001.json, kind=content, size=171734, chunks=11
chunk-libs.8b5d8668.js:127 [MasterGo2Figma] Transfer file 1: pages/page-003-界面方案研究/layers/layers-002.json, kind=content, size=173606, chunks=11
chunk-libs.8b5d8668.js:127 [MasterGo2Figma] Transfer file 2: pages/page-003-界面方案研究/layers/layers-003.json, kind=content, size=165334, chunks=11
chunk-libs.8b5d8668.js:127 [MasterGo2Figma] Transfer file 3: pages/page-003-界面方案研究/layers/layers-004.json, kind=content, size=173941, chunks=11
chunk-libs.8b5d8668.js:127 [MasterGo2Figma] Transfer file 4: pages/page-003-界面方案研究/layers/layers-005.json, kind=content, size=212463, chunks=13
chunk-libs.8b5d8668.js:127 [MasterGo2Figma] Page 界面方案研究: collected 500 layers; openChunkRecords=0; latest=1605 bytes
chunk-libs.8b5d8668.js:127 [MasterGo2Figma] Transfer file 5: pages/page-003-界面方案研究/layers/layers-006.json, kind=content, size=187585, chunks=12
chunk-libs.8b5d8668.js:127 [MasterGo2Figma] Transfer file 6: pages/page-003-界面方案研究/layers/layers-007.json, kind=content, size=217569, chunks=14
chunk-libs.8b5d8668.js:127 [MasterGo2Figma] Transfer file 7: pages/page-003-界面方案研究/layers/layers-008.json, kind=content, size=191664, chunks=12
chunk-libs.8b5d8668.js:127 [MasterGo2Figma] Node export failed {"phase":"append-record","error":{"kind":"Error","name":"InternalError","message":"out of memory","stack":"    at <anonymous> (eval.js:1352)\n    at next (native)\n    at <anonymous> (eval.js:9)\n    at Promise (native)\n    at <anonymous> (eval.js:10)\n    at flushLayerChunk (eval.js:1359)\n    at <anonymous> (eval.js:1335)\n    at next (native)\n    at <anonymous> (eval.js:9)\n    at Promise (native)\n    at <anonymous> (eval.js:10)\n    at appendLayerRecord (eval.js:1340)\n    at <anonymous> (eval.js:1100)\n    at next (native)\n    at fulfilled (eval.js)\n"},"node":{"id":"80:11376/72:13380","name":"矩形","type":"RECTANGLE","width":13.125,"height":0.875},"page":"界面方案研究","parentId":"80:11376/72:13375","index":0,"processedNodes":35035,"totalNodes":101323,"pageLayerCount":900,"transfer":{"transferId":"export-1779157709685-4691390705024092","filename":"mastergo2figma-partial-pages-part-003-of-010-界面方案研究-2026-05-19T02-28-29-685Z.zip","fileIndex":8,"postedChunks":95,"streamedBytes":1493896}}
(anonymous) @ chunk-libs.8b5d8668.js:127
(anonymous) @ app.2d024da3.js:1
(anonymous) @ vendors~mg-plugin.3cc39455.js:1
A.withScope @ vendors~mg-plugin.3cc39455.js:1
A.cToHostCallbackFunction @ vendors~mg-plugin.3cc39455.js:1
A.cToHostCallbackFunction @ vendors~mg-plugin.3cc39455.js:1
$func806 @ 00284a2a:0x856b8
$func573 @ 00284a2a:0x6b75e
$func24 @ 00284a2a:0x3404
$func24 @ 00284a2a:0x5327
$func24 @ 00284a2a:0x51b1
$func556 @ 00284a2a:0x6a4c2
$func562 @ 00284a2a:0x6ac14
$func24 @ 00284a2a:0x3404
$func24 @ 00284a2a:0x5327
$func712 @ 00284a2a:0x7c38d
$X @ 00284a2a:0x7def0
E._QTS_ExecutePendingJob @ vendors~mg-plugin.3cc39455.js:1
A.executePendingJobs @ vendors~mg-plugin.3cc39455.js:1
(anonymous) @ app.2d024da3.js:1
Promise.then (async)
executePendingJobs @ app.2d024da3.js:1
(anonymous) @ app.2d024da3.js:1
i @ chunk-libs.8b5d8668.js:5
setTimeout (async)
(anonymous) @ chunk-libs.8b5d8668.js:5
(anonymous) @ app.2d024da3.js:1
(anonymous) @ vendors~mg-plugin.3cc39455.js:1
A.withScope @ vendors~mg-plugin.3cc39455.js:1
A.cToHostCallbackFunction @ vendors~mg-plugin.3cc39455.js:1
A.cToHostCallbackFunction @ vendors~mg-plugin.3cc39455.js:1
$func806 @ 00284a2a:0x856b8
$func573 @ 00284a2a:0x6b75e
$func24 @ 00284a2a:0x3404
$func24 @ 00284a2a:0x51b1
$func457 @ 00284a2a:0x609f5
$func562 @ 00284a2a:0x6ac4e
$func83 @ 00284a2a:0x16013
$func24 @ 00284a2a:0x5271
$func24 @ 00284a2a:0x51b1
$func556 @ 00284a2a:0x6a4c2
$func562 @ 00284a2a:0x6ac14
$func24 @ 00284a2a:0x3404
$func24 @ 00284a2a:0x5327
$func712 @ 00284a2a:0x7c38d
$X @ 00284a2a:0x7def0
E._QTS_ExecutePendingJob @ vendors~mg-plugin.3cc39455.js:1
A.executePendingJobs @ vendors~mg-plugin.3cc39455.js:1
(anonymous) @ app.2d024da3.js:1
Promise.then (async)
executePendingJobs @ app.2d024da3.js:1
i @ app.2d024da3.js:1
c @ app.2d024da3.js:1
Ms.handlePluginMessage @ app.2d024da3.js:1
i @ chunk-libs.8b5d8668.js:5
postMessage (async)
(anonymous) @ VM289 plugin-sandbox.html:7
postMessage (async)
send @ VM294:22
acknowledgeExportFile @ VM294:298
window.onmessage @ VM294:440
postMessage (async)
postMessage @ app.2d024da3.js:1
(anonymous) @ app.2d024da3.js:1
(anonymous) @ app.2d024da3.js:14
(anonymous) @ vendors~mg-plugin.3cc39455.js:1
A.withScope @ vendors~mg-plugin.3cc39455.js:1
A.cToHostCallbackFunction @ vendors~mg-plugin.3cc39455.js:1
A.cToHostCallbackFunction @ vendors~mg-plugin.3cc39455.js:1
$func806 @ 00284a2a:0x856b8
$func573 @ 00284a2a:0x6b75e
$func24 @ 00284a2a:0x3404
$func24 @ 00284a2a:0x5327
$func24 @ 00284a2a:0x51b1
$func556 @ 00284a2a:0x6a4c2
$func562 @ 00284a2a:0x6ac14
$func24 @ 00284a2a:0x3404
$func24 @ 00284a2a:0x5327
$func712 @ 00284a2a:0x7c38d
$X @ 00284a2a:0x7def0
E._QTS_ExecutePendingJob @ vendors~mg-plugin.3cc39455.js:1
A.executePendingJobs @ vendors~mg-plugin.3cc39455.js:1
(anonymous) @ app.2d024da3.js:1
Promise.then (async)
executePendingJobs @ app.2d024da3.js:1
i @ app.2d024da3.js:1
c @ app.2d024da3.js:1
Ms.handlePluginMessage @ app.2d024da3.js:1
i @ chunk-libs.8b5d8668.js:5
postMessage (async)
(anonymous) @ VM289 plugin-sandbox.html:7
postMessage (async)
send @ VM294:22
acknowledgeExportFile @ VM294:298
window.onmessage @ VM294:440
postMessage (async)
postMessage @ app.2d024da3.js:1
(anonymous) @ app.2d024da3.js:1
(anonymous) @ app.2d024da3.js:14
(anonymous) @ vendors~mg-plugin.3cc39455.js:1
A.withScope @ vendors~mg-plugin.3cc39455.js:1
A.cToHostCallbackFunction @ vendors~mg-plugin.3cc39455.js:1
A.cToHostCallbackFunction @ vendors~mg-plugin.3cc39455.js:1
$func806 @ 00284a2a:0x856b8
$func573 @ 00284a2a:0x6b75e
$func24 @ 00284a2a:0x3404
$func24 @ 00284a2a:0x5327
$func24 @ 00284a2a:0x51b1
$func556 @ 00284a2a:0x6a4c2
$func562 @ 00284a2a:0x6ac14
$func24 @ 00284a2a:0x3404
$func24 @ 00284a2a:0x5327
$func712 @ 00284a2a:0x7c38d
$X @ 00284a2a:0x7def0
E._QTS_ExecutePendingJob @ vendors~mg-plugin.3cc39455.js:1
A.executePendingJobs @ vendors~mg-plugin.3cc39455.js:1
(anonymous) @ app.2d024da3.js:1
Promise.then (async)
executePendingJobs @ app.2d024da3.js:1
(anonymous) @ app.2d024da3.js:1
i @ chunk-libs.8b5d8668.js:5
setTimeout (async)
(anonymous) @ chunk-libs.8b5d8668.js:5
(anonymous) @ app.2d024da3.js:1
(anonymous) @ vendors~mg-plugin.3cc39455.js:1
A.withScope @ vendors~mg-plugin.3cc39455.js:1
A.cToHostCallbackFunction @ vendors~mg-plugin.3cc39455.js:1
A.cToHostCallbackFunction @ vendors~mg-plugin.3cc39455.js:1
$func806 @ 00284a2a:0x856b8
$func573 @ 00284a2a:0x6b75e
$func24 @ 00284a2a:0x3404
$func24 @ 00284a2a:0x51b1
$func457 @ 00284a2a:0x609f5
$func562 @ 00284a2a:0x6ac4e
$func83 @ 00284a2a:0x16013
$func24 @ 00284a2a:0x5271
$func24 @ 00284a2a:0x51b1
$func556 @ 00284a2a:0x6a4c2
$func562 @ 00284a2a:0x6ac14
$func24 @ 00284a2a:0x3404
$func24 @ 00284a2a:0x5327
$func712 @ 00284a2a:0x7c38d
$X @ 00284a2a:0x7def0
E._QTS_ExecutePendingJob @ vendors~mg-plugin.3cc39455.js:1
A.executePendingJobs @ vendors~mg-plugin.3cc39455.js:1
(anonymous) @ app.2d024da3.js:1
Promise.then (async)
executePendingJobs @ app.2d024da3.js:1
i @ app.2d024da3.js:1
c @ app.2d024da3.js:1
Ms.handlePluginMessage @ app.2d024da3.js:1
i @ chunk-libs.8b5d8668.js:5
postMessage (async)
(anonymous) @ VM289 plugin-sandbox.html:7
postMessage (async)
send @ VM294:22
acknowledgeExportFile @ VM294:298
window.onmessage @ VM294:440
postMessage (async)
postMessage @ app.2d024da3.js:1
(anonymous) @ app.2d024da3.js:1
(anonymous) @ app.2d024da3.js:14
(anonymous) @ vendors~mg-plugin.3cc39455.js:1
A.withScope @ vendors~mg-plugin.3cc39455.js:1
A.cToHostCallbackFunction @ vendors~mg-plugin.3cc39455.js:1
A.cToHostCallbackFunction @ vendors~mg-plugin.3cc39455.js:1
$func806 @ 00284a2a:0x856b8
$func573 @ 00284a2a:0x6b75e
$func24 @ 00284a2a:0x3404
$func24 @ 00284a2a:0x5327
$func24 @ 00284a2a:0x51b1
$func556 @ 00284a2a:0x6a4c2
$func562 @ 00284a2a:0x6ac14
$func24 @ 00284a2a:0x3404
$func24 @ 00284a2a:0x5327
$func712 @ 00284a2a:0x7c38d
$X @ 00284a2a:0x7def0
E._QTS_ExecutePendingJob @ vendors~mg-plugin.3cc39455.js:1
A.executePendingJobs @ vendors~mg-plugin.3cc39455.js:1
(anonymous) @ app.2d024da3.js:1
Promise.then (async)
executePendingJobs @ app.2d024da3.js:1
(anonymous) @ app.2d024da3.js:1
i @ chunk-libs.8b5d8668.js:5
setTimeout (async)
(anonymous) @ chunk-libs.8b5d8668.js:5
(anonymous) @ app.2d024da3.js:1
(anonymous) @ vendors~mg-plugin.3cc39455.js:1
A.withScope @ vendors~mg-plugin.3cc39455.js:1
A.cToHostCallbackFunction @ vendors~mg-plugin.3cc39455.js:1
A.cToHostCallbackFunction @ vendors~mg-plugin.3cc39455.js:1
$func806 @ 00284a2a:0x856b8
$func573 @ 00284a2a:0x6b75e
$func24 @ 00284a2a:0x3404
$func24 @ 00284a2a:0x51b1
$func457 @ 00284a2a:0x609f5
$func562 @ 00284a2a:0x6ac4e
$func83 @ 00284a2a:0x16013
$func24 @ 00284a2a:0x5271
$func24 @ 00284a2a:0x51b1
$func556 @ 00284a2a:0x6a4c2
$func562 @ 00284a2a:0x6ac14
$func24 @ 00284a2a:0x3404
$func24 @ 00284a2a:0x5327
$func457 @ 00284a2a:0x609f5
$func562 @ 00284a2a:0x6ac4e
$func83 @ 00284a2a:0x16013
$func24 @ 00284a2a:0x5271
$func24 @ 00284a2a:0x51b1
$func24 @ 00284a2a:0x51b1
$func556 @ 00284a2a:0x6a4c2
$func562 @ 00284a2a:0x6ac14
$func24 @ 00284a2a:0x3404
$func24 @ 00284a2a:0x5327
$func457 @ 00284a2a:0x609f5
$func562 @ 00284a2a:0x6ac4e
$func83 @ 00284a2a:0x16013
$func24 @ 00284a2a:0x5271
$func24 @ 00284a2a:0x51b1
$func24 @ 00284a2a:0x51b1
$func556 @ 00284a2a:0x6a4c2
$func562 @ 00284a2a:0x6ac14
$func24 @ 00284a2a:0x3404
$func24 @ 00284a2a:0x5327
$func712 @ 00284a2a:0x7c38d
$X @ 00284a2a:0x7def0
E._QTS_ExecutePendingJob @ vendors~mg-plugin.3cc39455.js:1
A.executePendingJobs @ vendors~mg-plugin.3cc39455.js:1
(anonymous) @ app.2d024da3.js:1
Promise.then (async)
executePendingJobs @ app.2d024da3.js:1
i @ app.2d024da3.js:1
c @ app.2d024da3.js:1
Ms.handlePluginMessage @ app.2d024da3.js:1
i @ chunk-libs.8b5d8668.js:5
postMessage (async)
(anonymous) @ VM289 plugin-sandbox.html:7
postMessage (async)
send @ VM294:22
acknowledgeExportFile @ VM294:298
window.onmessage @ VM294:440
postMessage (async)
postMessage @ app.2d024da3.js:1
(anonymous) @ app.2d024da3.js:1
(anonymous) @ app.2d024da3.js:14
(anonymous) @ vendors~mg-plugin.3cc39455.js:1
A.withScope @ vendors~mg-plugin.3cc39455.js:1
A.cToHostCallbackFunction @ vendors~mg-plugin.3cc39455.js:1
A.cToHostCallbackFunction @ vendors~mg-plugin.3cc39455.js:1
$func806 @ 00284a2a:0x856b8
$func573 @ 00284a2a:0x6b75e
$func24 @ 00284a2a:0x3404
$func24 @ 00284a2a:0x5327
$func24 @ 00284a2a:0x51b1
$func556 @ 00284a2a:0x6a4c2
$func562 @ 00284a2a:0x6ac14
$func24 @ 00284a2a:0x3404
$func24 @ 00284a2a:0x5327
$func712 @ 00284a2a:0x7c38d
$X @ 00284a2a:0x7def0
E._QTS_ExecutePendingJob @ vendors~mg-plugin.3cc39455.js:1
A.executePendingJobs @ vendors~mg-plugin.3cc39455.js:1
(anonymous) @ app.2d024da3.js:1
Promise.then (async)
executePendingJobs @ app.2d024da3.js:1
i @ app.2d024da3.js:1
c @ app.2d024da3.js:1
Ms.handlePluginMessage @ app.2d024da3.js:1
i @ chunk-libs.8b5d8668.js:5
postMessage (async)
(anonymous) @ VM289 plugin-sandbox.html:7
postMessage (async)
send @ VM294:22
acknowledgeExportFile @ VM294:298
window.onmessage @ VM294:440
postMessage (async)
postMessage @ app.2d024da3.js:1
(anonymous) @ app.2d024da3.js:1
(anonymous) @ app.2d024da3.js:14
(anonymous) @ vendors~mg-plugin.3cc39455.js:1
A.withScope @ vendors~mg-plugin.3cc39455.js:1
A.cToHostCallbackFunction @ vendors~mg-plugin.3cc39455.js:1
A.cToHostCallbackFunction @ vendors~mg-plugin.3cc39455.js:1
$func806 @ 00284a2a:0x856b8
$func573 @ 00284a2a:0x6b75e
$func24 @ 00284a2a:0x3404
$func24 @ 00284a2a:0x5327
$func24 @ 00284a2a:0x51b1
$func556 @ 00284a2a:0x6a4c2
$func562 @ 00284a2a:0x6ac14
$func24 @ 00284a2a:0x3404
$func24 @ 00284a2a:0x5327
$func712 @ 00284a2a:0x7c38d
$X @ 00284a2a:0x7def0
E._QTS_ExecutePendingJob @ vendors~mg-plugin.3cc39455.js:1
A.executePendingJobs @ vendors~mg-plugin.3cc39455.js:1
(anonymous) @ app.2d024da3.js:1
Promise.then (async)
executePendingJobs @ app.2d024da3.js:1
(anonymous) @ app.2d024da3.js:1
i @ chunk-libs.8b5d8668.js:5
setTimeout (async)
(anonymous) @ chunk-libs.8b5d8668.js:5
(anonymous) @ app.2d024da3.js:1
(anonymous) @ vendors~mg-plugin.3cc39455.js:1
A.withScope @ vendors~mg-plugin.3cc39455.js:1
A.cToHostCallbackFunction @ vendors~mg-plugin.3cc39455.js:1
A.cToHostCallbackFunction @ vendors~mg-plugin.3cc39455.js:1
$func806 @ 00284a2a:0x856b8
$func573 @ 00284a2a:0x6b75e
$func24 @ 00284a2a:0x3404
$func24 @ 00284a2a:0x51b1
$func457 @ 00284a2a:0x609f5
$func562 @ 00284a2a:0x6ac4e
$func83 @ 00284a2a:0x16013
$func24 @ 00284a2a:0x5271
$func24 @ 00284a2a:0x51b1
$func556 @ 00284a2a:0x6a4c2
$func562 @ 00284a2a:0x6ac14
$func24 @ 00284a2a:0x3404
$func24 @ 00284a2a:0x5327
$func712 @ 00284a2a:0x7c38d
$X @ 00284a2a:0x7def0
E._QTS_ExecutePendingJob @ vendors~mg-plugin.3cc39455.js:1
A.executePendingJobs @ vendors~mg-plugin.3cc39455.js:1
(anonymous) @ app.2d024da3.js:1
Promise.then (async)
executePendingJobs @ app.2d024da3.js:1
i @ app.2d024da3.js:1
c @ app.2d024da3.js:1
Ms.handlePluginMessage @ app.2d024da3.js:1
i @ chunk-libs.8b5d8668.js:5
postMessage (async)
(anonymous) @ VM289 plugin-sandbox.html:7
postMessage (async)
send @ VM294:22
acknowledgeExportFile @ VM294:298
window.onmessage @ VM294:440
postMessage (async)
postMessage @ app.2d024da3.js:1
(anonymous) @ app.2d024da3.js:1
(anonymous) @ app.2d024da3.js:14
(anonymous) @ vendors~mg-plugin.3cc39455.js:1
A.withScope @ vendors~mg-plugin.3cc39455.js:1
A.cToHostCallbackFunction @ vendors~mg-plugin.3cc39455.js:1
A.cToHostCallbackFunction @ vendors~mg-plugin.3cc39455.js:1
$func806 @ 00284a2a:0x856b8
$func573 @ 00284a2a:0x6b75e
$func24 @ 00284a2a:0x3404
$func24 @ 00284a2a:0x5327
$func24 @ 00284a2a:0x51b1
$func556 @ 00284a2a:0x6a4c2
$func562 @ 00284a2a:0x6ac14
$func24 @ 00284a2a:0x3404
$func24 @ 00284a2a:0x5327
$func712 @ 00284a2a:0x7c38d
$X @ 00284a2a:0x7def0
E._QTS_ExecutePendingJob @ vendors~mg-plugin.3cc39455.js:1
A.executePendingJobs @ vendors~mg-plugin.3cc39455.js:1
(anonymous) @ app.2d024da3.js:1
chunk-libs.8b5d8668.js:127 [MasterGo2Figma] Fallback node export failed {"phase":"append-record","originalError":{"kind":"Error","name":"InternalError","message":"out of memory","stack":"    at <anonymous> (eval.js:1352)\n    at next (native)\n    at <anonymous> (eval.js:9)\n    at Promise (native)\n    at <anonymous> (eval.js:10)\n    at flushLayerChunk (eval.js:1359)\n    at <anonymous> (eval.js:1335)\n    at next (native)\n    at <anonymous> (eval.js:9)\n    at Promise (native)\n    at <anonymous> (eval.js:10)\n    at appendLayerRecord (eval.js:1340)\n    at <anonymous> (eval.js:1100)\n    at next (native)\n    at fulfilled (eval.js)\n"},"fallbackError":{"kind":"Error","name":"InternalError","message":"out of memory","stack":"    at <anonymous> (eval.js:1352)\n    at next (native)\n    at <anonymous> (eval.js:9)\n    at Promise (native)\n    at <anonymous> (eval.js:10)\n    at flushLayerChunk (eval.js:1359)\n    at <anonymous> (eval.js:1330)\n    at next (native)\n    at <anonymous> (eval.js:9)\n    at Promise (native)\n    at <anonymous> (eval.js:10)\n    at appendLayerRecord (eval.js:1340)\n    at <anonymous> (eval.js:1172)\n    at next (native)\n    at <anonymous> (eval.js:9)\n    at Promise (native)\n    at <anonymous> (eval.js:10)\n    at appendFallbackLayerRecord (eval.js:1173)\n    at <anonymous> (eval.js:1139)\n    at throw (native)\n    at rejected (eval.js)\n"},"node":{"id":"80:11376/72:13380","name":"矩形","type":"RECTANGLE","width":13.125,"height":0.875},"page":"界面方案研究","transfer":{"transferId":"export-1779157709685-4691390705024092","filename":"mastergo2figma-partial-pages-part-003-of-010-界面方案研究-2026-05-19T02-28-29-685Z.zip","fileIndex":8,"postedChunks":95,"streamedBytes":1493896}}
(anonymous) @ chunk-libs.8b5d8668.js:127
(anonymous) @ app.2d024da3.js:1
(anonymous) @ vendors~mg-plugin.3cc39455.js:1
A.withScope @ vendors~mg-plugin.3cc39455.js:1
A.cToHostCallbackFunction @ vendors~mg-plugin.3cc39455.js:1
A.cToHostCallbackFunction @ vendors~mg-plugin.3cc39455.js:1
$func806 @ 00284a2a:0x856b8
$func573 @ 00284a2a:0x6b75e
$func24 @ 00284a2a:0x3404
$func24 @ 00284a2a:0x5327
$func24 @ 00284a2a:0x51b1
$func556 @ 00284a2a:0x6a4c2
$func562 @ 00284a2a:0x6ac14
$func24 @ 00284a2a:0x3404
$func24 @ 00284a2a:0x5327
$func712 @ 00284a2a:0x7c38d
$X @ 00284a2a:0x7def0
E._QTS_ExecutePendingJob @ vendors~mg-plugin.3cc39455.js:1
A.executePendingJobs @ vendors~mg-plugin.3cc39455.js:1
(anonymous) @ app.2d024da3.js:1
Promise.then (async)
executePendingJobs @ app.2d024da3.js:1
(anonymous) @ app.2d024da3.js:1
i @ chunk-libs.8b5d8668.js:5
setTimeout (async)
(anonymous) @ chunk-libs.8b5d8668.js:5
(anonymous) @ app.2d024da3.js:1
(anonymous) @ vendors~mg-plugin.3cc39455.js:1
A.withScope @ vendors~mg-plugin.3cc39455.js:1
A.cToHostCallbackFunction @ vendors~mg-plugin.3cc39455.js:1
A.cToHostCallbackFunction @ vendors~mg-plugin.3cc39455.js:1
$func806 @ 00284a2a:0x856b8
$func573 @ 00284a2a:0x6b75e
$func24 @ 00284a2a:0x3404
$func24 @ 00284a2a:0x51b1
$func457 @ 00284a2a:0x609f5
$func562 @ 00284a2a:0x6ac4e
$func83 @ 00284a2a:0x16013
$func24 @ 00284a2a:0x5271
$func24 @ 00284a2a:0x51b1
$func556 @ 00284a2a:0x6a4c2
$func562 @ 00284a2a:0x6ac14
$func24 @ 00284a2a:0x3404
$func24 @ 00284a2a:0x5327
$func712 @ 00284a2a:0x7c38d
$X @ 00284a2a:0x7def0
E._QTS_ExecutePendingJob @ vendors~mg-plugin.3cc39455.js:1
A.executePendingJobs @ vendors~mg-plugin.3cc39455.js:1
(anonymous) @ app.2d024da3.js:1
Promise.then (async)
executePendingJobs @ app.2d024da3.js:1
i @ app.2d024da3.js:1
c @ app.2d024da3.js:1
Ms.handlePluginMessage @ app.2d024da3.js:1
i @ chunk-libs.8b5d8668.js:5
postMessage (async)
(anonymous) @ VM289 plugin-sandbox.html:7
postMessage (async)
send @ VM294:22
acknowledgeExportFile @ VM294:298
window.onmessage @ VM294:440
postMessage (async)
postMessage @ app.2d024da3.js:1
(anonymous) @ app.2d024da3.js:1
(anonymous) @ app.2d024da3.js:14
(anonymous) @ vendors~mg-plugin.3cc39455.js:1
A.withScope @ vendors~mg-plugin.3cc39455.js:1
A.cToHostCallbackFunction @ vendors~mg-plugin.3cc39455.js:1
A.cToHostCallbackFunction @ vendors~mg-plugin.3cc39455.js:1
$func806 @ 00284a2a:0x856b8
$func573 @ 00284a2a:0x6b75e
$func24 @ 00284a2a:0x3404
$func24 @ 00284a2a:0x5327
$func24 @ 00284a2a:0x51b1
$func556 @ 00284a2a:0x6a4c2
$func562 @ 00284a2a:0x6ac14
$func24 @ 00284a2a:0x3404
$func24 @ 00284a2a:0x5327
$func712 @ 00284a2a:0x7c38d
$X @ 00284a2a:0x7def0
E._QTS_ExecutePendingJob @ vendors~mg-plugin.3cc39455.js:1
A.executePendingJobs @ vendors~mg-plugin.3cc39455.js:1
(anonymous) @ app.2d024da3.js:1
Promise.then (async)
executePendingJobs @ app.2d024da3.js:1
i @ app.2d024da3.js:1
c @ app.2d024da3.js:1
Ms.handlePluginMessage @ app.2d024da3.js:1
i @ chunk-libs.8b5d8668.js:5
postMessage (async)
(anonymous) @ VM289 plugin-sandbox.html:7
postMessage (async)
send @ VM294:22
acknowledgeExportFile @ VM294:298
window.onmessage @ VM294:440
postMessage (async)
postMessage @ app.2d024da3.js:1
(anonymous) @ app.2d024da3.js:1
(anonymous) @ app.2d024da3.js:14
(anonymous) @ vendors~mg-plugin.3cc39455.js:1
A.withScope @ vendors~mg-plugin.3cc39455.js:1
A.cToHostCallbackFunction @ vendors~mg-plugin.3cc39455.js:1
A.cToHostCallbackFunction @ vendors~mg-plugin.3cc39455.js:1
$func806 @ 00284a2a:0x856b8
$func573 @ 00284a2a:0x6b75e
$func24 @ 00284a2a:0x3404
$func24 @ 00284a2a:0x5327
$func24 @ 00284a2a:0x51b1
$func556 @ 00284a2a:0x6a4c2
$func562 @ 00284a2a:0x6ac14
$func24 @ 00284a2a:0x3404
$func24 @ 00284a2a:0x5327
$func712 @ 00284a2a:0x7c38d
$X @ 00284a2a:0x7def0
E._QTS_ExecutePendingJob @ vendors~mg-plugin.3cc39455.js:1
A.executePendingJobs @ vendors~mg-plugin.3cc39455.js:1
(anonymous) @ app.2d024da3.js:1
Promise.then (async)
executePendingJobs @ app.2d024da3.js:1
(anonymous) @ app.2d024da3.js:1
i @ chunk-libs.8b5d8668.js:5
setTimeout (async)
(anonymous) @ chunk-libs.8b5d8668.js:5
(anonymous) @ app.2d024da3.js:1
(anonymous) @ vendors~mg-plugin.3cc39455.js:1
A.withScope @ vendors~mg-plugin.3cc39455.js:1
A.cToHostCallbackFunction @ vendors~mg-plugin.3cc39455.js:1
A.cToHostCallbackFunction @ vendors~mg-plugin.3cc39455.js:1
$func806 @ 00284a2a:0x856b8
$func573 @ 00284a2a:0x6b75e
$func24 @ 00284a2a:0x3404
$func24 @ 00284a2a:0x51b1
$func457 @ 00284a2a:0x609f5
$func562 @ 00284a2a:0x6ac4e
$func83 @ 00284a2a:0x16013
$func24 @ 00284a2a:0x5271
$func24 @ 00284a2a:0x51b1
$func556 @ 00284a2a:0x6a4c2
$func562 @ 00284a2a:0x6ac14
$func24 @ 00284a2a:0x3404
$func24 @ 00284a2a:0x5327
$func712 @ 00284a2a:0x7c38d
$X @ 00284a2a:0x7def0
E._QTS_ExecutePendingJob @ vendors~mg-plugin.3cc39455.js:1
A.executePendingJobs @ vendors~mg-plugin.3cc39455.js:1
(anonymous) @ app.2d024da3.js:1
Promise.then (async)
executePendingJobs @ app.2d024da3.js:1
i @ app.2d024da3.js:1
c @ app.2d024da3.js:1
Ms.handlePluginMessage @ app.2d024da3.js:1
i @ chunk-libs.8b5d8668.js:5
postMessage (async)
(anonymous) @ VM289 plugin-sandbox.html:7
postMessage (async)
send @ VM294:22
acknowledgeExportFile @ VM294:298
window.onmessage @ VM294:440
postMessage (async)
postMessage @ app.2d024da3.js:1
(anonymous) @ app.2d024da3.js:1
(anonymous) @ app.2d024da3.js:14
(anonymous) @ vendors~mg-plugin.3cc39455.js:1
A.withScope @ vendors~mg-plugin.3cc39455.js:1
A.cToHostCallbackFunction @ vendors~mg-plugin.3cc39455.js:1
A.cToHostCallbackFunction @ vendors~mg-plugin.3cc39455.js:1
$func806 @ 00284a2a:0x856b8
$func573 @ 00284a2a:0x6b75e
$func24 @ 00284a2a:0x3404
$func24 @ 00284a2a:0x5327
$func24 @ 00284a2a:0x51b1
$func556 @ 00284a2a:0x6a4c2
$func562 @ 00284a2a:0x6ac14
$func24 @ 00284a2a:0x3404
$func24 @ 00284a2a:0x5327
$func712 @ 00284a2a:0x7c38d
$X @ 00284a2a:0x7def0
E._QTS_ExecutePendingJob @ vendors~mg-plugin.3cc39455.js:1
A.executePendingJobs @ vendors~mg-plugin.3cc39455.js:1
(anonymous) @ app.2d024da3.js:1
Promise.then (async)
executePendingJobs @ app.2d024da3.js:1
(anonymous) @ app.2d024da3.js:1
i @ chunk-libs.8b5d8668.js:5
setTimeout (async)
(anonymous) @ chunk-libs.8b5d8668.js:5
(anonymous) @ app.2d024da3.js:1
(anonymous) @ vendors~mg-plugin.3cc39455.js:1
A.withScope @ vendors~mg-plugin.3cc39455.js:1
A.cToHostCallbackFunction @ vendors~mg-plugin.3cc39455.js:1
A.cToHostCallbackFunction @ vendors~mg-plugin.3cc39455.js:1
$func806 @ 00284a2a:0x856b8
$func573 @ 00284a2a:0x6b75e
$func24 @ 00284a2a:0x3404
$func24 @ 00284a2a:0x51b1
$func457 @ 00284a2a:0x609f5
$func562 @ 00284a2a:0x6ac4e
$func83 @ 00284a2a:0x16013
$func24 @ 00284a2a:0x5271
$func24 @ 00284a2a:0x51b1
$func556 @ 00284a2a:0x6a4c2
$func562 @ 00284a2a:0x6ac14
$func24 @ 00284a2a:0x3404
$func24 @ 00284a2a:0x5327
$func457 @ 00284a2a:0x609f5
$func562 @ 00284a2a:0x6ac4e
$func83 @ 00284a2a:0x16013
$func24 @ 00284a2a:0x5271
$func24 @ 00284a2a:0x51b1
$func24 @ 00284a2a:0x51b1
$func556 @ 00284a2a:0x6a4c2
$func562 @ 00284a2a:0x6ac14
$func24 @ 00284a2a:0x3404
$func24 @ 00284a2a:0x5327
$func457 @ 00284a2a:0x609f5
$func562 @ 00284a2a:0x6ac4e
$func83 @ 00284a2a:0x16013
$func24 @ 00284a2a:0x5271
$func24 @ 00284a2a:0x51b1
$func24 @ 00284a2a:0x51b1
$func556 @ 00284a2a:0x6a4c2
$func562 @ 00284a2a:0x6ac14
$func24 @ 00284a2a:0x3404
$func24 @ 00284a2a:0x5327
$func712 @ 00284a2a:0x7c38d
$X @ 00284a2a:0x7def0
E._QTS_ExecutePendingJob @ vendors~mg-plugin.3cc39455.js:1
A.executePendingJobs @ vendors~mg-plugin.3cc39455.js:1
(anonymous) @ app.2d024da3.js:1
Promise.then (async)
executePendingJobs @ app.2d024da3.js:1
i @ app.2d024da3.js:1
c @ app.2d024da3.js:1
Ms.handlePluginMessage @ app.2d024da3.js:1
i @ chunk-libs.8b5d8668.js:5
postMessage (async)
(anonymous) @ VM289 plugin-sandbox.html:7
postMessage (async)
send @ VM294:22
acknowledgeExportFile @ VM294:298
window.onmessage @ VM294:440
postMessage (async)
postMessage @ app.2d024da3.js:1
(anonymous) @ app.2d024da3.js:1
(anonymous) @ app.2d024da3.js:14
(anonymous) @ vendors~mg-plugin.3cc39455.js:1
A.withScope @ vendors~mg-plugin.3cc39455.js:1
A.cToHostCallbackFunction @ vendors~mg-plugin.3cc39455.js:1
A.cToHostCallbackFunction @ vendors~mg-plugin.3cc39455.js:1
$func806 @ 00284a2a:0x856b8
$func573 @ 00284a2a:0x6b75e
$func24 @ 00284a2a:0x3404
$func24 @ 00284a2a:0x5327
$func24 @ 00284a2a:0x51b1
$func556 @ 00284a2a:0x6a4c2
$func562 @ 00284a2a:0x6ac14
$func24 @ 00284a2a:0x3404
$func24 @ 00284a2a:0x5327
$func712 @ 00284a2a:0x7c38d
$X @ 00284a2a:0x7def0
E._QTS_ExecutePendingJob @ vendors~mg-plugin.3cc39455.js:1
A.executePendingJobs @ vendors~mg-plugin.3cc39455.js:1
(anonymous) @ app.2d024da3.js:1
Promise.then (async)
executePendingJobs @ app.2d024da3.js:1
i @ app.2d024da3.js:1
c @ app.2d024da3.js:1
Ms.handlePluginMessage @ app.2d024da3.js:1
i @ chunk-libs.8b5d8668.js:5
postMessage (async)
(anonymous) @ VM289 plugin-sandbox.html:7
postMessage (async)
send @ VM294:22
acknowledgeExportFile @ VM294:298
window.onmessage @ VM294:440
postMessage (async)
postMessage @ app.2d024da3.js:1
(anonymous) @ app.2d024da3.js:1
(anonymous) @ app.2d024da3.js:14
(anonymous) @ vendors~mg-plugin.3cc39455.js:1
A.withScope @ vendors~mg-plugin.3cc39455.js:1
A.cToHostCallbackFunction @ vendors~mg-plugin.3cc39455.js:1
A.cToHostCallbackFunction @ vendors~mg-plugin.3cc39455.js:1
$func806 @ 00284a2a:0x856b8
$func573 @ 00284a2a:0x6b75e
$func24 @ 00284a2a:0x3404
$func24 @ 00284a2a:0x5327
$func24 @ 00284a2a:0x51b1
$func556 @ 00284a2a:0x6a4c2
$func562 @ 00284a2a:0x6ac14
$func24 @ 00284a2a:0x3404
$func24 @ 00284a2a:0x5327
$func712 @ 00284a2a:0x7c38d
$X @ 00284a2a:0x7def0
E._QTS_ExecutePendingJob @ vendors~mg-plugin.3cc39455.js:1
A.executePendingJobs @ vendors~mg-plugin.3cc39455.js:1
(anonymous) @ app.2d024da3.js:1
Promise.then (async)
executePendingJobs @ app.2d024da3.js:1
(anonymous) @ app.2d024da3.js:1
i @ chunk-libs.8b5d8668.js:5
setTimeout (async)
(anonymous) @ chunk-libs.8b5d8668.js:5
(anonymous) @ app.2d024da3.js:1
(anonymous) @ vendors~mg-plugin.3cc39455.js:1
A.withScope @ vendors~mg-plugin.3cc39455.js:1
A.cToHostCallbackFunction @ vendors~mg-plugin.3cc39455.js:1
A.cToHostCallbackFunction @ vendors~mg-plugin.3cc39455.js:1
$func806 @ 00284a2a:0x856b8
$func573 @ 00284a2a:0x6b75e
$func24 @ 00284a2a:0x3404
$func24 @ 00284a2a:0x51b1
$func457 @ 00284a2a:0x609f5
$func562 @ 00284a2a:0x6ac4e
$func83 @ 00284a2a:0x16013
$func24 @ 00284a2a:0x5271
$func24 @ 00284a2a:0x51b1
$func556 @ 00284a2a:0x6a4c2
$func562 @ 00284a2a:0x6ac14
$func24 @ 00284a2a:0x3404
$func24 @ 00284a2a:0x5327
$func712 @ 00284a2a:0x7c38d
$X @ 00284a2a:0x7def0
E._QTS_ExecutePendingJob @ vendors~mg-plugin.3cc39455.js:1
A.executePendingJobs @ vendors~mg-plugin.3cc39455.js:1
(anonymous) @ app.2d024da3.js:1
Promise.then (async)
executePendingJobs @ app.2d024da3.js:1
i @ app.2d024da3.js:1
c @ app.2d024da3.js:1
Ms.handlePluginMessage @ app.2d024da3.js:1
i @ chunk-libs.8b5d8668.js:5
postMessage (async)
(anonymous) @ VM289 plugin-sandbox.html:7
postMessage (async)
send @ VM294:22
acknowledgeExportFile @ VM294:298
window.onmessage @ VM294:440
postMessage (async)
postMessage @ app.2d024da3.js:1
(anonymous) @ app.2d024da3.js:1
(anonymous) @ app.2d024da3.js:14
(anonymous) @ vendors~mg-plugin.3cc39455.js:1
A.withScope @ vendors~mg-plugin.3cc39455.js:1
A.cToHostCallbackFunction @ vendors~mg-plugin.3cc39455.js:1
A.cToHostCallbackFunction @ vendors~mg-plugin.3cc39455.js:1
$func806 @ 00284a2a:0x856b8
$func573 @ 00284a2a:0x6b75e
$func24 @ 00284a2a:0x3404
$func24 @ 00284a2a:0x5327
$func24 @ 00284a2a:0x51b1
$func556 @ 00284a2a:0x6a4c2
$func562 @ 00284a2a:0x6ac14
$func24 @ 00284a2a:0x3404
$func24 @ 00284a2a:0x5327
$func712 @ 00284a2a:0x7c38d
$X @ 00284a2a:0x7def0
E._QTS_ExecutePendingJob @ vendors~mg-plugin.3cc39455.js:1
A.executePendingJobs @ vendors~mg-plugin.3cc39455.js:1
(anonymous) @ app.2d024da3.js:1
chunk-libs.8b5d8668.js:127 [MasterGo2Figma] Node export failed {"phase":"children","error":{"kind":"Error","name":"InternalError","message":"out of memory","stack":"    at <anonymous> (eval.js:1352)\n    at next (native)\n    at <anonymous> (eval.js:9)\n    at Promise (native)\n    at <anonymous> (eval.js:10)\n    at flushLayerChunk (eval.js:1359)\n    at <anonymous> (eval.js:1330)\n    at next (native)\n    at <anonymous> (eval.js:9)\n    at Promise (native)\n    at <anonymous> (eval.js:10)\n    at appendLayerRecord (eval.js:1340)\n    at <anonymous> (eval.js:1172)\n    at next (native)\n    at <anonymous> (eval.js:9)\n    at Promise (native)\n    at <anonymous> (eval.js:10)\n    at appendFallbackLayerRecord (eval.js:1173)\n    at <anonymous> (eval.js:1139)\n    at throw (native)\n    at rejected (eval.js)\n"},"node":{"id":"80:11376/72:13375","name":"组","type":"BOOLEAN_OPERATION","width":13.125,"height":10.5,"childCount":4},"page":"界面方案研究","parentId":"80:11376/72:13374","index":0,"processedNodes":35035,"totalNodes":101323,"pageLayerCount":901,"transfer":{"transferId":"export-1779157709685-4691390705024092","filename":"mastergo2figma-partial-pages-part-003-of-010-界面方案研究-2026-05-19T02-28-29-685Z.zip","fileIndex":8,"postedChunks":95,"streamedBytes":1493896}}
(anonymous) @ chunk-libs.8b5d8668.js:127
(anonymous) @ app.2d024da3.js:1
(anonymous) @ vendors~mg-plugin.3cc39455.js:1
A.withScope @ vendors~mg-plugin.3cc39455.js:1
A.cToHostCallbackFunction @ vendors~mg-plugin.3cc39455.js:1
A.cToHostCallbackFunction @ vendors~mg-plugin.3cc39455.js:1
$func806 @ 00284a2a:0x856b8
$func573 @ 00284a2a:0x6b75e
$func24 @ 00284a2a:0x3404
$func24 @ 00284a2a:0x5327
$func24 @ 00284a2a:0x51b1
$func556 @ 00284a2a:0x6a4c2
$func562 @ 00284a2a:0x6ac14
$func24 @ 00284a2a:0x3404
$func24 @ 00284a2a:0x5327
$func712 @ 00284a2a:0x7c38d
$X @ 00284a2a:0x7def0
E._QTS_ExecutePendingJob @ vendors~mg-plugin.3cc39455.js:1
A.executePendingJobs @ vendors~mg-plugin.3cc39455.js:1
(anonymous) @ app.2d024da3.js:1
Promise.then (async)
executePendingJobs @ app.2d024da3.js:1
(anonymous) @ app.2d024da3.js:1
i @ chunk-libs.8b5d8668.js:5
setTimeout (async)
(anonymous) @ chunk-libs.8b5d8668.js:5
(anonymous) @ app.2d024da3.js:1
(anonymous) @ vendors~mg-plugin.3cc39455.js:1
A.withScope @ vendors~mg-plugin.3cc39455.js:1
A.cToHostCallbackFunction @ vendors~mg-plugin.3cc39455.js:1
A.cToHostCallbackFunction @ vendors~mg-plugin.3cc39455.js:1
$func806 @ 00284a2a:0x856b8
$func573 @ 00284a2a:0x6b75e
$func24 @ 00284a2a:0x3404
$func24 @ 00284a2a:0x51b1
$func457 @ 00284a2a:0x609f5
$func562 @ 00284a2a:0x6ac4e
$func83 @ 00284a2a:0x16013
$func24 @ 00284a2a:0x5271
$func24 @ 00284a2a:0x51b1
$func556 @ 00284a2a:0x6a4c2
$func562 @ 00284a2a:0x6ac14
$func24 @ 00284a2a:0x3404
$func24 @ 00284a2a:0x5327
$func712 @ 00284a2a:0x7c38d
$X @ 00284a2a:0x7def0
E._QTS_ExecutePendingJob @ vendors~mg-plugin.3cc39455.js:1
A.executePendingJobs @ vendors~mg-plugin.3cc39455.js:1
(anonymous) @ app.2d024da3.js:1
Promise.then (async)
executePendingJobs @ app.2d024da3.js:1
i @ app.2d024da3.js:1
c @ app.2d024da3.js:1
Ms.handlePluginMessage @ app.2d024da3.js:1
i @ chunk-libs.8b5d8668.js:5
postMessage (async)
(anonymous) @ VM289 plugin-sandbox.html:7
postMessage (async)
send @ VM294:22
acknowledgeExportFile @ VM294:298
window.onmessage @ VM294:440
postMessage (async)
postMessage @ app.2d024da3.js:1
(anonymous) @ app.2d024da3.js:1
(anonymous) @ app.2d024da3.js:14
(anonymous) @ vendors~mg-plugin.3cc39455.js:1
A.withScope @ vendors~mg-plugin.3cc39455.js:1
A.cToHostCallbackFunction @ vendors~mg-plugin.3cc39455.js:1
A.cToHostCallbackFunction @ vendors~mg-plugin.3cc39455.js:1
$func806 @ 00284a2a:0x856b8
$func573 @ 00284a2a:0x6b75e
$func24 @ 00284a2a:0x3404
$func24 @ 00284a2a:0x5327
$func24 @ 00284a2a:0x51b1
$func556 @ 00284a2a:0x6a4c2
$func562 @ 00284a2a:0x6ac14
$func24 @ 00284a2a:0x3404
$func24 @ 00284a2a:0x5327
$func712 @ 00284a2a:0x7c38d
$X @ 00284a2a:0x7def0
E._QTS_ExecutePendingJob @ vendors~mg-plugin.3cc39455.js:1
A.executePendingJobs @ vendors~mg-plugin.3cc39455.js:1
(anonymous) @ app.2d024da3.js:1
Promise.then (async)
executePendingJobs @ app.2d024da3.js:1
i @ app.2d024da3.js:1
c @ app.2d024da3.js:1
Ms.handlePluginMessage @ app.2d024da3.js:1
i @ chunk-libs.8b5d8668.js:5
postMessage (async)
(anonymous) @ VM289 plugin-sandbox.html:7
postMessage (async)
send @ VM294:22
acknowledgeExportFile @ VM294:298
window.onmessage @ VM294:440
postMessage (async)
postMessage @ app.2d024da3.js:1
(anonymous) @ app.2d024da3.js:1
(anonymous) @ app.2d024da3.js:14
(anonymous) @ vendors~mg-plugin.3cc39455.js:1
A.withScope @ vendors~mg-plugin.3cc39455.js:1
A.cToHostCallbackFunction @ vendors~mg-plugin.3cc39455.js:1
A.cToHostCallbackFunction @ vendors~mg-plugin.3cc39455.js:1
$func806 @ 00284a2a:0x856b8
$func573 @ 00284a2a:0x6b75e
$func24 @ 00284a2a:0x3404
$func24 @ 00284a2a:0x5327
$func24 @ 00284a2a:0x51b1
$func556 @ 00284a2a:0x6a4c2
$func562 @ 00284a2a:0x6ac14
$func24 @ 00284a2a:0x3404
$func24 @ 00284a2a:0x5327
$func712 @ 00284a2a:0x7c38d
$X @ 00284a2a:0x7def0
E._QTS_ExecutePendingJob @ vendors~mg-plugin.3cc39455.js:1
A.executePendingJobs @ vendors~mg-plugin.3cc39455.js:1
(anonymous) @ app.2d024da3.js:1
Promise.then (async)
executePendingJobs @ app.2d024da3.js:1
(anonymous) @ app.2d024da3.js:1
i @ chunk-libs.8b5d8668.js:5
setTimeout (async)
(anonymous) @ chunk-libs.8b5d8668.js:5
(anonymous) @ app.2d024da3.js:1
(anonymous) @ vendors~mg-plugin.3cc39455.js:1
A.withScope @ vendors~mg-plugin.3cc39455.js:1
A.cToHostCallbackFunction @ vendors~mg-plugin.3cc39455.js:1
A.cToHostCallbackFunction @ vendors~mg-plugin.3cc39455.js:1
$func806 @ 00284a2a:0x856b8
$func573 @ 00284a2a:0x6b75e
$func24 @ 00284a2a:0x3404
$func24 @ 00284a2a:0x51b1
$func457 @ 00284a2a:0x609f5
$func562 @ 00284a2a:0x6ac4e
$func83 @ 00284a2a:0x16013
$func24 @ 00284a2a:0x5271
$func24 @ 00284a2a:0x51b1
$func556 @ 00284a2a:0x6a4c2
$func562 @ 00284a2a:0x6ac14
$func24 @ 00284a2a:0x3404
$func24 @ 00284a2a:0x5327
$func712 @ 00284a2a:0x7c38d
$X @ 00284a2a:0x7def0
E._QTS_ExecutePendingJob @ vendors~mg-plugin.3cc39455.js:1
A.executePendingJobs @ vendors~mg-plugin.3cc39455.js:1
(anonymous) @ app.2d024da3.js:1
Promise.then (async)
executePendingJobs @ app.2d024da3.js:1
i @ app.2d024da3.js:1
c @ app.2d024da3.js:1
Ms.handlePluginMessage @ app.2d024da3.js:1
i @ chunk-libs.8b5d8668.js:5
postMessage (async)
(anonymous) @ VM289 plugin-sandbox.html:7
postMessage (async)
send @ VM294:22
acknowledgeExportFile @ VM294:298
window.onmessage @ VM294:440
postMessage (async)
postMessage @ app.2d024da3.js:1
(anonymous) @ app.2d024da3.js:1
(anonymous) @ app.2d024da3.js:14
(anonymous) @ vendors~mg-plugin.3cc39455.js:1
A.withScope @ vendors~mg-plugin.3cc39455.js:1
A.cToHostCallbackFunction @ vendors~mg-plugin.3cc39455.js:1
A.cToHostCallbackFunction @ vendors~mg-plugin.3cc39455.js:1
$func806 @ 00284a2a:0x856b8
$func573 @ 00284a2a:0x6b75e
$func24 @ 00284a2a:0x3404
$func24 @ 00284a2a:0x5327
$func24 @ 00284a2a:0x51b1
$func556 @ 00284a2a:0x6a4c2
$func562 @ 00284a2a:0x6ac14
$func24 @ 00284a2a:0x3404
$func24 @ 00284a2a:0x5327
$func712 @ 00284a2a:0x7c38d
$X @ 00284a2a:0x7def0
E._QTS_ExecutePendingJob @ vendors~mg-plugin.3cc39455.js:1
A.executePendingJobs @ vendors~mg-plugin.3cc39455.js:1
(anonymous) @ app.2d024da3.js:1
Promise.then (async)
executePendingJobs @ app.2d024da3.js:1
(anonymous) @ app.2d024da3.js:1
i @ chunk-libs.8b5d8668.js:5
setTimeout (async)
(anonymous) @ chunk-libs.8b5d8668.js:5
(anonymous) @ app.2d024da3.js:1
(anonymous) @ vendors~mg-plugin.3cc39455.js:1
A.withScope @ vendors~mg-plugin.3cc39455.js:1
A.cToHostCallbackFunction @ vendors~mg-plugin.3cc39455.js:1
A.cToHostCallbackFunction @ vendors~mg-plugin.3cc39455.js:1
$func806 @ 00284a2a:0x856b8
$func573 @ 00284a2a:0x6b75e
$func24 @ 00284a2a:0x3404
$func24 @ 00284a2a:0x51b1
$func457 @ 00284a2a:0x609f5
$func562 @ 00284a2a:0x6ac4e
$func83 @ 00284a2a:0x16013
$func24 @ 00284a2a:0x5271
$func24 @ 00284a2a:0x51b1
$func556 @ 00284a2a:0x6a4c2
$func562 @ 00284a2a:0x6ac14
$func24 @ 00284a2a:0x3404
$func24 @ 00284a2a:0x5327
$func457 @ 00284a2a:0x609f5
$func562 @ 00284a2a:0x6ac4e
$func83 @ 00284a2a:0x16013
$func24 @ 00284a2a:0x5271
$func24 @ 00284a2a:0x51b1
$func24 @ 00284a2a:0x51b1
$func556 @ 00284a2a:0x6a4c2
$func562 @ 00284a2a:0x6ac14
$func24 @ 00284a2a:0x3404
$func24 @ 00284a2a:0x5327
$func457 @ 00284a2a:0x609f5
$func562 @ 00284a2a:0x6ac4e
$func83 @ 00284a2a:0x16013
$func24 @ 00284a2a:0x5271
$func24 @ 00284a2a:0x51b1
$func24 @ 00284a2a:0x51b1
$func556 @ 00284a2a:0x6a4c2
$func562 @ 00284a2a:0x6ac14
$func24 @ 00284a2a:0x3404
$func24 @ 00284a2a:0x5327
$func712 @ 00284a2a:0x7c38d
$X @ 00284a2a:0x7def0
E._QTS_ExecutePendingJob @ vendors~mg-plugin.3cc39455.js:1
A.executePendingJobs @ vendors~mg-plugin.3cc39455.js:1
(anonymous) @ app.2d024da3.js:1
Promise.then (async)
executePendingJobs @ app.2d024da3.js:1
i @ app.2d024da3.js:1
c @ app.2d024da3.js:1
Ms.handlePluginMessage @ app.2d024da3.js:1
i @ chunk-libs.8b5d8668.js:5
postMessage (async)
(anonymous) @ VM289 plugin-sandbox.html:7
postMessage (async)
send @ VM294:22
acknowledgeExportFile @ VM294:298
window.onmessage @ VM294:440
postMessage (async)
postMessage @ app.2d024da3.js:1
(anonymous) @ app.2d024da3.js:1
(anonymous) @ app.2d024da3.js:14
(anonymous) @ vendors~mg-plugin.3cc39455.js:1
A.withScope @ vendors~mg-plugin.3cc39455.js:1
A.cToHostCallbackFunction @ vendors~mg-plugin.3cc39455.js:1
A.cToHostCallbackFunction @ vendors~mg-plugin.3cc39455.js:1
$func806 @ 00284a2a:0x856b8
$func573 @ 00284a2a:0x6b75e
$func24 @ 00284a2a:0x3404
$func24 @ 00284a2a:0x5327
$func24 @ 00284a2a:0x51b1
$func556 @ 00284a2a:0x6a4c2
$func562 @ 00284a2a:0x6ac14
$func24 @ 00284a2a:0x3404
$func24 @ 00284a2a:0x5327
$func712 @ 00284a2a:0x7c38d
$X @ 00284a2a:0x7def0
E._QTS_ExecutePendingJob @ vendors~mg-plugin.3cc39455.js:1
A.executePendingJobs @ vendors~mg-plugin.3cc39455.js:1
(anonymous) @ app.2d024da3.js:1
Promise.then (async)
executePendingJobs @ app.2d024da3.js:1
i @ app.2d024da3.js:1
c @ app.2d024da3.js:1
Ms.handlePluginMessage @ app.2d024da3.js:1
i @ chunk-libs.8b5d8668.js:5
postMessage (async)
(anonymous) @ VM289 plugin-sandbox.html:7
postMessage (async)
send @ VM294:22
acknowledgeExportFile @ VM294:298
window.onmessage @ VM294:440
postMessage (async)
postMessage @ app.2d024da3.js:1
(anonymous) @ app.2d024da3.js:1
(anonymous) @ app.2d024da3.js:14
(anonymous) @ vendors~mg-plugin.3cc39455.js:1
A.withScope @ vendors~mg-plugin.3cc39455.js:1
A.cToHostCallbackFunction @ vendors~mg-plugin.3cc39455.js:1
A.cToHostCallbackFunction @ vendors~mg-plugin.3cc39455.js:1
$func806 @ 00284a2a:0x856b8
$func573 @ 00284a2a:0x6b75e
$func24 @ 00284a2a:0x3404
$func24 @ 00284a2a:0x5327
$func24 @ 00284a2a:0x51b1
$func556 @ 00284a2a:0x6a4c2
$func562 @ 00284a2a:0x6ac14
$func24 @ 00284a2a:0x3404
$func24 @ 00284a2a:0x5327
$func712 @ 00284a2a:0x7c38d
$X @ 00284a2a:0x7def0
E._QTS_ExecutePendingJob @ vendors~mg-plugin.3cc39455.js:1
A.executePendingJobs @ vendors~mg-plugin.3cc39455.js:1
(anonymous) @ app.2d024da3.js:1
Promise.then (async)
executePendingJobs @ app.2d024da3.js:1
(anonymous) @ app.2d024da3.js:1
i @ chunk-libs.8b5d8668.js:5
setTimeout (async)
(anonymous) @ chunk-libs.8b5d8668.js:5
(anonymous) @ app.2d024da3.js:1
(anonymous) @ vendors~mg-plugin.3cc39455.js:1
A.withScope @ vendors~mg-plugin.3cc39455.js:1
A.cToHostCallbackFunction @ vendors~mg-plugin.3cc39455.js:1
A.cToHostCallbackFunction @ vendors~mg-plugin.3cc39455.js:1
$func806 @ 00284a2a:0x856b8
$func573 @ 00284a2a:0x6b75e
$func24 @ 00284a2a:0x3404
$func24 @ 00284a2a:0x51b1
$func457 @ 00284a2a:0x609f5
$func562 @ 00284a2a:0x6ac4e
$func83 @ 00284a2a:0x16013
$func24 @ 00284a2a:0x5271
$func24 @ 00284a2a:0x51b1
$func556 @ 00284a2a:0x6a4c2
$func562 @ 00284a2a:0x6ac14
$func24 @ 00284a2a:0x3404
$func24 @ 00284a2a:0x5327
$func712 @ 00284a2a:0x7c38d
$X @ 00284a2a:0x7def0
E._QTS_ExecutePendingJob @ vendors~mg-plugin.3cc39455.js:1
A.executePendingJobs @ vendors~mg-plugin.3cc39455.js:1
(anonymous) @ app.2d024da3.js:1
Promise.then (async)
executePendingJobs @ app.2d024da3.js:1
i @ app.2d024da3.js:1
c @ app.2d024da3.js:1
Ms.handlePluginMessage @ app.2d024da3.js:1
i @ chunk-libs.8b5d8668.js:5
postMessage (async)
(anonymous) @ VM289 plugin-sandbox.html:7
postMessage (async)
send @ VM294:22
acknowledgeExportFile @ VM294:298
window.onmessage @ VM294:440
postMessage (async)
postMessage @ app.2d024da3.js:1
(anonymous) @ app.2d024da3.js:1
(anonymous) @ app.2d024da3.js:14
(anonymous) @ vendors~mg-plugin.3cc39455.js:1
A.withScope @ vendors~mg-plugin.3cc39455.js:1
A.cToHostCallbackFunction @ vendors~mg-plugin.3cc39455.js:1
A.cToHostCallbackFunction @ vendors~mg-plugin.3cc39455.js:1
$func806 @ 00284a2a:0x856b8
$func573 @ 00284a2a:0x6b75e
$func24 @ 00284a2a:0x3404
$func24 @ 00284a2a:0x5327
$func24 @ 00284a2a:0x51b1
$func556 @ 00284a2a:0x6a4c2
$func562 @ 00284a2a:0x6ac14
$func24 @ 00284a2a:0x3404
$func24 @ 00284a2a:0x5327
$func712 @ 00284a2a:0x7c38d
$X @ 00284a2a:0x7def0
E._QTS_ExecutePendingJob @ vendors~mg-plugin.3cc39455.js:1
A.executePendingJobs @ vendors~mg-plugin.3cc39455.js:1
(anonymous) @ app.2d024da3.js:1
chunk-libs.8b5d8668.js:127 [MasterGo2Figma] Node export failed {"phase":"append-record","error":{"kind":"Error","name":"InternalError","message":"out of memory","stack":"    at <anonymous> (eval.js:1352)\n    at next (native)\n    at <anonymous> (eval.js:9)\n    at Promise (native)\n    at <anonymous> (eval.js:10)\n    at flushLayerChunk (eval.js:1359)\n    at <anonymous> (eval.js:1330)\n    at next (native)\n    at <anonymous> (eval.js:9)\n    at Promise (native)\n    at <anonymous> (eval.js:10)\n    at appendLayerRecord (eval.js:1340)\n    at <anonymous> (eval.js:1100)\n    at next (native)\n    at fulfilled (eval.js)\n"},"node":{"id":"80:11377","name":"1.1k","type":"TEXT","width":18,"height":16},"page":"界面方案研究","parentId":"80:11375","index":1,"processedNodes":35036,"totalNodes":101323,"pageLayerCount":902,"transfer":{"transferId":"export-1779157709685-4691390705024092","filename":"mastergo2figma-partial-pages-part-003-of-010-界面方案研究-2026-05-19T02-28-29-685Z.zip","fileIndex":8,"postedChunks":95,"streamedBytes":1493896}}
(anonymous) @ chunk-libs.8b5d8668.js:127
(anonymous) @ app.2d024da3.js:1
(anonymous) @ vendors~mg-plugin.3cc39455.js:1
A.withScope @ vendors~mg-plugin.3cc39455.js:1
A.cToHostCallbackFunction @ vendors~mg-plugin.3cc39455.js:1
A.cToHostCallbackFunction @ vendors~mg-plugin.3cc39455.js:1
$func806 @ 00284a2a:0x856b8
$func573 @ 00284a2a:0x6b75e
$func24 @ 00284a2a:0x3404
$func24 @ 00284a2a:0x5327
$func24 @ 00284a2a:0x51b1
$func556 @ 00284a2a:0x6a4c2
$func562 @ 00284a2a:0x6ac14
$func24 @ 00284a2a:0x3404
$func24 @ 00284a2a:0x5327
$func712 @ 00284a2a:0x7c38d
$X @ 00284a2a:0x7def0
E._QTS_ExecutePendingJob @ vendors~mg-plugin.3cc39455.js:1
A.executePendingJobs @ vendors~mg-plugin.3cc39455.js:1
(anonymous) @ app.2d024da3.js:1
Promise.then (async)
executePendingJobs @ app.2d024da3.js:1
(anonymous) @ app.2d024da3.js:1
i @ chunk-libs.8b5d8668.js:5
setTimeout (async)
(anonymous) @ chunk-libs.8b5d8668.js:5
(anonymous) @ app.2d024da3.js:1
(anonymous) @ vendors~mg-plugin.3cc39455.js:1
A.withScope @ vendors~mg-plugin.3cc39455.js:1
A.cToHostCallbackFunction @ vendors~mg-plugin.3cc39455.js:1
A.cToHostCallbackFunction @ vendors~mg-plugin.3cc39455.js:1
$func806 @ 00284a2a:0x856b8
$func573 @ 00284a2a:0x6b75e
$func24 @ 00284a2a:0x3404
$func24 @ 00284a2a:0x51b1
$func457 @ 00284a2a:0x609f5
$func562 @ 00284a2a:0x6ac4e
$func83 @ 00284a2a:0x16013
$func24 @ 00284a2a:0x5271
$func24 @ 00284a2a:0x51b1
$func556 @ 00284a2a:0x6a4c2
$func562 @ 00284a2a:0x6ac14
$func24 @ 00284a2a:0x3404
$func24 @ 00284a2a:0x5327
$func712 @ 00284a2a:0x7c38d
$X @ 00284a2a:0x7def0
E._QTS_ExecutePendingJob @ vendors~mg-plugin.3cc39455.js:1
A.executePendingJobs @ vendors~mg-plugin.3cc39455.js:1
(anonymous) @ app.2d024da3.js:1
Promise.then (async)
executePendingJobs @ app.2d024da3.js:1
i @ app.2d024da3.js:1
c @ app.2d024da3.js:1
Ms.handlePluginMessage @ app.2d024da3.js:1
i @ chunk-libs.8b5d8668.js:5
postMessage (async)
(anonymous) @ VM289 plugin-sandbox.html:7
postMessage (async)
send @ VM294:22
acknowledgeExportFile @ VM294:298
window.onmessage @ VM294:440
postMessage (async)
postMessage @ app.2d024da3.js:1
(anonymous) @ app.2d024da3.js:1
(anonymous) @ app.2d024da3.js:14
(anonymous) @ vendors~mg-plugin.3cc39455.js:1
A.withScope @ vendors~mg-plugin.3cc39455.js:1
A.cToHostCallbackFunction @ vendors~mg-plugin.3cc39455.js:1
A.cToHostCallbackFunction @ vendors~mg-plugin.3cc39455.js:1
$func806 @ 00284a2a:0x856b8
$func573 @ 00284a2a:0x6b75e
$func24 @ 00284a2a:0x3404
$func24 @ 00284a2a:0x5327
$func24 @ 00284a2a:0x51b1
$func556 @ 00284a2a:0x6a4c2
$func562 @ 00284a2a:0x6ac14
$func24 @ 00284a2a:0x3404
$func24 @ 00284a2a:0x5327
$func712 @ 00284a2a:0x7c38d
$X @ 00284a2a:0x7def0
E._QTS_ExecutePendingJob @ vendors~mg-plugin.3cc39455.js:1
A.executePendingJobs @ vendors~mg-plugin.3cc39455.js:1
(anonymous) @ app.2d024da3.js:1
Promise.then (async)
executePendingJobs @ app.2d024da3.js:1
i @ app.2d024da3.js:1
c @ app.2d024da3.js:1
Ms.handlePluginMessage @ app.2d024da3.js:1
i @ chunk-libs.8b5d8668.js:5
postMessage (async)
(anonymous) @ VM289 plugin-sandbox.html:7
postMessage (async)
send @ VM294:22
acknowledgeExportFile @ VM294:298
window.onmessage @ VM294:440
postMessage (async)
postMessage @ app.2d024da3.js:1
(anonymous) @ app.2d024da3.js:1
(anonymous) @ app.2d024da3.js:14
(anonymous) @ vendors~mg-plugin.3cc39455.js:1
A.withScope @ vendors~mg-plugin.3cc39455.js:1
A.cToHostCallbackFunction @ vendors~mg-plugin.3cc39455.js:1
A.cToHostCallbackFunction @ vendors~mg-plugin.3cc39455.js:1
$func806 @ 00284a2a:0x856b8
$func573 @ 00284a2a:0x6b75e
$func24 @ 00284a2a:0x3404
$func24 @ 00284a2a:0x5327
$func24 @ 00284a2a:0x51b1
$func556 @ 00284a2a:0x6a4c2
$func562 @ 00284a2a:0x6ac14
$func24 @ 00284a2a:0x3404
$func24 @ 00284a2a:0x5327
$func712 @ 00284a2a:0x7c38d
$X @ 00284a2a:0x7def0
E._QTS_ExecutePendingJob @ vendors~mg-plugin.3cc39455.js:1
A.executePendingJobs @ vendors~mg-plugin.3cc39455.js:1
(anonymous) @ app.2d024da3.js:1
Promise.then (async)
executePendingJobs @ app.2d024da3.js:1
(anonymous) @ app.2d024da3.js:1
i @ chunk-libs.8b5d8668.js:5
setTimeout (async)
(anonymous) @ chunk-libs.8b5d8668.js:5
(anonymous) @ app.2d024da3.js:1
(anonymous) @ vendors~mg-plugin.3cc39455.js:1
A.withScope @ vendors~mg-plugin.3cc39455.js:1
A.cToHostCallbackFunction @ vendors~mg-plugin.3cc39455.js:1
A.cToHostCallbackFunction @ vendors~mg-plugin.3cc39455.js:1
$func806 @ 00284a2a:0x856b8
$func573 @ 00284a2a:0x6b75e
$func24 @ 00284a2a:0x3404
$func24 @ 00284a2a:0x51b1
$func457 @ 00284a2a:0x609f5
$func562 @ 00284a2a:0x6ac4e
$func83 @ 00284a2a:0x16013
$func24 @ 00284a2a:0x5271
$func24 @ 00284a2a:0x51b1
$func556 @ 00284a2a:0x6a4c2
$func562 @ 00284a2a:0x6ac14
$func24 @ 00284a2a:0x3404
$func24 @ 00284a2a:0x5327
$func712 @ 00284a2a:0x7c38d
$X @ 00284a2a:0x7def0
E._QTS_ExecutePendingJob @ vendors~mg-plugin.3cc39455.js:1
A.executePendingJobs @ vendors~mg-plugin.3cc39455.js:1
(anonymous) @ app.2d024da3.js:1
Promise.then (async)
executePendingJobs @ app.2d024da3.js:1
i @ app.2d024da3.js:1
c @ app.2d024da3.js:1
Ms.handlePluginMessage @ app.2d024da3.js:1
i @ chunk-libs.8b5d8668.js:5
postMessage (async)
(anonymous) @ VM289 plugin-sandbox.html:7
postMessage (async)
send @ VM294:22
acknowledgeExportFile @ VM294:298
window.onmessage @ VM294:440
postMessage (async)
postMessage @ app.2d024da3.js:1
(anonymous) @ app.2d024da3.js:1
(anonymous) @ app.2d024da3.js:14
(anonymous) @ vendors~mg-plugin.3cc39455.js:1
A.withScope @ vendors~mg-plugin.3cc39455.js:1
A.cToHostCallbackFunction @ vendors~mg-plugin.3cc39455.js:1
A.cToHostCallbackFunction @ vendors~mg-plugin.3cc39455.js:1
$func806 @ 00284a2a:0x856b8
$func573 @ 00284a2a:0x6b75e
$func24 @ 00284a2a:0x3404
$func24 @ 00284a2a:0x5327
$func24 @ 00284a2a:0x51b1
$func556 @ 00284a2a:0x6a4c2
$func562 @ 00284a2a:0x6ac14
$func24 @ 00284a2a:0x3404
$func24 @ 00284a2a:0x5327
$func712 @ 00284a2a:0x7c38d
$X @ 00284a2a:0x7def0
E._QTS_ExecutePendingJob @ vendors~mg-plugin.3cc39455.js:1
A.executePendingJobs @ vendors~mg-plugin.3cc39455.js:1
(anonymous) @ app.2d024da3.js:1
Promise.then (async)
executePendingJobs @ app.2d024da3.js:1
(anonymous) @ app.2d024da3.js:1
i @ chunk-libs.8b5d8668.js:5
setTimeout (async)
(anonymous) @ chunk-libs.8b5d8668.js:5
(anonymous) @ app.2d024da3.js:1
(anonymous) @ vendors~mg-plugin.3cc39455.js:1
A.withScope @ vendors~mg-plugin.3cc39455.js:1
A.cToHostCallbackFunction @ vendors~mg-plugin.3cc39455.js:1
A.cToHostCallbackFunction @ vendors~mg-plugin.3cc39455.js:1
$func806 @ 00284a2a:0x856b8
$func573 @ 00284a2a:0x6b75e
$func24 @ 00284a2a:0x3404
$func24 @ 00284a2a:0x51b1
$func457 @ 00284a2a:0x609f5
$func562 @ 00284a2a:0x6ac4e
$func83 @ 00284a2a:0x16013
$func24 @ 00284a2a:0x5271
$func24 @ 00284a2a:0x51b1
$func556 @ 00284a2a:0x6a4c2
$func562 @ 00284a2a:0x6ac14
$func24 @ 00284a2a:0x3404
$func24 @ 00284a2a:0x5327
$func457 @ 00284a2a:0x609f5
$func562 @ 00284a2a:0x6ac4e
$func83 @ 00284a2a:0x16013
$func24 @ 00284a2a:0x5271
$func24 @ 00284a2a:0x51b1
$func24 @ 00284a2a:0x51b1
$func556 @ 00284a2a:0x6a4c2
$func562 @ 00284a2a:0x6ac14
$func24 @ 00284a2a:0x3404
$func24 @ 00284a2a:0x5327
$func457 @ 00284a2a:0x609f5
$func562 @ 00284a2a:0x6ac4e
$func83 @ 00284a2a:0x16013
$func24 @ 00284a2a:0x5271
$func24 @ 00284a2a:0x51b1
$func24 @ 00284a2a:0x51b1
$func556 @ 00284a2a:0x6a4c2
$func562 @ 00284a2a:0x6ac14
$func24 @ 00284a2a:0x3404
$func24 @ 00284a2a:0x5327
$func712 @ 00284a2a:0x7c38d
$X @ 00284a2a:0x7def0
E._QTS_ExecutePendingJob @ vendors~mg-plugin.3cc39455.js:1
A.executePendingJobs @ vendors~mg-plugin.3cc39455.js:1
(anonymous) @ app.2d024da3.js:1
Promise.then (async)
executePendingJobs @ app.2d024da3.js:1
i @ app.2d024da3.js:1
c @ app.2d024da3.js:1
Ms.handlePluginMessage @ app.2d024da3.js:1
i @ chunk-libs.8b5d8668.js:5
postMessage (async)
(anonymous) @ VM289 plugin-sandbox.html:7
postMessage (async)
send @ VM294:22
acknowledgeExportFile @ VM294:298
window.onmessage @ VM294:440
postMessage (async)
postMessage @ app.2d024da3.js:1
(anonymous) @ app.2d024da3.js:1
(anonymous) @ app.2d024da3.js:14
(anonymous) @ vendors~mg-plugin.3cc39455.js:1
A.withScope @ vendors~mg-plugin.3cc39455.js:1
A.cToHostCallbackFunction @ vendors~mg-plugin.3cc39455.js:1
A.cToHostCallbackFunction @ vendors~mg-plugin.3cc39455.js:1
$func806 @ 00284a2a:0x856b8
$func573 @ 00284a2a:0x6b75e
$func24 @ 00284a2a:0x3404
$func24 @ 00284a2a:0x5327
$func24 @ 00284a2a:0x51b1
$func556 @ 00284a2a:0x6a4c2
$func562 @ 00284a2a:0x6ac14
$func24 @ 00284a2a:0x3404
$func24 @ 00284a2a:0x5327
$func712 @ 00284a2a:0x7c38d
$X @ 00284a2a:0x7def0
E._QTS_ExecutePendingJob @ vendors~mg-plugin.3cc39455.js:1
A.executePendingJobs @ vendors~mg-plugin.3cc39455.js:1
(anonymous) @ app.2d024da3.js:1
Promise.then (async)
executePendingJobs @ app.2d024da3.js:1
i @ app.2d024da3.js:1
c @ app.2d024da3.js:1
Ms.handlePluginMessage @ app.2d024da3.js:1
i @ chunk-libs.8b5d8668.js:5
postMessage (async)
(anonymous) @ VM289 plugin-sandbox.html:7
postMessage (async)
send @ VM294:22
acknowledgeExportFile @ VM294:298
window.onmessage @ VM294:440
postMessage (async)
postMessage @ app.2d024da3.js:1
(anonymous) @ app.2d024da3.js:1
(anonymous) @ app.2d024da3.js:14
(anonymous) @ vendors~mg-plugin.3cc39455.js:1
A.withScope @ vendors~mg-plugin.3cc39455.js:1
A.cToHostCallbackFunction @ vendors~mg-plugin.3cc39455.js:1
A.cToHostCallbackFunction @ vendors~mg-plugin.3cc39455.js:1
$func806 @ 00284a2a:0x856b8
$func573 @ 00284a2a:0x6b75e
$func24 @ 00284a2a:0x3404
$func24 @ 00284a2a:0x5327
$func24 @ 00284a2a:0x51b1
$func556 @ 00284a2a:0x6a4c2
$func562 @ 00284a2a:0x6ac14
$func24 @ 00284a2a:0x3404
$func24 @ 00284a2a:0x5327
$func712 @ 00284a2a:0x7c38d
$X @ 00284a2a:0x7def0
E._QTS_ExecutePendingJob @ vendors~mg-plugin.3cc39455.js:1
A.executePendingJobs @ vendors~mg-plugin.3cc39455.js:1
(anonymous) @ app.2d024da3.js:1
Promise.then (async)
executePendingJobs @ app.2d024da3.js:1
(anonymous) @ app.2d024da3.js:1
i @ chunk-libs.8b5d8668.js:5
setTimeout (async)
(anonymous) @ chunk-libs.8b5d8668.js:5
(anonymous) @ app.2d024da3.js:1
(anonymous) @ vendors~mg-plugin.3cc39455.js:1
A.withScope @ vendors~mg-plugin.3cc39455.js:1
A.cToHostCallbackFunction @ vendors~mg-plugin.3cc39455.js:1
A.cToHostCallbackFunction @ vendors~mg-plugin.3cc39455.js:1
$func806 @ 00284a2a:0x856b8
$func573 @ 00284a2a:0x6b75e
$func24 @ 00284a2a:0x3404
$func24 @ 00284a2a:0x51b1
$func457 @ 00284a2a:0x609f5
$func562 @ 00284a2a:0x6ac4e
$func83 @ 00284a2a:0x16013
$func24 @ 00284a2a:0x5271
$func24 @ 00284a2a:0x51b1
$func556 @ 00284a2a:0x6a4c2
$func562 @ 00284a2a:0x6ac14
$func24 @ 00284a2a:0x3404
$func24 @ 00284a2a:0x5327
$func712 @ 00284a2a:0x7c38d
$X @ 00284a2a:0x7def0
E._QTS_ExecutePendingJob @ vendors~mg-plugin.3cc39455.js:1
A.executePendingJobs @ vendors~mg-plugin.3cc39455.js:1
(anonymous) @ app.2d024da3.js:1
Promise.then (async)
executePendingJobs @ app.2d024da3.js:1
i @ app.2d024da3.js:1
c @ app.2d024da3.js:1
Ms.handlePluginMessage @ app.2d024da3.js:1
i @ chunk-libs.8b5d8668.js:5
postMessage (async)
(anonymous) @ VM289 plugin-sandbox.html:7
postMessage (async)
send @ VM294:22
acknowledgeExportFile @ VM294:298
window.onmessage @ VM294:440
postMessage (async)
postMessage @ app.2d024da3.js:1
(anonymous) @ app.2d024da3.js:1
(anonymous) @ app.2d024da3.js:14
(anonymous) @ vendors~mg-plugin.3cc39455.js:1
A.withScope @ vendors~mg-plugin.3cc39455.js:1
A.cToHostCallbackFunction @ vendors~mg-plugin.3cc39455.js:1
A.cToHostCallbackFunction @ vendors~mg-plugin.3cc39455.js:1
$func806 @ 00284a2a:0x856b8
$func573 @ 00284a2a:0x6b75e
$func24 @ 00284a2a:0x3404
$func24 @ 00284a2a:0x5327
$func24 @ 00284a2a:0x51b1
$func556 @ 00284a2a:0x6a4c2
$func562 @ 00284a2a:0x6ac14
$func24 @ 00284a2a:0x3404
$func24 @ 00284a2a:0x5327
$func712 @ 00284a2a:0x7c38d
$X @ 00284a2a:0x7def0
E._QTS_ExecutePendingJob @ vendors~mg-plugin.3cc39455.js:1
A.executePendingJobs @ vendors~mg-plugin.3cc39455.js:1
(anonymous) @ app.2d024da3.js:1
chunk-libs.8b5d8668.js:127 [MasterGo2Figma] Fallback node export failed {"phase":"append-record","originalError":{"kind":"Error","name":"InternalError","message":"out of memory","stack":"    at <anonymous> (eval.js:1352)\n    at next (native)\n    at <anonymous> (eval.js:9)\n    at Promise (native)\n    at <anonymous> (eval.js:10)\n    at flushLayerChunk (eval.js:1359)\n    at <anonymous> (eval.js:1330)\n    at next (native)\n    at <anonymous> (eval.js:9)\n    at Promise (native)\n    at <anonymous> (eval.js:10)\n    at appendLayerRecord (eval.js:1340)\n    at <anonymous> (eval.js:1100)\n    at next (native)\n    at fulfilled (eval.js)\n"},"fallbackError":{"kind":"Error","name":"InternalError","message":"out of memory","stack":"    at <anonymous> (eval.js:1352)\n    at next (native)\n    at <anonymous> (eval.js:9)\n    at Promise (native)\n    at <anonymous> (eval.js:10)\n    at flushLayerChunk (eval.js:1359)\n    at <anonymous> (eval.js:1330)\n    at next (native)\n    at <anonymous> (eval.js:9)\n    at Promise (native)\n    at <anonymous> (eval.js:10)\n    at appendLayerRecord (eval.js:1340)\n    at <anonymous> (eval.js:1172)\n    at next (native)\n    at <anonymous> (eval.js:9)\n    at Promise (native)\n    at <anonymous> (eval.js:10)\n    at appendFallbackLayerRecord (eval.js:1173)\n    at <anonymous> (eval.js:1139)\n    at throw (native)\n    at rejected (eval.js)\n"},"node":{"id":"80:11377","name":"1.1k","type":"TEXT","width":18,"height":16},"page":"界面方案研究","transfer":{"transferId":"export-1779157709685-4691390705024092","filename":"mastergo2figma-partial-pages-part-003-of-010-界面方案研究-2026-05-19T02-28-29-685Z.zip","fileIndex":8,"postedChunks":95,"streamedBytes":1493896}}
(anonymous) @ chunk-libs.8b5d8668.js:127
(anonymous) @ app.2d024da3.js:1
(anonymous) @ vendors~mg-plugin.3cc39455.js:1
A.withScope @ vendors~mg-plugin.3cc39455.js:1
A.cToHostCallbackFunction @ vendors~mg-plugin.3cc39455.js:1
A.cToHostCallbackFunction @ vendors~mg-plugin.3cc39455.js:1
$func806 @ 00284a2a:0x856b8
$func573 @ 00284a2a:0x6b75e
$func24 @ 00284a2a:0x3404
$func24 @ 00284a2a:0x5327
$func24 @ 00284a2a:0x51b1
$func556 @ 00284a2a:0x6a4c2
$func562 @ 00284a2a:0x6ac14
$func24 @ 00284a2a:0x3404
$func24 @ 00284a2a:0x5327
$func712 @ 00284a2a:0x7c38d
$X @ 00284a2a:0x7def0
E._QTS_ExecutePendingJob @ vendors~mg-plugin.3cc39455.js:1
A.executePendingJobs @ vendors~mg-plugin.3cc39455.js:1
(anonymous) @ app.2d024da3.js:1
Promise.then (async)
executePendingJobs @ app.2d024da3.js:1
(anonymous) @ app.2d024da3.js:1
i @ chunk-libs.8b5d8668.js:5
setTimeout (async)
(anonymous) @ chunk-libs.8b5d8668.js:5
(anonymous) @ app.2d024da3.js:1
(anonymous) @ vendors~mg-plugin.3cc39455.js:1
A.withScope @ vendors~mg-plugin.3cc39455.js:1
A.cToHostCallbackFunction @ vendors~mg-plugin.3cc39455.js:1
A.cToHostCallbackFunction @ vendors~mg-plugin.3cc39455.js:1
$func806 @ 00284a2a:0x856b8
$func573 @ 00284a2a:0x6b75e
$func24 @ 00284a2a:0x3404
$func24 @ 00284a2a:0x51b1
$func457 @ 00284a2a:0x609f5
$func562 @ 00284a2a:0x6ac4e
$func83 @ 00284a2a:0x16013
$func24 @ 00284a2a:0x5271
$func24 @ 00284a2a:0x51b1
$func556 @ 00284a2a:0x6a4c2
$func562 @ 00284a2a:0x6ac14
$func24 @ 00284a2a:0x3404
$func24 @ 00284a2a:0x5327
$func712 @ 00284a2a:0x7c38d
$X @ 00284a2a:0x7def0
E._QTS_ExecutePendingJob @ vendors~mg-plugin.3cc39455.js:1
A.executePendingJobs @ vendors~mg-plugin.3cc39455.js:1
(anonymous) @ app.2d024da3.js:1
Promise.then (async)
executePendingJobs @ app.2d024da3.js:1
i @ app.2d024da3.js:1
c @ app.2d024da3.js:1
Ms.handlePluginMessage @ app.2d024da3.js:1
i @ chunk-libs.8b5d8668.js:5
postMessage (async)
(anonymous) @ VM289 plugin-sandbox.html:7
postMessage (async)
send @ VM294:22
acknowledgeExportFile @ VM294:298
window.onmessage @ VM294:440
postMessage (async)
postMessage @ app.2d024da3.js:1
(anonymous) @ app.2d024da3.js:1
(anonymous) @ app.2d024da3.js:14
(anonymous) @ vendors~mg-plugin.3cc39455.js:1
A.withScope @ vendors~mg-plugin.3cc39455.js:1
A.cToHostCallbackFunction @ vendors~mg-plugin.3cc39455.js:1
A.cToHostCallbackFunction @ vendors~mg-plugin.3cc39455.js:1
$func806 @ 00284a2a:0x856b8
$func573 @ 00284a2a:0x6b75e
$func24 @ 00284a2a:0x3404
$func24 @ 00284a2a:0x5327
$func24 @ 00284a2a:0x51b1
$func556 @ 00284a2a:0x6a4c2
$func562 @ 00284a2a:0x6ac14
$func24 @ 00284a2a:0x3404
$func24 @ 00284a2a:0x5327
$func712 @ 00284a2a:0x7c38d
$X @ 00284a2a:0x7def0
E._QTS_ExecutePendingJob @ vendors~mg-plugin.3cc39455.js:1
A.executePendingJobs @ vendors~mg-plugin.3cc39455.js:1
(anonymous) @ app.2d024da3.js:1
Promise.then (async)
executePendingJobs @ app.2d024da3.js:1
i @ app.2d024da3.js:1
c @ app.2d024da3.js:1
Ms.handlePluginMessage @ app.2d024da3.js:1
i @ chunk-libs.8b5d8668.js:5
postMessage (async)
(anonymous) @ VM289 plugin-sandbox.html:7
postMessage (async)
send @ VM294:22
acknowledgeExportFile @ VM294:298
window.onmessage @ VM294:440
postMessage (async)
postMessage @ app.2d024da3.js:1
(anonymous) @ app.2d024da3.js:1
(anonymous) @ app.2d024da3.js:14
(anonymous) @ vendors~mg-plugin.3cc39455.js:1
A.withScope @ vendors~mg-plugin.3cc39455.js:1
A.cToHostCallbackFunction @ vendors~mg-plugin.3cc39455.js:1
A.cToHostCallbackFunction @ vendors~mg-plugin.3cc39455.js:1
$func806 @ 00284a2a:0x856b8
$func573 @ 00284a2a:0x6b75e
$func24 @ 00284a2a:0x3404
$func24 @ 00284a2a:0x5327
$func24 @ 00284a2a:0x51b1
$func556 @ 00284a2a:0x6a4c2
$func562 @ 00284a2a:0x6ac14
$func24 @ 00284a2a:0x3404
$func24 @ 00284a2a:0x5327
$func712 @ 00284a2a:0x7c38d
$X @ 00284a2a:0x7def0
E._QTS_ExecutePendingJob @ vendors~mg-plugin.3cc39455.js:1
A.executePendingJobs @ vendors~mg-plugin.3cc39455.js:1
(anonymous) @ app.2d024da3.js:1
Promise.then (async)
executePendingJobs @ app.2d024da3.js:1
(anonymous) @ app.2d024da3.js:1
i @ chunk-libs.8b5d8668.js:5
setTimeout (async)
(anonymous) @ chunk-libs.8b5d8668.js:5
(anonymous) @ app.2d024da3.js:1
(anonymous) @ vendors~mg-plugin.3cc39455.js:1
A.withScope @ vendors~mg-plugin.3cc39455.js:1
A.cToHostCallbackFunction @ vendors~mg-plugin.3cc39455.js:1
A.cToHostCallbackFunction @ vendors~mg-plugin.3cc39455.js:1
$func806 @ 00284a2a:0x856b8
$func573 @ 00284a2a:0x6b75e
$func24 @ 00284a2a:0x3404
$func24 @ 00284a2a:0x51b1
$func457 @ 00284a2a:0x609f5
$func562 @ 00284a2a:0x6ac4e
$func83 @ 00284a2a:0x16013
$func24 @ 00284a2a:0x5271
$func24 @ 00284a2a:0x51b1
$func556 @ 00284a2a:0x6a4c2
$func562 @ 00284a2a:0x6ac14
$func24 @ 00284a2a:0x3404
$func24 @ 00284a2a:0x5327
$func712 @ 00284a2a:0x7c38d
$X @ 00284a2a:0x7def0
E._QTS_ExecutePendingJob @ vendors~mg-plugin.3cc39455.js:1
A.executePendingJobs @ vendors~mg-plugin.3cc39455.js:1
(anonymous) @ app.2d024da3.js:1
Promise.then (async)
executePendingJobs @ app.2d024da3.js:1
i @ app.2d024da3.js:1
c @ app.2d024da3.js:1
Ms.handlePluginMessage @ app.2d024da3.js:1
i @ chunk-libs.8b5d8668.js:5
postMessage (async)
(anonymous) @ VM289 plugin-sandbox.html:7
postMessage (async)
send @ VM294:22
acknowledgeExportFile @ VM294:298
window.onmessage @ VM294:440
postMessage (async)
postMessage @ app.2d024da3.js:1
(anonymous) @ app.2d024da3.js:1
(anonymous) @ app.2d024da3.js:14
(anonymous) @ vendors~mg-plugin.3cc39455.js:1
A.withScope @ vendors~mg-plugin.3cc39455.js:1
A.cToHostCallbackFunction @ vendors~mg-plugin.3cc39455.js:1
A.cToHostCallbackFunction @ vendors~mg-plugin.3cc39455.js:1
$func806 @ 00284a2a:0x856b8
$func573 @ 00284a2a:0x6b75e
$func24 @ 00284a2a:0x3404
$func24 @ 00284a2a:0x5327
$func24 @ 00284a2a:0x51b1
$func556 @ 00284a2a:0x6a4c2
$func562 @ 00284a2a:0x6ac14
$func24 @ 00284a2a:0x3404
$func24 @ 00284a2a:0x5327
$func712 @ 00284a2a:0x7c38d
$X @ 00284a2a:0x7def0
E._QTS_ExecutePendingJob @ vendors~mg-plugin.3cc39455.js:1
A.executePendingJobs @ vendors~mg-plugin.3cc39455.js:1
(anonymous) @ app.2d024da3.js:1
Promise.then (async)
executePendingJobs @ app.2d024da3.js:1
(anonymous) @ app.2d024da3.js:1
i @ chunk-libs.8b5d8668.js:5
setTimeout (async)
(anonymous) @ chunk-libs.8b5d8668.js:5
(anonymous) @ app.2d024da3.js:1
(anonymous) @ vendors~mg-plugin.3cc39455.js:1
A.withScope @ vendors~mg-plugin.3cc39455.js:1
A.cToHostCallbackFunction @ vendors~mg-plugin.3cc39455.js:1
A.cToHostCallbackFunction @ vendors~mg-plugin.3cc39455.js:1
$func806 @ 00284a2a:0x856b8
$func573 @ 00284a2a:0x6b75e
$func24 @ 00284a2a:0x3404
$func24 @ 00284a2a:0x51b1
$func457 @ 00284a2a:0x609f5
$func562 @ 00284a2a:0x6ac4e
$func83 @ 00284a2a:0x16013
$func24 @ 00284a2a:0x5271
$func24 @ 00284a2a:0x51b1
$func556 @ 00284a2a:0x6a4c2
$func562 @ 00284a2a:0x6ac14
$func24 @ 00284a2a:0x3404
$func24 @ 00284a2a:0x5327
$func457 @ 00284a2a:0x609f5
$func562 @ 00284a2a:0x6ac4e
$func83 @ 00284a2a:0x16013
$func24 @ 00284a2a:0x5271
$func24 @ 00284a2a:0x51b1
$func24 @ 00284a2a:0x51b1
$func556 @ 00284a2a:0x6a4c2
$func562 @ 00284a2a:0x6ac14
$func24 @ 00284a2a:0x3404
$func24 @ 00284a2a:0x5327
$func457 @ 00284a2a:0x609f5
$func562 @ 00284a2a:0x6ac4e
$func83 @ 00284a2a:0x16013
$func24 @ 00284a2a:0x5271
$func24 @ 00284a2a:0x51b1
$func24 @ 00284a2a:0x51b1
$func556 @ 00284a2a:0x6a4c2
$func562 @ 00284a2a:0x6ac14
$func24 @ 00284a2a:0x3404
$func24 @ 00284a2a:0x5327
$func712 @ 00284a2a:0x7c38d
$X @ 00284a2a:0x7def0
E._QTS_ExecutePendingJob @ vendors~mg-plugin.3cc39455.js:1
A.executePendingJobs @ vendors~mg-plugin.3cc39455.js:1
(anonymous) @ app.2d024da3.js:1
Promise.then (async)
executePendingJobs @ app.2d024da3.js:1
i @ app.2d024da3.js:1
c @ app.2d024da3.js:1
Ms.handlePluginMessage @ app.2d024da3.js:1
i @ chunk-libs.8b5d8668.js:5
postMessage (async)
(anonymous) @ VM289 plugin-sandbox.html:7
postMessage (async)
send @ VM294:22
acknowledgeExportFile @ VM294:298
window.onmessage @ VM294:440
postMessage (async)
postMessage @ app.2d024da3.js:1
(anonymous) @ app.2d024da3.js:1
(anonymous) @ app.2d024da3.js:14
(anonymous) @ vendors~mg-plugin.3cc39455.js:1
A.withScope @ vendors~mg-plugin.3cc39455.js:1
A.cToHostCallbackFunction @ vendors~mg-plugin.3cc39455.js:1
A.cToHostCallbackFunction @ vendors~mg-plugin.3cc39455.js:1
$func806 @ 00284a2a:0x856b8
$func573 @ 00284a2a:0x6b75e
$func24 @ 00284a2a:0x3404
$func24 @ 00284a2a:0x5327
$func24 @ 00284a2a:0x51b1
$func556 @ 00284a2a:0x6a4c2
$func562 @ 00284a2a:0x6ac14
$func24 @ 00284a2a:0x3404
$func24 @ 00284a2a:0x5327
$func712 @ 00284a2a:0x7c38d
$X @ 00284a2a:0x7def0
E._QTS_ExecutePendingJob @ vendors~mg-plugin.3cc39455.js:1
A.executePendingJobs @ vendors~mg-plugin.3cc39455.js:1
(anonymous) @ app.2d024da3.js:1
Promise.then (async)
executePendingJobs @ app.2d024da3.js:1
i @ app.2d024da3.js:1
c @ app.2d024da3.js:1
Ms.handlePluginMessage @ app.2d024da3.js:1
i @ chunk-libs.8b5d8668.js:5
postMessage (async)
(anonymous) @ VM289 plugin-sandbox.html:7
postMessage (async)
send @ VM294:22
acknowledgeExportFile @ VM294:298
window.onmessage @ VM294:440
postMessage (async)
postMessage @ app.2d024da3.js:1
(anonymous) @ app.2d024da3.js:1
(anonymous) @ app.2d024da3.js:14
(anonymous) @ vendors~mg-plugin.3cc39455.js:1
A.withScope @ vendors~mg-plugin.3cc39455.js:1
A.cToHostCallbackFunction @ vendors~mg-plugin.3cc39455.js:1
A.cToHostCallbackFunction @ vendors~mg-plugin.3cc39455.js:1
$func806 @ 00284a2a:0x856b8
$func573 @ 00284a2a:0x6b75e
$func24 @ 00284a2a:0x3404
$func24 @ 00284a2a:0x5327
$func24 @ 00284a2a:0x51b1
$func556 @ 00284a2a:0x6a4c2
$func562 @ 00284a2a:0x6ac14
$func24 @ 00284a2a:0x3404
$func24 @ 00284a2a:0x5327
$func712 @ 00284a2a:0x7c38d
$X @ 00284a2a:0x7def0
E._QTS_ExecutePendingJob @ vendors~mg-plugin.3cc39455.js:1
A.executePendingJobs @ vendors~mg-plugin.3cc39455.js:1
(anonymous) @ app.2d024da3.js:1
Promise.then (async)
executePendingJobs @ app.2d024da3.js:1
(anonymous) @ app.2d024da3.js:1
i @ chunk-libs.8b5d8668.js:5
setTimeout (async)
(anonymous) @ chunk-libs.8b5d8668.js:5
(anonymous) @ app.2d024da3.js:1
(anonymous) @ vendors~mg-plugin.3cc39455.js:1
A.withScope @ vendors~mg-plugin.3cc39455.js:1
A.cToHostCallbackFunction @ vendors~mg-plugin.3cc39455.js:1
A.cToHostCallbackFunction @ vendors~mg-plugin.3cc39455.js:1
$func806 @ 00284a2a:0x856b8
$func573 @ 00284a2a:0x6b75e
$func24 @ 00284a2a:0x3404
$func24 @ 00284a2a:0x51b1
$func457 @ 00284a2a:0x609f5
$func562 @ 00284a2a:0x6ac4e
$func83 @ 00284a2a:0x16013
$func24 @ 00284a2a:0x5271
$func24 @ 00284a2a:0x51b1
$func556 @ 00284a2a:0x6a4c2
$func562 @ 00284a2a:0x6ac14
$func24 @ 00284a2a:0x3404
$func24 @ 00284a2a:0x5327
$func712 @ 00284a2a:0x7c38d
$X @ 00284a2a:0x7def0
E._QTS_ExecutePendingJob @ vendors~mg-plugin.3cc39455.js:1
A.executePendingJobs @ vendors~mg-plugin.3cc39455.js:1
(anonymous) @ app.2d024da3.js:1
Promise.then (async)
executePendingJobs @ app.2d024da3.js:1
i @ app.2d024da3.js:1
c @ app.2d024da3.js:1
Ms.handlePluginMessage @ app.2d024da3.js:1
i @ chunk-libs.8b5d8668.js:5
postMessage (async)
(anonymous) @ VM289 plugin-sandbox.html:7
postMessage (async)
send @ VM294:22
acknowledgeExportFile @ VM294:298
window.onmessage @ VM294:440
postMessage (async)
postMessage @ app.2d024da3.js:1
(anonymous) @ app.2d024da3.js:1
(anonymous) @ app.2d024da3.js:14
(anonymous) @ vendors~mg-plugin.3cc39455.js:1
A.withScope @ vendors~mg-plugin.3cc39455.js:1
A.cToHostCallbackFunction @ vendors~mg-plugin.3cc39455.js:1
A.cToHostCallbackFunction @ vendors~mg-plugin.3cc39455.js:1
$func806 @ 00284a2a:0x856b8
$func573 @ 00284a2a:0x6b75e
$func24 @ 00284a2a:0x3404
$func24 @ 00284a2a:0x5327
$func24 @ 00284a2a:0x51b1
$func556 @ 00284a2a:0x6a4c2
$func562 @ 00284a2a:0x6ac14
$func24 @ 00284a2a:0x3404
$func24 @ 00284a2a:0x5327
$func712 @ 00284a2a:0x7c38d
$X @ 00284a2a:0x7def0
E._QTS_ExecutePendingJob @ vendors~mg-plugin.3cc39455.js:1
A.executePendingJobs @ vendors~mg-plugin.3cc39455.js:1
(anonymous) @ app.2d024da3.js:1
chunk-libs.8b5d8668.js:127 [MasterGo2Figma] Node export failed {"phase":"children","error":{"kind":"Error","name":"InternalError","message":"out of memory","stack":"    at <anonymous> (eval.js:1352)\n    at next (native)\n    at <anonymous> (eval.js:9)\n    at Promise (native)\n    at <anonymous> (eval.js:10)\n    at flushLayerChunk (eval.js:1359)\n    at <anonymous> (eval.js:1330)\n    at next (native)\n    at <anonymous> (eval.js:9)\n    at Promise (native)\n    at <anonymous> (eval.js:10)\n    at appendLayerRecord (eval.js:1340)\n    at <anonymous> (eval.js:1172)\n    at next (native)\n    at <anonymous> (eval.js:9)\n    at Promise (native)\n    at <anonymous> (eval.js:10)\n    at appendFallbackLayerRecord (eval.js:1173)\n    at <anonymous> (eval.js:1139)\n    at throw (native)\n    at rejected (eval.js)\n"},"node":{"id":"80:11375","name":"容器 630","type":"FRAME","width":36,"height":16,"childCount":2},"page":"界面方案研究","parentId":"80:11374","index":0,"processedNodes":35036,"totalNodes":101323,"pageLayerCount":903,"transfer":{"transferId":"export-1779157709685-4691390705024092","filename":"mastergo2figma-partial-pages-part-003-of-010-界面方案研究-2026-05-19T02-28-29-685Z.zip","fileIndex":8,"postedChunks":95,"streamedBytes":1493896}}
(anonymous) @ chunk-libs.8b5d8668.js:127
(anonymous) @ app.2d024da3.js:1
(anonymous) @ vendors~mg-plugin.3cc39455.js:1
A.withScope @ vendors~mg-plugin.3cc39455.js:1
A.cToHostCallbackFunction @ vendors~mg-plugin.3cc39455.js:1
A.cToHostCallbackFunction @ vendors~mg-plugin.3cc39455.js:1
$func806 @ 00284a2a:0x856b8
$func573 @ 00284a2a:0x6b75e
$func24 @ 00284a2a:0x3404
$func24 @ 00284a2a:0x5327
$func24 @ 00284a2a:0x51b1
$func556 @ 00284a2a:0x6a4c2
$func562 @ 00284a2a:0x6ac14
$func24 @ 00284a2a:0x3404
$func24 @ 00284a2a:0x5327
$func712 @ 00284a2a:0x7c38d
$X @ 00284a2a:0x7def0
E._QTS_ExecutePendingJob @ vendors~mg-plugin.3cc39455.js:1
A.executePendingJobs @ vendors~mg-plugin.3cc39455.js:1
(anonymous) @ app.2d024da3.js:1
Promise.then (async)
executePendingJobs @ app.2d024da3.js:1
(anonymous) @ app.2d024da3.js:1
i @ chunk-libs.8b5d8668.js:5
setTimeout (async)
(anonymous) @ chunk-libs.8b5d8668.js:5
(anonymous) @ app.2d024da3.js:1
(anonymous) @ vendors~mg-plugin.3cc39455.js:1
A.withScope @ vendors~mg-plugin.3cc39455.js:1
A.cToHostCallbackFunction @ vendors~mg-plugin.3cc39455.js:1
A.cToHostCallbackFunction @ vendors~mg-plugin.3cc39455.js:1
$func806 @ 00284a2a:0x856b8
$func573 @ 00284a2a:0x6b75e
$func24 @ 00284a2a:0x3404
$func24 @ 00284a2a:0x51b1
$func457 @ 00284a2a:0x609f5
$func562 @ 00284a2a:0x6ac4e
$func83 @ 00284a2a:0x16013
$func24 @ 00284a2a:0x5271
$func24 @ 00284a2a:0x51b1
$func556 @ 00284a2a:0x6a4c2
$func562 @ 00284a2a:0x6ac14
$func24 @ 00284a2a:0x3404
$func24 @ 00284a2a:0x5327
$func712 @ 00284a2a:0x7c38d
$X @ 00284a2a:0x7def0
E._QTS_ExecutePendingJob @ vendors~mg-plugin.3cc39455.js:1
A.executePendingJobs @ vendors~mg-plugin.3cc39455.js:1
(anonymous) @ app.2d024da3.js:1
Promise.then (async)
executePendingJobs @ app.2d024da3.js:1
i @ app.2d024da3.js:1
c @ app.2d024da3.js:1
Ms.handlePluginMessage @ app.2d024da3.js:1
i @ chunk-libs.8b5d8668.js:5
postMessage (async)
(anonymous) @ VM289 plugin-sandbox.html:7
postMessage (async)
send @ VM294:22
acknowledgeExportFile @ VM294:298
window.onmessage @ VM294:440
postMessage (async)
postMessage @ app.2d024da3.js:1
(anonymous) @ app.2d024da3.js:1
(anonymous) @ app.2d024da3.js:14
(anonymous) @ vendors~mg-plugin.3cc39455.js:1
A.withScope @ vendors~mg-plugin.3cc39455.js:1
A.cToHostCallbackFunction @ vendors~mg-plugin.3cc39455.js:1
A.cToHostCallbackFunction @ vendors~mg-plugin.3cc39455.js:1
$func806 @ 00284a2a:0x856b8
$func573 @ 00284a2a:0x6b75e
$func24 @ 00284a2a:0x3404
$func24 @ 00284a2a:0x5327
$func24 @ 00284a2a:0x51b1
$func556 @ 00284a2a:0x6a4c2
$func562 @ 00284a2a:0x6ac14
$func24 @ 00284a2a:0x3404
$func24 @ 00284a2a:0x5327
$func712 @ 00284a2a:0x7c38d
$X @ 00284a2a:0x7def0
E._QTS_ExecutePendingJob @ vendors~mg-plugin.3cc39455.js:1
A.executePendingJobs @ vendors~mg-plugin.3cc39455.js:1
(anonymous) @ app.2d024da3.js:1
Promise.then (async)
executePendingJobs @ app.2d024da3.js:1
i @ app.2d024da3.js:1
c @ app.2d024da3.js:1
Ms.handlePluginMessage @ app.2d024da3.js:1
i @ chunk-libs.8b5d8668.js:5
postMessage (async)
(anonymous) @ VM289 plugin-sandbox.html:7
postMessage (async)
send @ VM294:22
acknowledgeExportFile @ VM294:298
window.onmessage @ VM294:440
postMessage (async)
postMessage @ app.2d024da3.js:1
(anonymous) @ app.2d024da3.js:1
(anonymous) @ app.2d024da3.js:14
(anonymous) @ vendors~mg-plugin.3cc39455.js:1
A.withScope @ vendors~mg-plugin.3cc39455.js:1
A.cToHostCallbackFunction @ vendors~mg-plugin.3cc39455.js:1
A.cToHostCallbackFunction @ vendors~mg-plugin.3cc39455.js:1
$func806 @ 00284a2a:0x856b8
$func573 @ 00284a2a:0x6b75e
$func24 @ 00284a2a:0x3404
$func24 @ 00284a2a:0x5327
$func24 @ 00284a2a:0x51b1
$func556 @ 00284a2a:0x6a4c2
$func562 @ 00284a2a:0x6ac14
$func24 @ 00284a2a:0x3404
$func24 @ 00284a2a:0x5327
$func712 @ 00284a2a:0x7c38d
$X @ 00284a2a:0x7def0
E._QTS_ExecutePendingJob @ vendors~mg-plugin.3cc39455.js:1
A.executePendingJobs @ vendors~mg-plugin.3cc39455.js:1
(anonymous) @ app.2d024da3.js:1
Promise.then (async)
executePendingJobs @ app.2d024da3.js:1
(anonymous) @ app.2d024da3.js:1
i @ chunk-libs.8b5d8668.js:5
setTimeout (async)
(anonymous) @ chunk-libs.8b5d8668.js:5
(anonymous) @ app.2d024da3.js:1
(anonymous) @ vendors~mg-plugin.3cc39455.js:1
A.withScope @ vendors~mg-plugin.3cc39455.js:1
A.cToHostCallbackFunction @ vendors~mg-plugin.3cc39455.js:1
A.cToHostCallbackFunction @ vendors~mg-plugin.3cc39455.js:1
$func806 @ 00284a2a:0x856b8
$func573 @ 00284a2a:0x6b75e
$func24 @ 00284a2a:0x3404
$func24 @ 00284a2a:0x51b1
$func457 @ 00284a2a:0x609f5
$func562 @ 00284a2a:0x6ac4e
$func83 @ 00284a2a:0x16013
$func24 @ 00284a2a:0x5271
$func24 @ 00284a2a:0x51b1
$func556 @ 00284a2a:0x6a4c2
$func562 @ 00284a2a:0x6ac14
$func24 @ 00284a2a:0x3404
$func24 @ 00284a2a:0x5327
$func712 @ 00284a2a:0x7c38d
$X @ 00284a2a:0x7def0
E._QTS_ExecutePendingJob @ vendors~mg-plugin.3cc39455.js:1
A.executePendingJobs @ vendors~mg-plugin.3cc39455.js:1
(anonymous) @ app.2d024da3.js:1
Promise.then (async)
executePendingJobs @ app.2d024da3.js:1
i @ app.2d024da3.js:1
c @ app.2d024da3.js:1
Ms.handlePluginMessage @ app.2d024da3.js:1
i @ chunk-libs.8b5d8668.js:5
postMessage (async)
(anonymous) @ VM289 plugin-sandbox.html:7
postMessage (async)
send @ VM294:22
acknowledgeExportFile @ VM294:298
window.onmessage @ VM294:440
postMessage (async)
postMessage @ app.2d024da3.js:1
(anonymous) @ app.2d024da3.js:1
(anonymous) @ app.2d024da3.js:14
(anonymous) @ vendors~mg-plugin.3cc39455.js:1
A.withScope @ vendors~mg-plugin.3cc39455.js:1
A.cToHostCallbackFunction @ vendors~mg-plugin.3cc39455.js:1
A.cToHostCallbackFunction @ vendors~mg-plugin.3cc39455.js:1
$func806 @ 00284a2a:0x856b8
$func573 @ 00284a2a:0x6b75e
$func24 @ 00284a2a:0x3404
$func24 @ 00284a2a:0x5327
$func24 @ 00284a2a:0x51b1
$func556 @ 00284a2a:0x6a4c2
$func562 @ 00284a2a:0x6ac14
$func24 @ 00284a2a:0x3404
$func24 @ 00284a2a:0x5327
$func712 @ 00284a2a:0x7c38d
$X @ 00284a2a:0x7def0
E._QTS_ExecutePendingJob @ vendors~mg-plugin.3cc39455.js:1
A.executePendingJobs @ vendors~mg-plugin.3cc39455.js:1
(anonymous) @ app.2d024da3.js:1
Promise.then (async)
executePendingJobs @ app.2d024da3.js:1
(anonymous) @ app.2d024da3.js:1
i @ chunk-libs.8b5d8668.js:5
setTimeout (async)
(anonymous) @ chunk-libs.8b5d8668.js:5
(anonymous) @ app.2d024da3.js:1
(anonymous) @ vendors~mg-plugin.3cc39455.js:1
A.withScope @ vendors~mg-plugin.3cc39455.js:1
A.cToHostCallbackFunction @ vendors~mg-plugin.3cc39455.js:1
A.cToHostCallbackFunction @ vendors~mg-plugin.3cc39455.js:1
$func806 @ 00284a2a:0x856b8
$func573 @ 00284a2a:0x6b75e
$func24 @ 00284a2a:0x3404
$func24 @ 00284a2a:0x51b1
$func457 @ 00284a2a:0x609f5
$func562 @ 00284a2a:0x6ac4e
$func83 @ 00284a2a:0x16013
$func24 @ 00284a2a:0x5271
$func24 @ 00284a2a:0x51b1
$func556 @ 00284a2a:0x6a4c2
$func562 @ 00284a2a:0x6ac14
$func24 @ 00284a2a:0x3404
$func24 @ 00284a2a:0x5327
$func457 @ 00284a2a:0x609f5
$func562 @ 00284a2a:0x6ac4e
$func83 @ 00284a2a:0x16013
$func24 @ 00284a2a:0x5271
$func24 @ 00284a2a:0x51b1
$func24 @ 00284a2a:0x51b1
$func556 @ 00284a2a:0x6a4c2
$func562 @ 00284a2a:0x6ac14
$func24 @ 00284a2a:0x3404
$func24 @ 00284a2a:0x5327
$func457 @ 00284a2a:0x609f5
$func562 @ 00284a2a:0x6ac4e
$func83 @ 00284a2a:0x16013
$func24 @ 00284a2a:0x5271
$func24 @ 00284a2a:0x51b1
$func24 @ 00284a2a:0x51b1
$func556 @ 00284a2a:0x6a4c2
$func562 @ 00284a2a:0x6ac14
$func24 @ 00284a2a:0x3404
$func24 @ 00284a2a:0x5327
$func712 @ 00284a2a:0x7c38d
$X @ 00284a2a:0x7def0
E._QTS_ExecutePendingJob @ vendors~mg-plugin.3cc39455.js:1
A.executePendingJobs @ vendors~mg-plugin.3cc39455.js:1
(anonymous) @ app.2d024da3.js:1
Promise.then (async)
executePendingJobs @ app.2d024da3.js:1
i @ app.2d024da3.js:1
c @ app.2d024da3.js:1
Ms.handlePluginMessage @ app.2d024da3.js:1
i @ chunk-libs.8b5d8668.js:5
postMessage (async)
(anonymous) @ VM289 plugin-sandbox.html:7
postMessage (async)
send @ VM294:22
acknowledgeExportFile @ VM294:298
window.onmessage @ VM294:440
postMessage (async)
postMessage @ app.2d024da3.js:1
(anonymous) @ app.2d024da3.js:1
(anonymous) @ app.2d024da3.js:14
(anonymous) @ vendors~mg-plugin.3cc39455.js:1
A.withScope @ vendors~mg-plugin.3cc39455.js:1
A.cToHostCallbackFunction @ vendors~mg-plugin.3cc39455.js:1
A.cToHostCallbackFunction @ vendors~mg-plugin.3cc39455.js:1
$func806 @ 00284a2a:0x856b8
$func573 @ 00284a2a:0x6b75e
$func24 @ 00284a2a:0x3404
$func24 @ 00284a2a:0x5327
$func24 @ 00284a2a:0x51b1
$func556 @ 00284a2a:0x6a4c2
$func562 @ 00284a2a:0x6ac14
$func24 @ 00284a2a:0x3404
$func24 @ 00284a2a:0x5327
$func712 @ 00284a2a:0x7c38d
$X @ 00284a2a:0x7def0
E._QTS_ExecutePendingJob @ vendors~mg-plugin.3cc39455.js:1
A.executePendingJobs @ vendors~mg-plugin.3cc39455.js:1
(anonymous) @ app.2d024da3.js:1
Promise.then (async)
executePendingJobs @ app.2d024da3.js:1
i @ app.2d024da3.js:1
c @ app.2d024da3.js:1
Ms.handlePluginMessage @ app.2d024da3.js:1
i @ chunk-libs.8b5d8668.js:5
postMessage (async)
(anonymous) @ VM289 plugin-sandbox.html:7
postMessage (async)
send @ VM294:22
acknowledgeExportFile @ VM294:298
window.onmessage @ VM294:440
postMessage (async)
postMessage @ app.2d024da3.js:1
(anonymous) @ app.2d024da3.js:1
(anonymous) @ app.2d024da3.js:14
(anonymous) @ vendors~mg-plugin.3cc39455.js:1
A.withScope @ vendors~mg-plugin.3cc39455.js:1
A.cToHostCallbackFunction @ vendors~mg-plugin.3cc39455.js:1
A.cToHostCallbackFunction @ vendors~mg-plugin.3cc39455.js:1
$func806 @ 00284a2a:0x856b8
$func573 @ 00284a2a:0x6b75e
$func24 @ 00284a2a:0x3404
$func24 @ 00284a2a:0x5327
$func24 @ 00284a2a:0x51b1
$func556 @ 00284a2a:0x6a4c2
$func562 @ 00284a2a:0x6ac14
$func24 @ 00284a2a:0x3404
$func24 @ 00284a2a:0x5327
$func712 @ 00284a2a:0x7c38d
$X @ 00284a2a:0x7def0
E._QTS_ExecutePendingJob @ vendors~mg-plugin.3cc39455.js:1
A.executePendingJobs @ vendors~mg-plugin.3cc39455.js:1
(anonymous) @ app.2d024da3.js:1
Promise.then (async)
executePendingJobs @ app.2d024da3.js:1
(anonymous) @ app.2d024da3.js:1
i @ chunk-libs.8b5d8668.js:5
setTimeout (async)
(anonymous) @ chunk-libs.8b5d8668.js:5
(anonymous) @ app.2d024da3.js:1
(anonymous) @ vendors~mg-plugin.3cc39455.js:1
A.withScope @ vendors~mg-plugin.3cc39455.js:1
A.cToHostCallbackFunction @ vendors~mg-plugin.3cc39455.js:1
A.cToHostCallbackFunction @ vendors~mg-plugin.3cc39455.js:1
$func806 @ 00284a2a:0x856b8
$func573 @ 00284a2a:0x6b75e
$func24 @ 00284a2a:0x3404
$func24 @ 00284a2a:0x51b1
$func457 @ 00284a2a:0x609f5
$func562 @ 00284a2a:0x6ac4e
$func83 @ 00284a2a:0x16013
$func24 @ 00284a2a:0x5271
$func24 @ 00284a2a:0x51b1
$func556 @ 00284a2a:0x6a4c2
$func562 @ 00284a2a:0x6ac14
$func24 @ 00284a2a:0x3404
$func24 @ 00284a2a:0x5327
$func712 @ 00284a2a:0x7c38d
$X @ 00284a2a:0x7def0
E._QTS_ExecutePendingJob @ vendors~mg-plugin.3cc39455.js:1
A.executePendingJobs @ vendors~mg-plugin.3cc39455.js:1
(anonymous) @ app.2d024da3.js:1
Promise.then (async)
executePendingJobs @ app.2d024da3.js:1
i @ app.2d024da3.js:1
c @ app.2d024da3.js:1
Ms.handlePluginMessage @ app.2d024da3.js:1
i @ chunk-libs.8b5d8668.js:5
postMessage (async)
(anonymous) @ VM289 plugin-sandbox.html:7
postMessage (async)
send @ VM294:22
acknowledgeExportFile @ VM294:298
window.onmessage @ VM294:440
postMessage (async)
postMessage @ app.2d024da3.js:1
(anonymous) @ app.2d024da3.js:1
(anonymous) @ app.2d024da3.js:14
(anonymous) @ vendors~mg-plugin.3cc39455.js:1
A.withScope @ vendors~mg-plugin.3cc39455.js:1
A.cToHostCallbackFunction @ vendors~mg-plugin.3cc39455.js:1
A.cToHostCallbackFunction @ vendors~mg-plugin.3cc39455.js:1
$func806 @ 00284a2a:0x856b8
$func573 @ 00284a2a:0x6b75e
$func24 @ 00284a2a:0x3404
$func24 @ 00284a2a:0x5327
$func24 @ 00284a2a:0x51b1
$func556 @ 00284a2a:0x6a4c2
$func562 @ 00284a2a:0x6ac14
$func24 @ 00284a2a:0x3404
$func24 @ 00284a2a:0x5327
$func712 @ 00284a2a:0x7c38d
$X @ 00284a2a:0x7def0
E._QTS_ExecutePendingJob @ vendors~mg-plugin.3cc39455.js:1
A.executePendingJobs @ vendors~mg-plugin.3cc39455.js:1
(anonymous) @ app.2d024da3.js:1
chunk-libs.8b5d8668.js:127 [MasterGo2Figma] Node export failed {"phase":"append-record","error":{"kind":"Error","name":"InternalError","message":"out of memory","stack":"    at <anonymous> (eval.js:1352)\n    at next (native)\n    at <anonymous> (eval.js:9)\n    at Promise (native)\n    at <anonymous> (eval.js:10)\n    at flushLayerChunk (eval.js:1359)\n    at <anonymous> (eval.js:1330)\n    at next (native)\n    at <anonymous> (eval.js:9)\n    at Promise (native)\n    at <anonymous> (eval.js:10)\n    at appendLayerRecord (eval.js:1340)\n    at <anonymous> (eval.js:1100)\n    at next (native)\n    at fulfilled (eval.js)\n"},"node":{"id":"80:11381","name":"容器 1324","type":"FRAME","width":42,"height":20,"childCount":1},"page":"界面方案研究","parentId":"80:11373","index":1,"processedNodes":35037,"totalNodes":101323,"pageLayerCount":904,"transfer":{"transferId":"export-1779157709685-4691390705024092","filename":"mastergo2figma-partial-pages-part-003-of-010-界面方案研究-2026-05-19T02-28-29-685Z.zip","fileIndex":8,"postedChunks":95,"streamedBytes":1493896}}
(anonymous) @ chunk-libs.8b5d8668.js:127
(anonymous) @ app.2d024da3.js:1
(anonymous) @ vendors~mg-plugin.3cc39455.js:1
A.withScope @ vendors~mg-plugin.3cc39455.js:1
A.cToHostCallbackFunction @ vendors~mg-plugin.3cc39455.js:1
A.cToHostCallbackFunction @ vendors~mg-plugin.3cc39455.js:1
$func806 @ 00284a2a:0x856b8
$func573 @ 00284a2a:0x6b75e
$func24 @ 00284a2a:0x3404
$func24 @ 00284a2a:0x5327
$func24 @ 00284a2a:0x51b1
$func556 @ 00284a2a:0x6a4c2
$func562 @ 00284a2a:0x6ac14
$func24 @ 00284a2a:0x3404
$func24 @ 00284a2a:0x5327
$func712 @ 00284a2a:0x7c38d
$X @ 00284a2a:0x7def0
E._QTS_ExecutePendingJob @ vendors~mg-plugin.3cc39455.js:1
A.executePendingJobs @ vendors~mg-plugin.3cc39455.js:1
(anonymous) @ app.2d024da3.js:1
Promise.then (async)
executePendingJobs @ app.2d024da3.js:1
(anonymous) @ app.2d024da3.js:1
i @ chunk-libs.8b5d8668.js:5
setTimeout (async)
(anonymous) @ chunk-libs.8b5d8668.js:5
(anonymous) @ app.2d024da3.js:1
(anonymous) @ vendors~mg-plugin.3cc39455.js:1
A.withScope @ vendors~mg-plugin.3cc39455.js:1
A.cToHostCallbackFunction @ vendors~mg-plugin.3cc39455.js:1
A.cToHostCallbackFunction @ vendors~mg-plugin.3cc39455.js:1
$func806 @ 00284a2a:0x856b8
$func573 @ 00284a2a:0x6b75e
$func24 @ 00284a2a:0x3404
$func24 @ 00284a2a:0x51b1
$func457 @ 00284a2a:0x609f5
$func562 @ 00284a2a:0x6ac4e
$func83 @ 00284a2a:0x16013
$func24 @ 00284a2a:0x5271
$func24 @ 00284a2a:0x51b1
$func556 @ 00284a2a:0x6a4c2
$func562 @ 00284a2a:0x6ac14
$func24 @ 00284a2a:0x3404
$func24 @ 00284a2a:0x5327
$func712 @ 00284a2a:0x7c38d
$X @ 00284a2a:0x7def0
E._QTS_ExecutePendingJob @ vendors~mg-plugin.3cc39455.js:1
A.executePendingJobs @ vendors~mg-plugin.3cc39455.js:1
(anonymous) @ app.2d024da3.js:1
Promise.then (async)
executePendingJobs @ app.2d024da3.js:1
i @ app.2d024da3.js:1
c @ app.2d024da3.js:1
Ms.handlePluginMessage @ app.2d024da3.js:1
i @ chunk-libs.8b5d8668.js:5
postMessage (async)
(anonymous) @ VM289 plugin-sandbox.html:7
postMessage (async)
send @ VM294:22
acknowledgeExportFile @ VM294:298
window.onmessage @ VM294:440
postMessage (async)
postMessage @ app.2d024da3.js:1
(anonymous) @ app.2d024da3.js:1
(anonymous) @ app.2d024da3.js:14
(anonymous) @ vendors~mg-plugin.3cc39455.js:1
A.withScope @ vendors~mg-plugin.3cc39455.js:1
A.cToHostCallbackFunction @ vendors~mg-plugin.3cc39455.js:1
A.cToHostCallbackFunction @ vendors~mg-plugin.3cc39455.js:1
$func806 @ 00284a2a:0x856b8
$func573 @ 00284a2a:0x6b75e
$func24 @ 00284a2a:0x3404
$func24 @ 00284a2a:0x5327
$func24 @ 00284a2a:0x51b1
$func556 @ 00284a2a:0x6a4c2
$func562 @ 00284a2a:0x6ac14
$func24 @ 00284a2a:0x3404
$func24 @ 00284a2a:0x5327
$func712 @ 00284a2a:0x7c38d
$X @ 00284a2a:0x7def0
E._QTS_ExecutePendingJob @ vendors~mg-plugin.3cc39455.js:1
A.executePendingJobs @ vendors~mg-plugin.3cc39455.js:1
(anonymous) @ app.2d024da3.js:1
Promise.then (async)
executePendingJobs @ app.2d024da3.js:1
i @ app.2d024da3.js:1
c @ app.2d024da3.js:1
Ms.handlePluginMessage @ app.2d024da3.js:1
i @ chunk-libs.8b5d8668.js:5
postMessage (async)
(anonymous) @ VM289 plugin-sandbox.html:7
postMessage (async)
send @ VM294:22
acknowledgeExportFile @ VM294:298
window.onmessage @ VM294:440
postMessage (async)
postMessage @ app.2d024da3.js:1
(anonymous) @ app.2d024da3.js:1
(anonymous) @ app.2d024da3.js:14
(anonymous) @ vendors~mg-plugin.3cc39455.js:1
A.withScope @ vendors~mg-plugin.3cc39455.js:1
A.cToHostCallbackFunction @ vendors~mg-plugin.3cc39455.js:1
A.cToHostCallbackFunction @ vendors~mg-plugin.3cc39455.js:1
$func806 @ 00284a2a:0x856b8
$func573 @ 00284a2a:0x6b75e
$func24 @ 00284a2a:0x3404
$func24 @ 00284a2a:0x5327
$func24 @ 00284a2a:0x51b1
$func556 @ 00284a2a:0x6a4c2
$func562 @ 00284a2a:0x6ac14
$func24 @ 00284a2a:0x3404
$func24 @ 00284a2a:0x5327
$func712 @ 00284a2a:0x7c38d
$X @ 00284a2a:0x7def0
E._QTS_ExecutePendingJob @ vendors~mg-plugin.3cc39455.js:1
A.executePendingJobs @ vendors~mg-plugin.3cc39455.js:1
(anonymous) @ app.2d024da3.js:1
Promise.then (async)
executePendingJobs @ app.2d024da3.js:1
(anonymous) @ app.2d024da3.js:1
i @ chunk-libs.8b5d8668.js:5
setTimeout (async)
(anonymous) @ chunk-libs.8b5d8668.js:5
(anonymous) @ app.2d024da3.js:1
(anonymous) @ vendors~mg-plugin.3cc39455.js:1
A.withScope @ vendors~mg-plugin.3cc39455.js:1
A.cToHostCallbackFunction @ vendors~mg-plugin.3cc39455.js:1
A.cToHostCallbackFunction @ vendors~mg-plugin.3cc39455.js:1
$func806 @ 00284a2a:0x856b8
$func573 @ 00284a2a:0x6b75e
$func24 @ 00284a2a:0x3404
$func24 @ 00284a2a:0x51b1
$func457 @ 00284a2a:0x609f5
$func562 @ 00284a2a:0x6ac4e
$func83 @ 00284a2a:0x16013
$func24 @ 00284a2a:0x5271
$func24 @ 00284a2a:0x51b1
$func556 @ 00284a2a:0x6a4c2
$func562 @ 00284a2a:0x6ac14
$func24 @ 00284a2a:0x3404
$func24 @ 00284a2a:0x5327
$func712 @ 00284a2a:0x7c38d
$X @ 00284a2a:0x7def0
E._QTS_ExecutePendingJob @ vendors~mg-plugin.3cc39455.js:1
A.executePendingJobs @ vendors~mg-plugin.3cc39455.js:1
(anonymous) @ app.2d024da3.js:1
Promise.then (async)
executePendingJobs @ app.2d024da3.js:1
i @ app.2d024da3.js:1
c @ app.2d024da3.js:1
Ms.handlePluginMessage @ app.2d024da3.js:1
i @ chunk-libs.8b5d8668.js:5
postMessage (async)
(anonymous) @ VM289 plugin-sandbox.html:7
postMessage (async)
send @ VM294:22
acknowledgeExportFile @ VM294:298
window.onmessage @ VM294:440
postMessage (async)
postMessage @ app.2d024da3.js:1
(anonymous) @ app.2d024da3.js:1
(anonymous) @ app.2d024da3.js:14
(anonymous) @ vendors~mg-plugin.3cc39455.js:1
A.withScope @ vendors~mg-plugin.3cc39455.js:1
A.cToHostCallbackFunction @ vendors~mg-plugin.3cc39455.js:1
A.cToHostCallbackFunction @ vendors~mg-plugin.3cc39455.js:1
$func806 @ 00284a2a:0x856b8
$func573 @ 00284a2a:0x6b75e
$func24 @ 00284a2a:0x3404
$func24 @ 00284a2a:0x5327
$func24 @ 00284a2a:0x51b1
$func556 @ 00284a2a:0x6a4c2
$func562 @ 00284a2a:0x6ac14
$func24 @ 00284a2a:0x3404
$func24 @ 00284a2a:0x5327
$func712 @ 00284a2a:0x7c38d
$X @ 00284a2a:0x7def0
E._QTS_ExecutePendingJob @ vendors~mg-plugin.3cc39455.js:1
A.executePendingJobs @ vendors~mg-plugin.3cc39455.js:1
(anonymous) @ app.2d024da3.js:1
Promise.then (async)
executePendingJobs @ app.2d024da3.js:1
(anonymous) @ app.2d024da3.js:1
i @ chunk-libs.8b5d8668.js:5
setTimeout (async)
(anonymous) @ chunk-libs.8b5d8668.js:5
(anonymous) @ app.2d024da3.js:1
(anonymous) @ vendors~mg-plugin.3cc39455.js:1
A.withScope @ vendors~mg-plugin.3cc39455.js:1
A.cToHostCallbackFunction @ vendors~mg-plugin.3cc39455.js:1
A.cToHostCallbackFunction @ vendors~mg-plugin.3cc39455.js:1
$func806 @ 00284a2a:0x856b8
$func573 @ 00284a2a:0x6b75e
$func24 @ 00284a2a:0x3404
$func24 @ 00284a2a:0x51b1
$func457 @ 00284a2a:0x609f5
$func562 @ 00284a2a:0x6ac4e
$func83 @ 00284a2a:0x16013
$func24 @ 00284a2a:0x5271
$func24 @ 00284a2a:0x51b1
$func556 @ 00284a2a:0x6a4c2
$func562 @ 00284a2a:0x6ac14
$func24 @ 00284a2a:0x3404
$func24 @ 00284a2a:0x5327
$func457 @ 00284a2a:0x609f5
$func562 @ 00284a2a:0x6ac4e
$func83 @ 00284a2a:0x16013
$func24 @ 00284a2a:0x5271
$func24 @ 00284a2a:0x51b1
$func24 @ 00284a2a:0x51b1
$func556 @ 00284a2a:0x6a4c2
$func562 @ 00284a2a:0x6ac14
$func24 @ 00284a2a:0x3404
$func24 @ 00284a2a:0x5327
$func457 @ 00284a2a:0x609f5
$func562 @ 00284a2a:0x6ac4e
$func83 @ 00284a2a:0x16013
$func24 @ 00284a2a:0x5271
$func24 @ 00284a2a:0x51b1
$func24 @ 00284a2a:0x51b1
$func556 @ 00284a2a:0x6a4c2
$func562 @ 00284a2a:0x6ac14
$func24 @ 00284a2a:0x3404
$func24 @ 00284a2a:0x5327
$func712 @ 00284a2a:0x7c38d
$X @ 00284a2a:0x7def0
E._QTS_ExecutePendingJob @ vendors~mg-plugin.3cc39455.js:1
A.executePendingJobs @ vendors~mg-plugin.3cc39455.js:1
(anonymous) @ app.2d024da3.js:1
Promise.then (async)
executePendingJobs @ app.2d024da3.js:1
i @ app.2d024da3.js:1
c @ app.2d024da3.js:1
Ms.handlePluginMessage @ app.2d024da3.js:1
i @ chunk-libs.8b5d8668.js:5
postMessage (async)
(anonymous) @ VM289 plugin-sandbox.html:7
postMessage (async)
send @ VM294:22
acknowledgeExportFile @ VM294:298
window.onmessage @ VM294:440
postMessage (async)
postMessage @ app.2d024da3.js:1
(anonymous) @ app.2d024da3.js:1
(anonymous) @ app.2d024da3.js:14
(anonymous) @ vendors~mg-plugin.3cc39455.js:1
A.withScope @ vendors~mg-plugin.3cc39455.js:1
A.cToHostCallbackFunction @ vendors~mg-plugin.3cc39455.js:1
A.cToHostCallbackFunction @ vendors~mg-plugin.3cc39455.js:1
$func806 @ 00284a2a:0x856b8
$func573 @ 00284a2a:0x6b75e
$func24 @ 00284a2a:0x3404
$func24 @ 00284a2a:0x5327
$func24 @ 00284a2a:0x51b1
$func556 @ 00284a2a:0x6a4c2
$func562 @ 00284a2a:0x6ac14
$func24 @ 00284a2a:0x3404
$func24 @ 00284a2a:0x5327
$func712 @ 00284a2a:0x7c38d
$X @ 00284a2a:0x7def0
E._QTS_ExecutePendingJob @ vendors~mg-plugin.3cc39455.js:1
A.executePendingJobs @ vendors~mg-plugin.3cc39455.js:1
(anonymous) @ app.2d024da3.js:1
Promise.then (async)
executePendingJobs @ app.2d024da3.js:1
i @ app.2d024da3.js:1
c @ app.2d024da3.js:1
Ms.handlePluginMessage @ app.2d024da3.js:1
i @ chunk-libs.8b5d8668.js:5
postMessage (async)
(anonymous) @ VM289 plugin-sandbox.html:7
postMessage (async)
send @ VM294:22
acknowledgeExportFile @ VM294:298
window.onmessage @ VM294:440
postMessage (async)
postMessage @ app.2d024da3.js:1
(anonymous) @ app.2d024da3.js:1
(anonymous) @ app.2d024da3.js:14
(anonymous) @ vendors~mg-plugin.3cc39455.js:1
A.withScope @ vendors~mg-plugin.3cc39455.js:1
A.cToHostCallbackFunction @ vendors~mg-plugin.3cc39455.js:1
A.cToHostCallbackFunction @ vendors~mg-plugin.3cc39455.js:1
$func806 @ 00284a2a:0x856b8
$func573 @ 00284a2a:0x6b75e
$func24 @ 00284a2a:0x3404
$func24 @ 00284a2a:0x5327
$func24 @ 00284a2a:0x51b1
$func556 @ 00284a2a:0x6a4c2
$func562 @ 00284a2a:0x6ac14
$func24 @ 00284a2a:0x3404
$func24 @ 00284a2a:0x5327
$func712 @ 00284a2a:0x7c38d
$X @ 00284a2a:0x7def0
E._QTS_ExecutePendingJob @ vendors~mg-plugin.3cc39455.js:1
A.executePendingJobs @ vendors~mg-plugin.3cc39455.js:1
(anonymous) @ app.2d024da3.js:1
Promise.then (async)
executePendingJobs @ app.2d024da3.js:1
(anonymous) @ app.2d024da3.js:1
i @ chunk-libs.8b5d8668.js:5
setTimeout (async)
(anonymous) @ chunk-libs.8b5d8668.js:5
(anonymous) @ app.2d024da3.js:1
(anonymous) @ vendors~mg-plugin.3cc39455.js:1
A.withScope @ vendors~mg-plugin.3cc39455.js:1
A.cToHostCallbackFunction @ vendors~mg-plugin.3cc39455.js:1
A.cToHostCallbackFunction @ vendors~mg-plugin.3cc39455.js:1
$func806 @ 00284a2a:0x856b8
$func573 @ 00284a2a:0x6b75e
$func24 @ 00284a2a:0x3404
$func24 @ 00284a2a:0x51b1
$func457 @ 00284a2a:0x609f5
$func562 @ 00284a2a:0x6ac4e
$func83 @ 00284a2a:0x16013
$func24 @ 00284a2a:0x5271
$func24 @ 00284a2a:0x51b1
$func556 @ 00284a2a:0x6a4c2
$func562 @ 00284a2a:0x6ac14
$func24 @ 00284a2a:0x3404
$func24 @ 00284a2a:0x5327
$func712 @ 00284a2a:0x7c38d
$X @ 00284a2a:0x7def0
E._QTS_ExecutePendingJob @ vendors~mg-plugin.3cc39455.js:1
A.executePendingJobs @ vendors~mg-plugin.3cc39455.js:1
(anonymous) @ app.2d024da3.js:1
Promise.then (async)
executePendingJobs @ app.2d024da3.js:1
i @ app.2d024da3.js:1
c @ app.2d024da3.js:1
Ms.handlePluginMessage @ app.2d024da3.js:1
i @ chunk-libs.8b5d8668.js:5
postMessage (async)
(anonymous) @ VM289 plugin-sandbox.html:7
postMessage (async)
send @ VM294:22
acknowledgeExportFile @ VM294:298
window.onmessage @ VM294:440
postMessage (async)
postMessage @ app.2d024da3.js:1
(anonymous) @ app.2d024da3.js:1
(anonymous) @ app.2d024da3.js:14
(anonymous) @ vendors~mg-plugin.3cc39455.js:1
A.withScope @ vendors~mg-plugin.3cc39455.js:1
A.cToHostCallbackFunction @ vendors~mg-plugin.3cc39455.js:1
A.cToHostCallbackFunction @ vendors~mg-plugin.3cc39455.js:1
$func806 @ 00284a2a:0x856b8
$func573 @ 00284a2a:0x6b75e
$func24 @ 00284a2a:0x3404
$func24 @ 00284a2a:0x5327
$func24 @ 00284a2a:0x51b1
$func556 @ 00284a2a:0x6a4c2
$func562 @ 00284a2a:0x6ac14
$func24 @ 00284a2a:0x3404
$func24 @ 00284a2a:0x5327
$func712 @ 00284a2a:0x7c38d
$X @ 00284a2a:0x7def0
E._QTS_ExecutePendingJob @ vendors~mg-plugin.3cc39455.js:1
A.executePendingJobs @ vendors~mg-plugin.3cc39455.js:1
(anonymous) @ app.2d024da3.js:1
chunk-libs.8b5d8668.js:127 [MasterGo2Figma] Fallback node export failed {"phase":"append-record","originalError":{"kind":"Error","name":"InternalError","message":"out of memory","stack":"    at <anonymous> (eval.js:1352)\n    at next (native)\n    at <anonymous> (eval.js:9)\n    at Promise (native)\n    at <anonymous> (eval.js:10)\n    at flushLayerChunk (eval.js:1359)\n    at <anonymous> (eval.js:1330)\n    at next (native)\n    at <anonymous> (eval.js:9)\n    at Promise (native)\n    at <anonymous> (eval.js:10)\n    at appendLayerRecord (eval.js:1340)\n    at <anonymous> (eval.js:1100)\n    at next (native)\n    at fulfilled (eval.js)\n"},"fallbackError":{"kind":"Error","name":"InternalError","message":"out of memory","stack":"    at <anonymous> (eval.js:1352)\n    at next (native)\n    at <anonymous> (eval.js:9)\n    at Promise (native)\n    at <anonymous> (eval.js:10)\n    at flushLayerChunk (eval.js:1359)\n    at <anonymous> (eval.js:1330)\n    at next (native)\n    at <anonymous> (eval.js:9)\n    at Promise (native)\n    at <anonymous> (eval.js:10)\n    at appendLayerRecord (eval.js:1340)\n    at <anonymous> (eval.js:1172)\n    at next (native)\n    at <anonymous> (eval.js:9)\n    at Promise (native)\n    at <anonymous> (eval.js:10)\n    at appendFallbackLayerRecord (eval.js:1173)\n    at <anonymous> (eval.js:1139)\n    at throw (native)\n    at rejected (eval.js)\n"},"node":{"id":"80:11381","name":"容器 1324","type":"FRAME","width":42,"height":20,"childCount":1},"page":"界面方案研究","transfer":{"transferId":"export-1779157709685-4691390705024092","filename":"mastergo2figma-partial-pages-part-003-of-010-界面方案研究-2026-05-19T02-28-29-685Z.zip","fileIndex":8,"postedChunks":95,"streamedBytes":1493896}}
(anonymous) @ chunk-libs.8b5d8668.js:127
(anonymous) @ app.2d024da3.js:1
(anonymous) @ vendors~mg-plugin.3cc39455.js:1
A.withScope @ vendors~mg-plugin.3cc39455.js:1
A.cToHostCallbackFunction @ vendors~mg-plugin.3cc39455.js:1
A.cToHostCallbackFunction @ vendors~mg-plugin.3cc39455.js:1
$func806 @ 00284a2a:0x856b8
$func573 @ 00284a2a:0x6b75e
$func24 @ 00284a2a:0x3404
$func24 @ 00284a2a:0x5327
$func24 @ 00284a2a:0x51b1
$func556 @ 00284a2a:0x6a4c2
$func562 @ 00284a2a:0x6ac14
$func24 @ 00284a2a:0x3404
$func24 @ 00284a2a:0x5327
$func712 @ 00284a2a:0x7c38d
$X @ 00284a2a:0x7def0
E._QTS_ExecutePendingJob @ vendors~mg-plugin.3cc39455.js:1
A.executePendingJobs @ vendors~mg-plugin.3cc39455.js:1
(anonymous) @ app.2d024da3.js:1
Promise.then (async)
executePendingJobs @ app.2d024da3.js:1
(anonymous) @ app.2d024da3.js:1
i @ chunk-libs.8b5d8668.js:5
setTimeout (async)
(anonymous) @ chunk-libs.8b5d8668.js:5
(anonymous) @ app.2d024da3.js:1
(anonymous) @ vendors~mg-plugin.3cc39455.js:1
A.withScope @ vendors~mg-plugin.3cc39455.js:1
A.cToHostCallbackFunction @ vendors~mg-plugin.3cc39455.js:1
A.cToHostCallbackFunction @ vendors~mg-plugin.3cc39455.js:1
$func806 @ 00284a2a:0x856b8
$func573 @ 00284a2a:0x6b75e
$func24 @ 00284a2a:0x3404
$func24 @ 00284a2a:0x51b1
$func457 @ 00284a2a:0x609f5
$func562 @ 00284a2a:0x6ac4e
$func83 @ 00284a2a:0x16013
$func24 @ 00284a2a:0x5271
$func24 @ 00284a2a:0x51b1
$func556 @ 00284a2a:0x6a4c2
$func562 @ 00284a2a:0x6ac14
$func24 @ 00284a2a:0x3404
$func24 @ 00284a2a:0x5327
$func712 @ 00284a2a:0x7c38d
$X @ 00284a2a:0x7def0
E._QTS_ExecutePendingJob @ vendors~mg-plugin.3cc39455.js:1
A.executePendingJobs @ vendors~mg-plugin.3cc39455.js:1
(anonymous) @ app.2d024da3.js:1
Promise.then (async)
executePendingJobs @ app.2d024da3.js:1
i @ app.2d024da3.js:1
c @ app.2d024da3.js:1
Ms.handlePluginMessage @ app.2d024da3.js:1
i @ chunk-libs.8b5d8668.js:5
postMessage (async)
(anonymous) @ VM289 plugin-sandbox.html:7
postMessage (async)
send @ VM294:22
acknowledgeExportFile @ VM294:298
window.onmessage @ VM294:440
postMessage (async)
postMessage @ app.2d024da3.js:1
(anonymous) @ app.2d024da3.js:1
(anonymous) @ app.2d024da3.js:14
(anonymous) @ vendors~mg-plugin.3cc39455.js:1
A.withScope @ vendors~mg-plugin.3cc39455.js:1
A.cToHostCallbackFunction @ vendors~mg-plugin.3cc39455.js:1
A.cToHostCallbackFunction @ vendors~mg-plugin.3cc39455.js:1
$func806 @ 00284a2a:0x856b8
$func573 @ 00284a2a:0x6b75e
$func24 @ 00284a2a:0x3404
$func24 @ 00284a2a:0x5327
$func24 @ 00284a2a:0x51b1
$func556 @ 00284a2a:0x6a4c2
$func562 @ 00284a2a:0x6ac14
$func24 @ 00284a2a:0x3404
$func24 @ 00284a2a:0x5327
$func712 @ 00284a2a:0x7c38d
$X @ 00284a2a:0x7def0
E._QTS_ExecutePendingJob @ vendors~mg-plugin.3cc39455.js:1
A.executePendingJobs @ vendors~mg-plugin.3cc39455.js:1
(anonymous) @ app.2d024da3.js:1
Promise.then (async)
executePendingJobs @ app.2d024da3.js:1
i @ app.2d024da3.js:1
c @ app.2d024da3.js:1
Ms.handlePluginMessage @ app.2d024da3.js:1
i @ chunk-libs.8b5d8668.js:5
postMessage (async)
(anonymous) @ VM289 plugin-sandbox.html:7
postMessage (async)
send @ VM294:22
acknowledgeExportFile @ VM294:298
window.onmessage @ VM294:440
postMessage (async)
postMessage @ app.2d024da3.js:1
(anonymous) @ app.2d024da3.js:1
(anonymous) @ app.2d024da3.js:14
(anonymous) @ vendors~mg-plugin.3cc39455.js:1
A.withScope @ vendors~mg-plugin.3cc39455.js:1
A.cToHostCallbackFunction @ vendors~mg-plugin.3cc39455.js:1
A.cToHostCallbackFunction @ vendors~mg-plugin.3cc39455.js:1
$func806 @ 00284a2a:0x856b8
$func573 @ 00284a2a:0x6b75e
$func24 @ 00284a2a:0x3404
$func24 @ 00284a2a:0x5327
$func24 @ 00284a2a:0x51b1
$func556 @ 00284a2a:0x6a4c2
$func562 @ 00284a2a:0x6ac14
$func24 @ 00284a2a:0x3404
$func24 @ 00284a2a:0x5327
$func712 @ 00284a2a:0x7c38d
$X @ 00284a2a:0x7def0
E._QTS_ExecutePendingJob @ vendors~mg-plugin.3cc39455.js:1
A.executePendingJobs @ vendors~mg-plugin.3cc39455.js:1
(anonymous) @ app.2d024da3.js:1
Promise.then (async)
executePendingJobs @ app.2d024da3.js:1
(anonymous) @ app.2d024da3.js:1
i @ chunk-libs.8b5d8668.js:5
setTimeout (async)
(anonymous) @ chunk-libs.8b5d8668.js:5
(anonymous) @ app.2d024da3.js:1
(anonymous) @ vendors~mg-plugin.3cc39455.js:1
A.withScope @ vendors~mg-plugin.3cc39455.js:1
A.cToHostCallbackFunction @ vendors~mg-plugin.3cc39455.js:1
A.cToHostCallbackFunction @ vendors~mg-plugin.3cc39455.js:1
$func806 @ 00284a2a:0x856b8
$func573 @ 00284a2a:0x6b75e
$func24 @ 00284a2a:0x3404
$func24 @ 00284a2a:0x51b1
$func457 @ 00284a2a:0x609f5
$func562 @ 00284a2a:0x6ac4e
$func83 @ 00284a2a:0x16013
$func24 @ 00284a2a:0x5271
$func24 @ 00284a2a:0x51b1
$func556 @ 00284a2a:0x6a4c2
$func562 @ 00284a2a:0x6ac14
$func24 @ 00284a2a:0x3404
$func24 @ 00284a2a:0x5327
$func712 @ 00284a2a:0x7c38d
$X @ 00284a2a:0x7def0
E._QTS_ExecutePendingJob @ vendors~mg-plugin.3cc39455.js:1
A.executePendingJobs @ vendors~mg-plugin.3cc39455.js:1
(anonymous) @ app.2d024da3.js:1
Promise.then (async)
executePendingJobs @ app.2d024da3.js:1
i @ app.2d024da3.js:1
c @ app.2d024da3.js:1
Ms.handlePluginMessage @ app.2d024da3.js:1
i @ chunk-libs.8b5d8668.js:5
postMessage (async)
(anonymous) @ VM289 plugin-sandbox.html:7
postMessage (async)
send @ VM294:22
acknowledgeExportFile @ VM294:298
window.onmessage @ VM294:440
postMessage (async)
postMessage @ app.2d024da3.js:1
(anonymous) @ app.2d024da3.js:1
(anonymous) @ app.2d024da3.js:14
(anonymous) @ vendors~mg-plugin.3cc39455.js:1
A.withScope @ vendors~mg-plugin.3cc39455.js:1
A.cToHostCallbackFunction @ vendors~mg-plugin.3cc39455.js:1
A.cToHostCallbackFunction @ vendors~mg-plugin.3cc39455.js:1
$func806 @ 00284a2a:0x856b8
$func573 @ 00284a2a:0x6b75e
$func24 @ 00284a2a:0x3404
$func24 @ 00284a2a:0x5327
$func24 @ 00284a2a:0x51b1
$func556 @ 00284a2a:0x6a4c2
$func562 @ 00284a2a:0x6ac14
$func24 @ 00284a2a:0x3404
$func24 @ 00284a2a:0x5327
$func712 @ 00284a2a:0x7c38d
$X @ 00284a2a:0x7def0
E._QTS_ExecutePendingJob @ vendors~mg-plugin.3cc39455.js:1
A.executePendingJobs @ vendors~mg-plugin.3cc39455.js:1
(anonymous) @ app.2d024da3.js:1
Promise.then (async)
executePendingJobs @ app.2d024da3.js:1
(anonymous) @ app.2d024da3.js:1
i @ chunk-libs.8b5d8668.js:5
setTimeout (async)
(anonymous) @ chunk-libs.8b5d8668.js:5
(anonymous) @ app.2d024da3.js:1
(anonymous) @ vendors~mg-plugin.3cc39455.js:1
A.withScope @ vendors~mg-plugin.3cc39455.js:1
A.cToHostCallbackFunction @ vendors~mg-plugin.3cc39455.js:1
A.cToHostCallbackFunction @ vendors~mg-plugin.3cc39455.js:1
$func806 @ 00284a2a:0x856b8
$func573 @ 00284a2a:0x6b75e
$func24 @ 00284a2a:0x3404
$func24 @ 00284a2a:0x51b1
$func457 @ 00284a2a:0x609f5
$func562 @ 00284a2a:0x6ac4e
$func83 @ 00284a2a:0x16013
$func24 @ 00284a2a:0x5271
$func24 @ 00284a2a:0x51b1
$func556 @ 00284a2a:0x6a4c2
$func562 @ 00284a2a:0x6ac14
$func24 @ 00284a2a:0x3404
$func24 @ 00284a2a:0x5327
$func457 @ 00284a2a:0x609f5
$func562 @ 00284a2a:0x6ac4e
$func83 @ 00284a2a:0x16013
$func24 @ 00284a2a:0x5271
$func24 @ 00284a2a:0x51b1
$func24 @ 00284a2a:0x51b1
$func556 @ 00284a2a:0x6a4c2
$func562 @ 00284a2a:0x6ac14
$func24 @ 00284a2a:0x3404
$func24 @ 00284a2a:0x5327
$func457 @ 00284a2a:0x609f5
$func562 @ 00284a2a:0x6ac4e
$func83 @ 00284a2a:0x16013
$func24 @ 00284a2a:0x5271
$func24 @ 00284a2a:0x51b1
$func24 @ 00284a2a:0x51b1
$func556 @ 00284a2a:0x6a4c2
$func562 @ 00284a2a:0x6ac14
$func24 @ 00284a2a:0x3404
$func24 @ 00284a2a:0x5327
$func712 @ 00284a2a:0x7c38d
$X @ 00284a2a:0x7def0
E._QTS_ExecutePendingJob @ vendors~mg-plugin.3cc39455.js:1
A.executePendingJobs @ vendors~mg-plugin.3cc39455.js:1
(anonymous) @ app.2d024da3.js:1
Promise.then (async)
executePendingJobs @ app.2d024da3.js:1
i @ app.2d024da3.js:1
c @ app.2d024da3.js:1
Ms.handlePluginMessage @ app.2d024da3.js:1
i @ chunk-libs.8b5d8668.js:5
postMessage (async)
(anonymous) @ VM289 plugin-sandbox.html:7
postMessage (async)
send @ VM294:22
acknowledgeExportFile @ VM294:298
window.onmessage @ VM294:440
postMessage (async)
postMessage @ app.2d024da3.js:1
(anonymous) @ app.2d024da3.js:1
(anonymous) @ app.2d024da3.js:14
(anonymous) @ vendors~mg-plugin.3cc39455.js:1
A.withScope @ vendors~mg-plugin.3cc39455.js:1
A.cToHostCallbackFunction @ vendors~mg-plugin.3cc39455.js:1
A.cToHostCallbackFunction @ vendors~mg-plugin.3cc39455.js:1
$func806 @ 00284a2a:0x856b8
$func573 @ 00284a2a:0x6b75e
$func24 @ 00284a2a:0x3404
$func24 @ 00284a2a:0x5327
$func24 @ 00284a2a:0x51b1
$func556 @ 00284a2a:0x6a4c2
$func562 @ 00284a2a:0x6ac14
$func24 @ 00284a2a:0x3404
$func24 @ 00284a2a:0x5327
$func712 @ 00284a2a:0x7c38d
$X @ 00284a2a:0x7def0
E._QTS_ExecutePendingJob @ vendors~mg-plugin.3cc39455.js:1
A.executePendingJobs @ vendors~mg-plugin.3cc39455.js:1
(anonymous) @ app.2d024da3.js:1
Promise.then (async)
executePendingJobs @ app.2d024da3.js:1
i @ app.2d024da3.js:1
c @ app.2d024da3.js:1
Ms.handlePluginMessage @ app.2d024da3.js:1
i @ chunk-libs.8b5d8668.js:5
postMessage (async)
(anonymous) @ VM289 plugin-sandbox.html:7
postMessage (async)
send @ VM294:22
acknowledgeExportFile @ VM294:298
window.onmessage @ VM294:440
postMessage (async)
postMessage @ app.2d024da3.js:1
(anonymous) @ app.2d024da3.js:1
(anonymous) @ app.2d024da3.js:14
(anonymous) @ vendors~mg-plugin.3cc39455.js:1
A.withScope @ vendors~mg-plugin.3cc39455.js:1
A.cToHostCallbackFunction @ vendors~mg-plugin.3cc39455.js:1
A.cToHostCallbackFunction @ vendors~mg-plugin.3cc39455.js:1
$func806 @ 00284a2a:0x856b8
$func573 @ 00284a2a:0x6b75e
$func24 @ 00284a2a:0x3404
$func24 @ 00284a2a:0x5327
$func24 @ 00284a2a:0x51b1
$func556 @ 00284a2a:0x6a4c2
$func562 @ 00284a2a:0x6ac14
$func24 @ 00284a2a:0x3404
$func24 @ 00284a2a:0x5327
$func712 @ 00284a2a:0x7c38d
$X @ 00284a2a:0x7def0
E._QTS_ExecutePendingJob @ vendors~mg-plugin.3cc39455.js:1
A.executePendingJobs @ vendors~mg-plugin.3cc39455.js:1
(anonymous) @ app.2d024da3.js:1
Promise.then (async)
executePendingJobs @ app.2d024da3.js:1
(anonymous) @ app.2d024da3.js:1
i @ chunk-libs.8b5d8668.js:5
setTimeout (async)
(anonymous) @ chunk-libs.8b5d8668.js:5
(anonymous) @ app.2d024da3.js:1
(anonymous) @ vendors~mg-plugin.3cc39455.js:1
A.withScope @ vendors~mg-plugin.3cc39455.js:1
A.cToHostCallbackFunction @ vendors~mg-plugin.3cc39455.js:1
A.cToHostCallbackFunction @ vendors~mg-plugin.3cc39455.js:1
$func806 @ 00284a2a:0x856b8
$func573 @ 00284a2a:0x6b75e
$func24 @ 00284a2a:0x3404
$func24 @ 00284a2a:0x51b1
$func457 @ 00284a2a:0x609f5
$func562 @ 00284a2a:0x6ac4e
$func83 @ 00284a2a:0x16013
$func24 @ 00284a2a:0x5271
$func24 @ 00284a2a:0x51b1
$func556 @ 00284a2a:0x6a4c2
$func562 @ 00284a2a:0x6ac14
$func24 @ 00284a2a:0x3404
$func24 @ 00284a2a:0x5327
$func712 @ 00284a2a:0x7c38d
$X @ 00284a2a:0x7def0
E._QTS_ExecutePendingJob @ vendors~mg-plugin.3cc39455.js:1
A.executePendingJobs @ vendors~mg-plugin.3cc39455.js:1
(anonymous) @ app.2d024da3.js:1
Promise.then (async)
executePendingJobs @ app.2d024da3.js:1
i @ app.2d024da3.js:1
c @ app.2d024da3.js:1
Ms.handlePluginMessage @ app.2d024da3.js:1
i @ chunk-libs.8b5d8668.js:5
postMessage (async)
(anonymous) @ VM289 plugin-sandbox.html:7
postMessage (async)
send @ VM294:22
acknowledgeExportFile @ VM294:298
window.onmessage @ VM294:440
postMessage (async)
postMessage @ app.2d024da3.js:1
(anonymous) @ app.2d024da3.js:1
(anonymous) @ app.2d024da3.js:14
(anonymous) @ vendors~mg-plugin.3cc39455.js:1
A.withScope @ vendors~mg-plugin.3cc39455.js:1
A.cToHostCallbackFunction @ vendors~mg-plugin.3cc39455.js:1
A.cToHostCallbackFunction @ vendors~mg-plugin.3cc39455.js:1
$func806 @ 00284a2a:0x856b8
$func573 @ 00284a2a:0x6b75e
$func24 @ 00284a2a:0x3404
$func24 @ 00284a2a:0x5327
$func24 @ 00284a2a:0x51b1
$func556 @ 00284a2a:0x6a4c2
$func562 @ 00284a2a:0x6ac14
$func24 @ 00284a2a:0x3404
$func24 @ 00284a2a:0x5327
$func712 @ 00284a2a:0x7c38d
$X @ 00284a2a:0x7def0
E._QTS_ExecutePendingJob @ vendors~mg-plugin.3cc39455.js:1
A.executePendingJobs @ vendors~mg-plugin.3cc39455.js:1
(anonymous) @ app.2d024da3.js:1
chunk-libs.8b5d8668.js:127 [MasterGo2Figma] Node export failed {"phase":"children","error":{"kind":"Error","name":"InternalError","message":"out of memory","stack":"    at <anonymous> (eval.js:1352)\n    at next (native)\n    at <anonymous> (eval.js:9)\n    at Promise (native)\n    at <anonymous> (eval.js:10)\n    at flushLayerChunk (eval.js:1359)\n    at <anonymous> (eval.js:1330)\n    at next (native)\n    at <anonymous> (eval.js:9)\n    at Promise (native)\n    at <anonymous> (eval.js:10)\n    at appendLayerRecord (eval.js:1340)\n    at <anonymous> (eval.js:1172)\n    at next (native)\n    at <anonymous> (eval.js:9)\n    at Promise (native)\n    at <anonymous> (eval.js:10)\n    at appendFallbackLayerRecord (eval.js:1173)\n    at <anonymous> (eval.js:1139)\n    at throw (native)\n    at rejected (eval.js)\n"},"node":{"id":"80:11373","name":"容器 635","type":"FRAME","width":106,"height":20,"childCount":2},"page":"界面方案研究","parentId":"80:11372","index":0,"processedNodes":35037,"totalNodes":101323,"pageLayerCount":905,"transfer":{"transferId":"export-1779157709685-4691390705024092","filename":"mastergo2figma-partial-pages-part-003-of-010-界面方案研究-2026-05-19T02-28-29-685Z.zip","fileIndex":8,"postedChunks":95,"streamedBytes":1493896}}
(anonymous) @ chunk-libs.8b5d8668.js:127
(anonymous) @ app.2d024da3.js:1
(anonymous) @ vendors~mg-plugin.3cc39455.js:1
A.withScope @ vendors~mg-plugin.3cc39455.js:1
A.cToHostCallbackFunction @ vendors~mg-plugin.3cc39455.js:1
A.cToHostCallbackFunction @ vendors~mg-plugin.3cc39455.js:1
$func806 @ 00284a2a:0x856b8
$func573 @ 00284a2a:0x6b75e
$func24 @ 00284a2a:0x3404
$func24 @ 00284a2a:0x5327
$func24 @ 00284a2a:0x51b1
$func556 @ 00284a2a:0x6a4c2
$func562 @ 00284a2a:0x6ac14
$func24 @ 00284a2a:0x3404
$func24 @ 00284a2a:0x5327
$func712 @ 00284a2a:0x7c38d
$X @ 00284a2a:0x7def0
E._QTS_ExecutePendingJob @ vendors~mg-plugin.3cc39455.js:1
A.executePendingJobs @ vendors~mg-plugin.3cc39455.js:1
(anonymous) @ app.2d024da3.js:1
Promise.then (async)
executePendingJobs @ app.2d024da3.js:1
(anonymous) @ app.2d024da3.js:1
i @ chunk-libs.8b5d8668.js:5
setTimeout (async)
(anonymous) @ chunk-libs.8b5d8668.js:5
(anonymous) @ app.2d024da3.js:1
(anonymous) @ vendors~mg-plugin.3cc39455.js:1
A.withScope @ vendors~mg-plugin.3cc39455.js:1
A.cToHostCallbackFunction @ vendors~mg-plugin.3cc39455.js:1
A.cToHostCallbackFunction @ vendors~mg-plugin.3cc39455.js:1
$func806 @ 00284a2a:0x856b8
$func573 @ 00284a2a:0x6b75e
$func24 @ 00284a2a:0x3404
$func24 @ 00284a2a:0x51b1
$func457 @ 00284a2a:0x609f5
$func562 @ 00284a2a:0x6ac4e
$func83 @ 00284a2a:0x16013
$func24 @ 00284a2a:0x5271
$func24 @ 00284a2a:0x51b1
$func556 @ 00284a2a:0x6a4c2
$func562 @ 00284a2a:0x6ac14
$func24 @ 00284a2a:0x3404
$func24 @ 00284a2a:0x5327
$func712 @ 00284a2a:0x7c38d
$X @ 00284a2a:0x7def0
E._QTS_ExecutePendingJob @ vendors~mg-plugin.3cc39455.js:1
A.executePendingJobs @ vendors~mg-plugin.3cc39455.js:1
(anonymous) @ app.2d024da3.js:1
Promise.then (async)
executePendingJobs @ app.2d024da3.js:1
i @ app.2d024da3.js:1
c @ app.2d024da3.js:1
Ms.handlePluginMessage @ app.2d024da3.js:1
i @ chunk-libs.8b5d8668.js:5
postMessage (async)
(anonymous) @ VM289 plugin-sandbox.html:7
postMessage (async)
send @ VM294:22
acknowledgeExportFile @ VM294:298
window.onmessage @ VM294:440
postMessage (async)
postMessage @ app.2d024da3.js:1
(anonymous) @ app.2d024da3.js:1
(anonymous) @ app.2d024da3.js:14
(anonymous) @ vendors~mg-plugin.3cc39455.js:1
A.withScope @ vendors~mg-plugin.3cc39455.js:1
A.cToHostCallbackFunction @ vendors~mg-plugin.3cc39455.js:1
A.cToHostCallbackFunction @ vendors~mg-plugin.3cc39455.js:1
$func806 @ 00284a2a:0x856b8
$func573 @ 00284a2a:0x6b75e
$func24 @ 00284a2a:0x3404
$func24 @ 00284a2a:0x5327
$func24 @ 00284a2a:0x51b1
$func556 @ 00284a2a:0x6a4c2
$func562 @ 00284a2a:0x6ac14
$func24 @ 00284a2a:0x3404
$func24 @ 00284a2a:0x5327
$func712 @ 00284a2a:0x7c38d
$X @ 00284a2a:0x7def0
E._QTS_ExecutePendingJob @ vendors~mg-plugin.3cc39455.js:1
A.executePendingJobs @ vendors~mg-plugin.3cc39455.js:1
(anonymous) @ app.2d024da3.js:1
Promise.then (async)
executePendingJobs @ app.2d024da3.js:1
i @ app.2d024da3.js:1
c @ app.2d024da3.js:1
Ms.handlePluginMessage @ app.2d024da3.js:1
i @ chunk-libs.8b5d8668.js:5
postMessage (async)
(anonymous) @ VM289 plugin-sandbox.html:7
postMessage (async)
send @ VM294:22
acknowledgeExportFile @ VM294:298
window.onmessage @ VM294:440
postMessage (async)
postMessage @ app.2d024da3.js:1
(anonymous) @ app.2d024da3.js:1
(anonymous) @ app.2d024da3.js:14
(anonymous) @ vendors~mg-plugin.3cc39455.js:1
A.withScope @ vendors~mg-plugin.3cc39455.js:1
A.cToHostCallbackFunction @ vendors~mg-plugin.3cc39455.js:1
A.cToHostCallbackFunction @ vendors~mg-plugin.3cc39455.js:1
$func806 @ 00284a2a:0x856b8
$func573 @ 00284a2a:0x6b75e
$func24 @ 00284a2a:0x3404
$func24 @ 00284a2a:0x5327
$func24 @ 00284a2a:0x51b1
$func556 @ 00284a2a:0x6a4c2
$func562 @ 00284a2a:0x6ac14
$func24 @ 00284a2a:0x3404
$func24 @ 00284a2a:0x5327
$func712 @ 00284a2a:0x7c38d
$X @ 00284a2a:0x7def0
E._QTS_ExecutePendingJob @ vendors~mg-plugin.3cc39455.js:1
A.executePendingJobs @ vendors~mg-plugin.3cc39455.js:1
(anonymous) @ app.2d024da3.js:1
Promise.then (async)
executePendingJobs @ app.2d024da3.js:1
(anonymous) @ app.2d024da3.js:1
i @ chunk-libs.8b5d8668.js:5
setTimeout (async)
(anonymous) @ chunk-libs.8b5d8668.js:5
(anonymous) @ app.2d024da3.js:1
(anonymous) @ vendors~mg-plugin.3cc39455.js:1
A.withScope @ vendors~mg-plugin.3cc39455.js:1
A.cToHostCallbackFunction @ vendors~mg-plugin.3cc39455.js:1
A.cToHostCallbackFunction @ vendors~mg-plugin.3cc39455.js:1
$func806 @ 00284a2a:0x856b8
$func573 @ 00284a2a:0x6b75e
$func24 @ 00284a2a:0x3404
$func24 @ 00284a2a:0x51b1
$func457 @ 00284a2a:0x609f5
$func562 @ 00284a2a:0x6ac4e
$func83 @ 00284a2a:0x16013
$func24 @ 00284a2a:0x5271
$func24 @ 00284a2a:0x51b1
$func556 @ 00284a2a:0x6a4c2
$func562 @ 00284a2a:0x6ac14
$func24 @ 00284a2a:0x3404
$func24 @ 00284a2a:0x5327
$func712 @ 00284a2a:0x7c38d
$X @ 00284a2a:0x7def0
E._QTS_ExecutePendingJob @ vendors~mg-plugin.3cc39455.js:1
A.executePendingJobs @ vendors~mg-plugin.3cc39455.js:1
(anonymous) @ app.2d024da3.js:1
Promise.then (async)
executePendingJobs @ app.2d024da3.js:1
i @ app.2d024da3.js:1
c @ app.2d024da3.js:1
Ms.handlePluginMessage @ app.2d024da3.js:1
i @ chunk-libs.8b5d8668.js:5
postMessage (async)
(anonymous) @ VM289 plugin-sandbox.html:7
postMessage (async)
send @ VM294:22
acknowledgeExportFile @ VM294:298
window.onmessage @ VM294:440
postMessage (async)
postMessage @ app.2d024da3.js:1
(anonymous) @ app.2d024da3.js:1
(anonymous) @ app.2d024da3.js:14
(anonymous) @ vendors~mg-plugin.3cc39455.js:1
A.withScope @ vendors~mg-plugin.3cc39455.js:1
A.cToHostCallbackFunction @ vendors~mg-plugin.3cc39455.js:1
A.cToHostCallbackFunction @ vendors~mg-plugin.3cc39455.js:1
$func806 @ 00284a2a:0x856b8
$func573 @ 00284a2a:0x6b75e
$func24 @ 00284a2a:0x3404
$func24 @ 00284a2a:0x5327
$func24 @ 00284a2a:0x51b1
$func556 @ 00284a2a:0x6a4c2
$func562 @ 00284a2a:0x6ac14
$func24 @ 00284a2a:0x3404
$func24 @ 00284a2a:0x5327
$func712 @ 00284a2a:0x7c38d
$X @ 00284a2a:0x7def0
E._QTS_ExecutePendingJob @ vendors~mg-plugin.3cc39455.js:1
A.executePendingJobs @ vendors~mg-plugin.3cc39455.js:1
(anonymous) @ app.2d024da3.js:1
Promise.then (async)
executePendingJobs @ app.2d024da3.js:1
(anonymous) @ app.2d024da3.js:1
i @ chunk-libs.8b5d8668.js:5
setTimeout (async)
(anonymous) @ chunk-libs.8b5d8668.js:5
(anonymous) @ app.2d024da3.js:1
(anonymous) @ vendors~mg-plugin.3cc39455.js:1
A.withScope @ vendors~mg-plugin.3cc39455.js:1
A.cToHostCallbackFunction @ vendors~mg-plugin.3cc39455.js:1
A.cToHostCallbackFunction @ vendors~mg-plugin.3cc39455.js:1
$func806 @ 00284a2a:0x856b8
$func573 @ 00284a2a:0x6b75e
$func24 @ 00284a2a:0x3404
$func24 @ 00284a2a:0x51b1
$func457 @ 00284a2a:0x609f5
$func562 @ 00284a2a:0x6ac4e
$func83 @ 00284a2a:0x16013
$func24 @ 00284a2a:0x5271
$func24 @ 00284a2a:0x51b1
$func556 @ 00284a2a:0x6a4c2
$func562 @ 00284a2a:0x6ac14
$func24 @ 00284a2a:0x3404
$func24 @ 00284a2a:0x5327
$func457 @ 00284a2a:0x609f5
$func562 @ 00284a2a:0x6ac4e
$func83 @ 00284a2a:0x16013
$func24 @ 00284a2a:0x5271
$func24 @ 00284a2a:0x51b1
$func24 @ 00284a2a:0x51b1
$func556 @ 00284a2a:0x6a4c2
$func562 @ 00284a2a:0x6ac14
$func24 @ 00284a2a:0x3404
$func24 @ 00284a2a:0x5327
$func457 @ 00284a2a:0x609f5
$func562 @ 00284a2a:0x6ac4e
$func83 @ 00284a2a:0x16013
$func24 @ 00284a2a:0x5271
$func24 @ 00284a2a:0x51b1
$func24 @ 00284a2a:0x51b1
$func556 @ 00284a2a:0x6a4c2
$func562 @ 00284a2a:0x6ac14
$func24 @ 00284a2a:0x3404
$func24 @ 00284a2a:0x5327
$func712 @ 00284a2a:0x7c38d
$X @ 00284a2a:0x7def0
E._QTS_ExecutePendingJob @ vendors~mg-plugin.3cc39455.js:1
A.executePendingJobs @ vendors~mg-plugin.3cc39455.js:1
(anonymous) @ app.2d024da3.js:1
Promise.then (async)
executePendingJobs @ app.2d024da3.js:1
i @ app.2d024da3.js:1
c @ app.2d024da3.js:1
Ms.handlePluginMessage @ app.2d024da3.js:1
i @ chunk-libs.8b5d8668.js:5
postMessage (async)
(anonymous) @ VM289 plugin-sandbox.html:7
postMessage (async)
send @ VM294:22
acknowledgeExportFile @ VM294:298
window.onmessage @ VM294:440
postMessage (async)
postMessage @ app.2d024da3.js:1
(anonymous) @ app.2d024da3.js:1
(anonymous) @ app.2d024da3.js:14
(anonymous) @ vendors~mg-plugin.3cc39455.js:1
A.withScope @ vendors~mg-plugin.3cc39455.js:1
A.cToHostCallbackFunction @ vendors~mg-plugin.3cc39455.js:1
A.cToHostCallbackFunction @ vendors~mg-plugin.3cc39455.js:1
$func806 @ 00284a2a:0x856b8
$func573 @ 00284a2a:0x6b75e
$func24 @ 00284a2a:0x3404
$func24 @ 00284a2a:0x5327
$func24 @ 00284a2a:0x51b1
$func556 @ 00284a2a:0x6a4c2
$func562 @ 00284a2a:0x6ac14
$func24 @ 00284a2a:0x3404
$func24 @ 00284a2a:0x5327
$func712 @ 00284a2a:0x7c38d
$X @ 00284a2a:0x7def0
E._QTS_ExecutePendingJob @ vendors~mg-plugin.3cc39455.js:1
A.executePendingJobs @ vendors~mg-plugin.3cc39455.js:1
(anonymous) @ app.2d024da3.js:1
Promise.then (async)
executePendingJobs @ app.2d024da3.js:1
i @ app.2d024da3.js:1
c @ app.2d024da3.js:1
Ms.handlePluginMessage @ app.2d024da3.js:1
i @ chunk-libs.8b5d8668.js:5
postMessage (async)
(anonymous) @ VM289 plugin-sandbox.html:7
postMessage (async)
send @ VM294:22
acknowledgeExportFile @ VM294:298
window.onmessage @ VM294:440
postMessage (async)
postMessage @ app.2d024da3.js:1
(anonymous) @ app.2d024da3.js:1
(anonymous) @ app.2d024da3.js:14
(anonymous) @ vendors~mg-plugin.3cc39455.js:1
A.withScope @ vendors~mg-plugin.3cc39455.js:1
A.cToHostCallbackFunction @ vendors~mg-plugin.3cc39455.js:1
A.cToHostCallbackFunction @ vendors~mg-plugin.3cc39455.js:1
$func806 @ 00284a2a:0x856b8
$func573 @ 00284a2a:0x6b75e
$func24 @ 00284a2a:0x3404
$func24 @ 00284a2a:0x5327
$func24 @ 00284a2a:0x51b1
$func556 @ 00284a2a:0x6a4c2
$func562 @ 00284a2a:0x6ac14
$func24 @ 00284a2a:0x3404
$func24 @ 00284a2a:0x5327
$func712 @ 00284a2a:0x7c38d
$X @ 00284a2a:0x7def0
E._QTS_ExecutePendingJob @ vendors~mg-plugin.3cc39455.js:1
A.executePendingJobs @ vendors~mg-plugin.3cc39455.js:1
(anonymous) @ app.2d024da3.js:1
Promise.then (async)
executePendingJobs @ app.2d024da3.js:1
(anonymous) @ app.2d024da3.js:1
i @ chunk-libs.8b5d8668.js:5
setTimeout (async)
(anonymous) @ chunk-libs.8b5d8668.js:5
(anonymous) @ app.2d024da3.js:1
(anonymous) @ vendors~mg-plugin.3cc39455.js:1
A.withScope @ vendors~mg-plugin.3cc39455.js:1
A.cToHostCallbackFunction @ vendors~mg-plugin.3cc39455.js:1
A.cToHostCallbackFunction @ vendors~mg-plugin.3cc39455.js:1
$func806 @ 00284a2a:0x856b8
$func573 @ 00284a2a:0x6b75e
$func24 @ 00284a2a:0x3404
$func24 @ 00284a2a:0x51b1
$func457 @ 00284a2a:0x609f5
$func562 @ 00284a2a:0x6ac4e
$func83 @ 00284a2a:0x16013
$func24 @ 00284a2a:0x5271
$func24 @ 00284a2a:0x51b1
$func556 @ 00284a2a:0x6a4c2
$func562 @ 00284a2a:0x6ac14
$func24 @ 00284a2a:0x3404
$func24 @ 00284a2a:0x5327
$func712 @ 00284a2a:0x7c38d
$X @ 00284a2a:0x7def0
E._QTS_ExecutePendingJob @ vendors~mg-plugin.3cc39455.js:1
A.executePendingJobs @ vendors~mg-plugin.3cc39455.js:1
(anonymous) @ app.2d024da3.js:1
Promise.then (async)
executePendingJobs @ app.2d024da3.js:1
i @ app.2d024da3.js:1
c @ app.2d024da3.js:1
Ms.handlePluginMessage @ app.2d024da3.js:1
i @ chunk-libs.8b5d8668.js:5
postMessage (async)
(anonymous) @ VM289 plugin-sandbox.html:7
postMessage (async)
send @ VM294:22
acknowledgeExportFile @ VM294:298
window.onmessage @ VM294:440
postMessage (async)
postMessage @ app.2d024da3.js:1
(anonymous) @ app.2d024da3.js:1
(anonymous) @ app.2d024da3.js:14
(anonymous) @ vendors~mg-plugin.3cc39455.js:1
A.withScope @ vendors~mg-plugin.3cc39455.js:1
A.cToHostCallbackFunction @ vendors~mg-plugin.3cc39455.js:1
A.cToHostCallbackFunction @ vendors~mg-plugin.3cc39455.js:1
$func806 @ 00284a2a:0x856b8
$func573 @ 00284a2a:0x6b75e
$func24 @ 00284a2a:0x3404
$func24 @ 00284a2a:0x5327
$func24 @ 00284a2a:0x51b1
$func556 @ 00284a2a:0x6a4c2
$func562 @ 00284a2a:0x6ac14
$func24 @ 00284a2a:0x3404
$func24 @ 00284a2a:0x5327
$func712 @ 00284a2a:0x7c38d
$X @ 00284a2a:0x7def0
E._QTS_ExecutePendingJob @ vendors~mg-plugin.3cc39455.js:1
A.executePendingJobs @ vendors~mg-plugin.3cc39455.js:1
(anonymous) @ app.2d024da3.js:1
chunk-libs.8b5d8668.js:127 [MasterGo2Figma] Node export failed {"phase":"append-record","error":{"kind":"Error","name":"InternalError","message":"out of memory","stack":"    at <anonymous> (eval.js:1352)\n    at next (native)\n    at <anonymous> (eval.js:9)\n    at Promise (native)\n    at <anonymous> (eval.js:10)\n    at flushLayerChunk (eval.js:1359)\n    at <anonymous> (eval.js:1330)\n    at next (native)\n    at <anonymous> (eval.js:9)\n    at Promise (native)\n    at <anonymous> (eval.js:10)\n    at appendLayerRecord (eval.js:1340)\n    at <anonymous> (eval.js:1100)\n    at next (native)\n    at fulfilled (eval.js)\n"},"node":{"id":"80:11388","name":"容器 1326","type":"FRAME","width":20,"height":20,"childCount":1},"page":"界面方案研究","parentId":"80:11372","index":1,"processedNodes":35038,"totalNodes":101323,"pageLayerCount":906,"transfer":{"transferId":"export-1779157709685-4691390705024092","filename":"mastergo2figma-partial-pages-part-003-of-010-界面方案研究-2026-05-19T02-28-29-685Z.zip","fileIndex":8,"postedChunks":95,"streamedBytes":1493896}}
(anonymous) @ chunk-libs.8b5d8668.js:127
(anonymous) @ app.2d024da3.js:1
(anonymous) @ vendors~mg-plugin.3cc39455.js:1
A.withScope @ vendors~mg-plugin.3cc39455.js:1
A.cToHostCallbackFunction @ vendors~mg-plugin.3cc39455.js:1
A.cToHostCallbackFunction @ vendors~mg-plugin.3cc39455.js:1
$func806 @ 00284a2a:0x856b8
$func573 @ 00284a2a:0x6b75e
$func24 @ 00284a2a:0x3404
$func24 @ 00284a2a:0x5327
$func24 @ 00284a2a:0x51b1
$func556 @ 00284a2a:0x6a4c2
$func562 @ 00284a2a:0x6ac14
$func24 @ 00284a2a:0x3404
$func24 @ 00284a2a:0x5327
$func712 @ 00284a2a:0x7c38d
$X @ 00284a2a:0x7def0
E._QTS_ExecutePendingJob @ vendors~mg-plugin.3cc39455.js:1
A.executePendingJobs @ vendors~mg-plugin.3cc39455.js:1
(anonymous) @ app.2d024da3.js:1
Promise.then (async)
executePendingJobs @ app.2d024da3.js:1
(anonymous) @ app.2d024da3.js:1
i @ chunk-libs.8b5d8668.js:5
setTimeout (async)
(anonymous) @ chunk-libs.8b5d8668.js:5
(anonymous) @ app.2d024da3.js:1
(anonymous) @ vendors~mg-plugin.3cc39455.js:1
A.withScope @ vendors~mg-plugin.3cc39455.js:1
A.cToHostCallbackFunction @ vendors~mg-plugin.3cc39455.js:1
A.cToHostCallbackFunction @ vendors~mg-plugin.3cc39455.js:1
$func806 @ 00284a2a:0x856b8
$func573 @ 00284a2a:0x6b75e
$func24 @ 00284a2a:0x3404
$func24 @ 00284a2a:0x51b1
$func457 @ 00284a2a:0x609f5
$func562 @ 00284a2a:0x6ac4e
$func83 @ 00284a2a:0x16013
$func24 @ 00284a2a:0x5271
$func24 @ 00284a2a:0x51b1
$func556 @ 00284a2a:0x6a4c2
$func562 @ 00284a2a:0x6ac14
$func24 @ 00284a2a:0x3404
$func24 @ 00284a2a:0x5327
$func712 @ 00284a2a:0x7c38d
$X @ 00284a2a:0x7def0
E._QTS_ExecutePendingJob @ vendors~mg-plugin.3cc39455.js:1
A.executePendingJobs @ vendors~mg-plugin.3cc39455.js:1
(anonymous) @ app.2d024da3.js:1
Promise.then (async)
executePendingJobs @ app.2d024da3.js:1
i @ app.2d024da3.js:1
c @ app.2d024da3.js:1
Ms.handlePluginMessage @ app.2d024da3.js:1
i @ chunk-libs.8b5d8668.js:5
postMessage (async)
(anonymous) @ VM289 plugin-sandbox.html:7
postMessage (async)
send @ VM294:22
acknowledgeExportFile @ VM294:298
window.onmessage @ VM294:440
postMessage (async)
postMessage @ app.2d024da3.js:1
(anonymous) @ app.2d024da3.js:1
(anonymous) @ app.2d024da3.js:14
(anonymous) @ vendors~mg-plugin.3cc39455.js:1
A.withScope @ vendors~mg-plugin.3cc39455.js:1
A.cToHostCallbackFunction @ vendors~mg-plugin.3cc39455.js:1
A.cToHostCallbackFunction @ vendors~mg-plugin.3cc39455.js:1
$func806 @ 00284a2a:0x856b8
$func573 @ 00284a2a:0x6b75e
$func24 @ 00284a2a:0x3404
$func24 @ 00284a2a:0x5327
$func24 @ 00284a2a:0x51b1
$func556 @ 00284a2a:0x6a4c2
$func562 @ 00284a2a:0x6ac14
$func24 @ 00284a2a:0x3404
$func24 @ 00284a2a:0x5327
$func712 @ 00284a2a:0x7c38d
$X @ 00284a2a:0x7def0
E._QTS_ExecutePendingJob @ vendors~mg-plugin.3cc39455.js:1
A.executePendingJobs @ vendors~mg-plugin.3cc39455.js:1
(anonymous) @ app.2d024da3.js:1
Promise.then (async)
executePendingJobs @ app.2d024da3.js:1
i @ app.2d024da3.js:1
c @ app.2d024da3.js:1
Ms.handlePluginMessage @ app.2d024da3.js:1
i @ chunk-libs.8b5d8668.js:5
postMessage (async)
(anonymous) @ VM289 plugin-sandbox.html:7
postMessage (async)
send @ VM294:22
acknowledgeExportFile @ VM294:298
window.onmessage @ VM294:440
postMessage (async)
postMessage @ app.2d024da3.js:1
(anonymous) @ app.2d024da3.js:1
(anonymous) @ app.2d024da3.js:14
(anonymous) @ vendors~mg-plugin.3cc39455.js:1
A.withScope @ vendors~mg-plugin.3cc39455.js:1
A.cToHostCallbackFunction @ vendors~mg-plugin.3cc39455.js:1
A.cToHostCallbackFunction @ vendors~mg-plugin.3cc39455.js:1
$func806 @ 00284a2a:0x856b8
$func573 @ 00284a2a:0x6b75e
$func24 @ 00284a2a:0x3404
$func24 @ 00284a2a:0x5327
$func24 @ 00284a2a:0x51b1
$func556 @ 00284a2a:0x6a4c2
$func562 @ 00284a2a:0x6ac14
$func24 @ 00284a2a:0x3404
$func24 @ 00284a2a:0x5327
$func712 @ 00284a2a:0x7c38d
$X @ 00284a2a:0x7def0
E._QTS_ExecutePendingJob @ vendors~mg-plugin.3cc39455.js:1
A.executePendingJobs @ vendors~mg-plugin.3cc39455.js:1
(anonymous) @ app.2d024da3.js:1
Promise.then (async)
executePendingJobs @ app.2d024da3.js:1
(anonymous) @ app.2d024da3.js:1
i @ chunk-libs.8b5d8668.js:5
setTimeout (async)
(anonymous) @ chunk-libs.8b5d8668.js:5
(anonymous) @ app.2d024da3.js:1
(anonymous) @ vendors~mg-plugin.3cc39455.js:1
A.withScope @ vendors~mg-plugin.3cc39455.js:1
A.cToHostCallbackFunction @ vendors~mg-plugin.3cc39455.js:1
A.cToHostCallbackFunction @ vendors~mg-plugin.3cc39455.js:1
$func806 @ 00284a2a:0x856b8
$func573 @ 00284a2a:0x6b75e
$func24 @ 00284a2a:0x3404
$func24 @ 00284a2a:0x51b1
$func457 @ 00284a2a:0x609f5
$func562 @ 00284a2a:0x6ac4e
$func83 @ 00284a2a:0x16013
$func24 @ 00284a2a:0x5271
$func24 @ 00284a2a:0x51b1
$func556 @ 00284a2a:0x6a4c2
$func562 @ 00284a2a:0x6ac14
$func24 @ 00284a2a:0x3404
$func24 @ 00284a2a:0x5327
$func712 @ 00284a2a:0x7c38d
$X @ 00284a2a:0x7def0
E._QTS_ExecutePendingJob @ vendors~mg-plugin.3cc39455.js:1
A.executePendingJobs @ vendors~mg-plugin.3cc39455.js:1
(anonymous) @ app.2d024da3.js:1
Promise.then (async)
executePendingJobs @ app.2d024da3.js:1
i @ app.2d024da3.js:1
c @ app.2d024da3.js:1
Ms.handlePluginMessage @ app.2d024da3.js:1
i @ chunk-libs.8b5d8668.js:5
postMessage (async)
(anonymous) @ VM289 plugin-sandbox.html:7
postMessage (async)
send @ VM294:22
acknowledgeExportFile @ VM294:298
window.onmessage @ VM294:440
postMessage (async)
postMessage @ app.2d024da3.js:1
(anonymous) @ app.2d024da3.js:1
(anonymous) @ app.2d024da3.js:14
(anonymous) @ vendors~mg-plugin.3cc39455.js:1
A.withScope @ vendors~mg-plugin.3cc39455.js:1
A.cToHostCallbackFunction @ vendors~mg-plugin.3cc39455.js:1
A.cToHostCallbackFunction @ vendors~mg-plugin.3cc39455.js:1
$func806 @ 00284a2a:0x856b8
$func573 @ 00284a2a:0x6b75e
$func24 @ 00284a2a:0x3404
$func24 @ 00284a2a:0x5327
$func24 @ 00284a2a:0x51b1
$func556 @ 00284a2a:0x6a4c2
$func562 @ 00284a2a:0x6ac14
$func24 @ 00284a2a:0x3404
$func24 @ 00284a2a:0x5327
$func712 @ 00284a2a:0x7c38d
$X @ 00284a2a:0x7def0
E._QTS_ExecutePendingJob @ vendors~mg-plugin.3cc39455.js:1
A.executePendingJobs @ vendors~mg-plugin.3cc39455.js:1
(anonymous) @ app.2d024da3.js:1
Promise.then (async)
executePendingJobs @ app.2d024da3.js:1
(anonymous) @ app.2d024da3.js:1
i @ chunk-libs.8b5d8668.js:5
setTimeout (async)
(anonymous) @ chunk-libs.8b5d8668.js:5
(anonymous) @ app.2d024da3.js:1
(anonymous) @ vendors~mg-plugin.3cc39455.js:1
A.withScope @ vendors~mg-plugin.3cc39455.js:1
A.cToHostCallbackFunction @ vendors~mg-plugin.3cc39455.js:1
A.cToHostCallbackFunction @ vendors~mg-plugin.3cc39455.js:1
$func806 @ 00284a2a:0x856b8
$func573 @ 00284a2a:0x6b75e
$func24 @ 00284a2a:0x3404
$func24 @ 00284a2a:0x51b1
$func457 @ 00284a2a:0x609f5
$func562 @ 00284a2a:0x6ac4e
$func83 @ 00284a2a:0x16013
$func24 @ 00284a2a:0x5271
$func24 @ 00284a2a:0x51b1
$func556 @ 00284a2a:0x6a4c2
$func562 @ 00284a2a:0x6ac14
$func24 @ 00284a2a:0x3404
$func24 @ 00284a2a:0x5327
$func457 @ 00284a2a:0x609f5
$func562 @ 00284a2a:0x6ac4e
$func83 @ 00284a2a:0x16013
$func24 @ 00284a2a:0x5271
$func24 @ 00284a2a:0x51b1
$func24 @ 00284a2a:0x51b1
$func556 @ 00284a2a:0x6a4c2
$func562 @ 00284a2a:0x6ac14
$func24 @ 00284a2a:0x3404
$func24 @ 00284a2a:0x5327
$func457 @ 00284a2a:0x609f5
$func562 @ 00284a2a:0x6ac4e
$func83 @ 00284a2a:0x16013
$func24 @ 00284a2a:0x5271
$func24 @ 00284a2a:0x51b1
$func24 @ 00284a2a:0x51b1
$func556 @ 00284a2a:0x6a4c2
$func562 @ 00284a2a:0x6ac14
$func24 @ 00284a2a:0x3404
$func24 @ 00284a2a:0x5327
$func712 @ 00284a2a:0x7c38d
$X @ 00284a2a:0x7def0
E._QTS_ExecutePendingJob @ vendors~mg-plugin.3cc39455.js:1
A.executePendingJobs @ vendors~mg-plugin.3cc39455.js:1
(anonymous) @ app.2d024da3.js:1
Promise.then (async)
executePendingJobs @ app.2d024da3.js:1
i @ app.2d024da3.js:1
c @ app.2d024da3.js:1
Ms.handlePluginMessage @ app.2d024da3.js:1
i @ chunk-libs.8b5d8668.js:5
postMessage (async)
(anonymous) @ VM289 plugin-sandbox.html:7
postMessage (async)
send @ VM294:22
acknowledgeExportFile @ VM294:298
window.onmessage @ VM294:440
postMessage (async)
postMessage @ app.2d024da3.js:1
(anonymous) @ app.2d024da3.js:1
(anonymous) @ app.2d024da3.js:14
(anonymous) @ vendors~mg-plugin.3cc39455.js:1
A.withScope @ vendors~mg-plugin.3cc39455.js:1
A.cToHostCallbackFunction @ vendors~mg-plugin.3cc39455.js:1
A.cToHostCallbackFunction @ vendors~mg-plugin.3cc39455.js:1
$func806 @ 00284a2a:0x856b8
$func573 @ 00284a2a:0x6b75e
$func24 @ 00284a2a:0x3404
$func24 @ 00284a2a:0x5327
$func24 @ 00284a2a:0x51b1
$func556 @ 00284a2a:0x6a4c2
$func562 @ 00284a2a:0x6ac14
$func24 @ 00284a2a:0x3404
$func24 @ 00284a2a:0x5327
$func712 @ 00284a2a:0x7c38d
$X @ 00284a2a:0x7def0
E._QTS_ExecutePendingJob @ vendors~mg-plugin.3cc39455.js:1
A.executePendingJobs @ vendors~mg-plugin.3cc39455.js:1
(anonymous) @ app.2d024da3.js:1
Promise.then (async)
executePendingJobs @ app.2d024da3.js:1
i @ app.2d024da3.js:1
c @ app.2d024da3.js:1
Ms.handlePluginMessage @ app.2d024da3.js:1
i @ chunk-libs.8b5d8668.js:5
postMessage (async)
(anonymous) @ VM289 plugin-sandbox.html:7
postMessage (async)
send @ VM294:22
acknowledgeExportFile @ VM294:298
window.onmessage @ VM294:440
postMessage (async)
postMessage @ app.2d024da3.js:1
(anonymous) @ app.2d024da3.js:1
(anonymous) @ app.2d024da3.js:14
(anonymous) @ vendors~mg-plugin.3cc39455.js:1
A.withScope @ vendors~mg-plugin.3cc39455.js:1
A.cToHostCallbackFunction @ vendors~mg-plugin.3cc39455.js:1
A.cToHostCallbackFunction @ vendors~mg-plugin.3cc39455.js:1
$func806 @ 00284a2a:0x856b8
$func573 @ 00284a2a:0x6b75e
$func24 @ 00284a2a:0x3404
$func24 @ 00284a2a:0x5327
$func24 @ 00284a2a:0x51b1
$func556 @ 00284a2a:0x6a4c2
$func562 @ 00284a2a:0x6ac14
$func24 @ 00284a2a:0x3404
$func24 @ 00284a2a:0x5327
$func712 @ 00284a2a:0x7c38d
$X @ 00284a2a:0x7def0
E._QTS_ExecutePendingJob @ vendors~mg-plugin.3cc39455.js:1
A.executePendingJobs @ vendors~mg-plugin.3cc39455.js:1
(anonymous) @ app.2d024da3.js:1
Promise.then (async)
executePendingJobs @ app.2d024da3.js:1
(anonymous) @ app.2d024da3.js:1
i @ chunk-libs.8b5d8668.js:5
setTimeout (async)
(anonymous) @ chunk-libs.8b5d8668.js:5
(anonymous) @ app.2d024da3.js:1
(anonymous) @ vendors~mg-plugin.3cc39455.js:1
A.withScope @ vendors~mg-plugin.3cc39455.js:1
A.cToHostCallbackFunction @ vendors~mg-plugin.3cc39455.js:1
A.cToHostCallbackFunction @ vendors~mg-plugin.3cc39455.js:1
$func806 @ 00284a2a:0x856b8
$func573 @ 00284a2a:0x6b75e
$func24 @ 00284a2a:0x3404
$func24 @ 00284a2a:0x51b1
$func457 @ 00284a2a:0x609f5
$func562 @ 00284a2a:0x6ac4e
$func83 @ 00284a2a:0x16013
$func24 @ 00284a2a:0x5271
$func24 @ 00284a2a:0x51b1
$func556 @ 00284a2a:0x6a4c2
$func562 @ 00284a2a:0x6ac14
$func24 @ 00284a2a:0x3404
$func24 @ 00284a2a:0x5327
$func712 @ 00284a2a:0x7c38d
$X @ 00284a2a:0x7def0
E._QTS_ExecutePendingJob @ vendors~mg-plugin.3cc39455.js:1
A.executePendingJobs @ vendors~mg-plugin.3cc39455.js:1
(anonymous) @ app.2d024da3.js:1
Promise.then (async)
executePendingJobs @ app.2d024da3.js:1
i @ app.2d024da3.js:1
c @ app.2d024da3.js:1
Ms.handlePluginMessage @ app.2d024da3.js:1
i @ chunk-libs.8b5d8668.js:5
postMessage (async)
(anonymous) @ VM289 plugin-sandbox.html:7
postMessage (async)
send @ VM294:22
acknowledgeExportFile @ VM294:298
window.onmessage @ VM294:440
postMessage (async)
postMessage @ app.2d024da3.js:1
(anonymous) @ app.2d024da3.js:1
(anonymous) @ app.2d024da3.js:14
(anonymous) @ vendors~mg-plugin.3cc39455.js:1
A.withScope @ vendors~mg-plugin.3cc39455.js:1
A.cToHostCallbackFunction @ vendors~mg-plugin.3cc39455.js:1
A.cToHostCallbackFunction @ vendors~mg-plugin.3cc39455.js:1
$func806 @ 00284a2a:0x856b8
$func573 @ 00284a2a:0x6b75e
$func24 @ 00284a2a:0x3404
$func24 @ 00284a2a:0x5327
$func24 @ 00284a2a:0x51b1
$func556 @ 00284a2a:0x6a4c2
$func562 @ 00284a2a:0x6ac14
$func24 @ 00284a2a:0x3404
$func24 @ 00284a2a:0x5327
$func712 @ 00284a2a:0x7c38d
$X @ 00284a2a:0x7def0
E._QTS_ExecutePendingJob @ vendors~mg-plugin.3cc39455.js:1
A.executePendingJobs @ vendors~mg-plugin.3cc39455.js:1
(anonymous) @ app.2d024da3.js:1
chunk-libs.8b5d8668.js:127 [MasterGo2Figma] Fallback node export failed {"phase":"append-record","originalError":{"kind":"Error","name":"InternalError","message":"out of memory","stack":"    at <anonymous> (eval.js:1352)\n    at next (native)\n    at <anonymous> (eval.js:9)\n    at Promise (native)\n    at <anonymous> (eval.js:10)\n    at flushLayerChunk (eval.js:1359)\n    at <anonymous> (eval.js:1330)\n    at next (native)\n    at <anonymous> (eval.js:9)\n    at Promise (native)\n    at <anonymous> (eval.js:10)\n    at appendLayerRecord (eval.js:1340)\n    at <anonymous> (eval.js:1100)\n    at next (native)\n    at fulfilled (eval.js)\n"},"fallbackError":{"kind":"Error","name":"InternalError","message":"out of memory","stack":"    at <anonymous> (eval.js:1352)\n    at next (native)\n    at <anonymous> (eval.js:9)\n    at Promise (native)\n    at <anonymous> (eval.js:10)\n    at flushLayerChunk (eval.js:1359)\n    at <anonymous> (eval.js:1330)\n    at next (native)\n    at <anonymous> (eval.js:9)\n    at Promise (native)\n    at <anonymous> (eval.js:10)\n    at appendLayerRecord (eval.js:1340)\n    at <anonymous> (eval.js:1172)\n    at next (native)\n    at <anonymous> (eval.js:9)\n    at Promise (native)\n    at <anonymous> (eval.js:10)\n    at appendFallbackLayerRecord (eval.js:1173)\n    at <anonymous> (eval.js:1139)\n    at throw (native)\n    at rejected (eval.js)\n"},"node":{"id":"80:11388","name":"容器 1326","type":"FRAME","width":20,"height":20,"childCount":1},"page":"界面方案研究","transfer":{"transferId":"export-1779157709685-4691390705024092","filename":"mastergo2figma-partial-pages-part-003-of-010-界面方案研究-2026-05-19T02-28-29-685Z.zip","fileIndex":8,"postedChunks":95,"streamedBytes":1493896}}
(anonymous) @ chunk-libs.8b5d8668.js:127
(anonymous) @ app.2d024da3.js:1
(anonymous) @ vendors~mg-plugin.3cc39455.js:1
A.withScope @ vendors~mg-plugin.3cc39455.js:1
A.cToHostCallbackFunction @ vendors~mg-plugin.3cc39455.js:1
A.cToHostCallbackFunction @ vendors~mg-plugin.3cc39455.js:1
$func806 @ 00284a2a:0x856b8
$func573 @ 00284a2a:0x6b75e
$func24 @ 00284a2a:0x3404
$func24 @ 00284a2a:0x5327
$func24 @ 00284a2a:0x51b1
$func556 @ 00284a2a:0x6a4c2
$func562 @ 00284a2a:0x6ac14
$func24 @ 00284a2a:0x3404
$func24 @ 00284a2a:0x5327
$func712 @ 00284a2a:0x7c38d
$X @ 00284a2a:0x7def0
E._QTS_ExecutePendingJob @ vendors~mg-plugin.3cc39455.js:1
A.executePendingJobs @ vendors~mg-plugin.3cc39455.js:1
(anonymous) @ app.2d024da3.js:1
Promise.then (async)
executePendingJobs @ app.2d024da3.js:1
(anonymous) @ app.2d024da3.js:1
i @ chunk-libs.8b5d8668.js:5
setTimeout (async)
(anonymous) @ chunk-libs.8b5d8668.js:5
(anonymous) @ app.2d024da3.js:1
(anonymous) @ vendors~mg-plugin.3cc39455.js:1
A.withScope @ vendors~mg-plugin.3cc39455.js:1
A.cToHostCallbackFunction @ vendors~mg-plugin.3cc39455.js:1
A.cToHostCallbackFunction @ vendors~mg-plugin.3cc39455.js:1
$func806 @ 00284a2a:0x856b8
$func573 @ 00284a2a:0x6b75e
$func24 @ 00284a2a:0x3404
$func24 @ 00284a2a:0x51b1
$func457 @ 00284a2a:0x609f5
$func562 @ 00284a2a:0x6ac4e
$func83 @ 00284a2a:0x16013
$func24 @ 00284a2a:0x5271
$func24 @ 00284a2a:0x51b1
$func556 @ 00284a2a:0x6a4c2
$func562 @ 00284a2a:0x6ac14
$func24 @ 00284a2a:0x3404
$func24 @ 00284a2a:0x5327
$func712 @ 00284a2a:0x7c38d
$X @ 00284a2a:0x7def0
E._QTS_ExecutePendingJob @ vendors~mg-plugin.3cc39455.js:1
A.executePendingJobs @ vendors~mg-plugin.3cc39455.js:1
(anonymous) @ app.2d024da3.js:1
Promise.then (async)
executePendingJobs @ app.2d024da3.js:1
i @ app.2d024da3.js:1
c @ app.2d024da3.js:1
Ms.handlePluginMessage @ app.2d024da3.js:1
i @ chunk-libs.8b5d8668.js:5
postMessage (async)
(anonymous) @ VM289 plugin-sandbox.html:7
postMessage (async)
send @ VM294:22
acknowledgeExportFile @ VM294:298
window.onmessage @ VM294:440
postMessage (async)
postMessage @ app.2d024da3.js:1
(anonymous) @ app.2d024da3.js:1
(anonymous) @ app.2d024da3.js:14
(anonymous) @ vendors~mg-plugin.3cc39455.js:1
A.withScope @ vendors~mg-plugin.3cc39455.js:1
A.cToHostCallbackFunction @ vendors~mg-plugin.3cc39455.js:1
A.cToHostCallbackFunction @ vendors~mg-plugin.3cc39455.js:1
$func806 @ 00284a2a:0x856b8
$func573 @ 00284a2a:0x6b75e
$func24 @ 00284a2a:0x3404
$func24 @ 00284a2a:0x5327
$func24 @ 00284a2a:0x51b1
$func556 @ 00284a2a:0x6a4c2
$func562 @ 00284a2a:0x6ac14
$func24 @ 00284a2a:0x3404
$func24 @ 00284a2a:0x5327
$func712 @ 00284a2a:0x7c38d
$X @ 00284a2a:0x7def0
E._QTS_ExecutePendingJob @ vendors~mg-plugin.3cc39455.js:1
A.executePendingJobs @ vendors~mg-plugin.3cc39455.js:1
(anonymous) @ app.2d024da3.js:1
Promise.then (async)
executePendingJobs @ app.2d024da3.js:1
i @ app.2d024da3.js:1
c @ app.2d024da3.js:1
Ms.handlePluginMessage @ app.2d024da3.js:1
i @ chunk-libs.8b5d8668.js:5
postMessage (async)
(anonymous) @ VM289 plugin-sandbox.html:7
postMessage (async)
send @ VM294:22
acknowledgeExportFile @ VM294:298
window.onmessage @ VM294:440
postMessage (async)
postMessage @ app.2d024da3.js:1
(anonymous) @ app.2d024da3.js:1
(anonymous) @ app.2d024da3.js:14
(anonymous) @ vendors~mg-plugin.3cc39455.js:1
A.withScope @ vendors~mg-plugin.3cc39455.js:1
A.cToHostCallbackFunction @ vendors~mg-plugin.3cc39455.js:1
A.cToHostCallbackFunction @ vendors~mg-plugin.3cc39455.js:1
$func806 @ 00284a2a:0x856b8
$func573 @ 00284a2a:0x6b75e
$func24 @ 00284a2a:0x3404
$func24 @ 00284a2a:0x5327
$func24 @ 00284a2a:0x51b1
$func556 @ 00284a2a:0x6a4c2
$func562 @ 00284a2a:0x6ac14
$func24 @ 00284a2a:0x3404
$func24 @ 00284a2a:0x5327
$func712 @ 00284a2a:0x7c38d
$X @ 00284a2a:0x7def0
E._QTS_ExecutePendingJob @ vendors~mg-plugin.3cc39455.js:1
A.executePendingJobs @ vendors~mg-plugin.3cc39455.js:1
(anonymous) @ app.2d024da3.js:1
Promise.then (async)
executePendingJobs @ app.2d024da3.js:1
(anonymous) @ app.2d024da3.js:1
i @ chunk-libs.8b5d8668.js:5
setTimeout (async)
(anonymous) @ chunk-libs.8b5d8668.js:5
(anonymous) @ app.2d024da3.js:1
(anonymous) @ vendors~mg-plugin.3cc39455.js:1
A.withScope @ vendors~mg-plugin.3cc39455.js:1
A.cToHostCallbackFunction @ vendors~mg-plugin.3cc39455.js:1
A.cToHostCallbackFunction @ vendors~mg-plugin.3cc39455.js:1
$func806 @ 00284a2a:0x856b8
$func573 @ 00284a2a:0x6b75e
$func24 @ 00284a2a:0x3404
$func24 @ 00284a2a:0x51b1
$func457 @ 00284a2a:0x609f5
$func562 @ 00284a2a:0x6ac4e
$func83 @ 00284a2a:0x16013
$func24 @ 00284a2a:0x5271
$func24 @ 00284a2a:0x51b1
$func556 @ 00284a2a:0x6a4c2
$func562 @ 00284a2a:0x6ac14
$func24 @ 00284a2a:0x3404
$func24 @ 00284a2a:0x5327
$func712 @ 00284a2a:0x7c38d
$X @ 00284a2a:0x7def0
E._QTS_ExecutePendingJob @ vendors~mg-plugin.3cc39455.js:1
A.executePendingJobs @ vendors~mg-plugin.3cc39455.js:1
(anonymous) @ app.2d024da3.js:1
Promise.then (async)
executePendingJobs @ app.2d024da3.js:1
i @ app.2d024da3.js:1
c @ app.2d024da3.js:1
Ms.handlePluginMessage @ app.2d024da3.js:1
i @ chunk-libs.8b5d8668.js:5
postMessage (async)
(anonymous) @ VM289 plugin-sandbox.html:7
postMessage (async)
send @ VM294:22
acknowledgeExportFile @ VM294:298
window.onmessage @ VM294:440
postMessage (async)
postMessage @ app.2d024da3.js:1
(anonymous) @ app.2d024da3.js:1
(anonymous) @ app.2d024da3.js:14
(anonymous) @ vendors~mg-plugin.3cc39455.js:1
A.withScope @ vendors~mg-plugin.3cc39455.js:1
A.cToHostCallbackFunction @ vendors~mg-plugin.3cc39455.js:1
A.cToHostCallbackFunction @ vendors~mg-plugin.3cc39455.js:1
$func806 @ 00284a2a:0x856b8
$func573 @ 00284a2a:0x6b75e
$func24 @ 00284a2a:0x3404
$func24 @ 00284a2a:0x5327
$func24 @ 00284a2a:0x51b1
$func556 @ 00284a2a:0x6a4c2
$func562 @ 00284a2a:0x6ac14
$func24 @ 00284a2a:0x3404
$func24 @ 00284a2a:0x5327
$func712 @ 00284a2a:0x7c38d
$X @ 00284a2a:0x7def0
E._QTS_ExecutePendingJob @ vendors~mg-plugin.3cc39455.js:1
A.executePendingJobs @ vendors~mg-plugin.3cc39455.js:1
(anonymous) @ app.2d024da3.js:1
Promise.then (async)
executePendingJobs @ app.2d024da3.js:1
(anonymous) @ app.2d024da3.js:1
i @ chunk-libs.8b5d8668.js:5
setTimeout (async)
(anonymous) @ chunk-libs.8b5d8668.js:5
(anonymous) @ app.2d024da3.js:1
(anonymous) @ vendors~mg-plugin.3cc39455.js:1
A.withScope @ vendors~mg-plugin.3cc39455.js:1
A.cToHostCallbackFunction @ vendors~mg-plugin.3cc39455.js:1
A.cToHostCallbackFunction @ vendors~mg-plugin.3cc39455.js:1
$func806 @ 00284a2a:0x856b8
$func573 @ 00284a2a:0x6b75e
$func24 @ 00284a2a:0x3404
$func24 @ 00284a2a:0x51b1
$func457 @ 00284a2a:0x609f5
$func562 @ 00284a2a:0x6ac4e
$func83 @ 00284a2a:0x16013
$func24 @ 00284a2a:0x5271
$func24 @ 00284a2a:0x51b1
$func556 @ 00284a2a:0x6a4c2
$func562 @ 00284a2a:0x6ac14
$func24 @ 00284a2a:0x3404
$func24 @ 00284a2a:0x5327
$func457 @ 00284a2a:0x609f5
$func562 @ 00284a2a:0x6ac4e
$func83 @ 00284a2a:0x16013
$func24 @ 00284a2a:0x5271
$func24 @ 00284a2a:0x51b1
$func24 @ 00284a2a:0x51b1
$func556 @ 00284a2a:0x6a4c2
$func562 @ 00284a2a:0x6ac14
$func24 @ 00284a2a:0x3404
$func24 @ 00284a2a:0x5327
$func457 @ 00284a2a:0x609f5
$func562 @ 00284a2a:0x6ac4e
$func83 @ 00284a2a:0x16013
$func24 @ 00284a2a:0x5271
$func24 @ 00284a2a:0x51b1
$func24 @ 00284a2a:0x51b1
$func556 @ 00284a2a:0x6a4c2
$func562 @ 00284a2a:0x6ac14
$func24 @ 00284a2a:0x3404
$func24 @ 00284a2a:0x5327
$func712 @ 00284a2a:0x7c38d
$X @ 00284a2a:0x7def0
E._QTS_ExecutePendingJob @ vendors~mg-plugin.3cc39455.js:1
A.executePendingJobs @ vendors~mg-plugin.3cc39455.js:1
(anonymous) @ app.2d024da3.js:1
Promise.then (async)
executePendingJobs @ app.2d024da3.js:1
i @ app.2d024da3.js:1
c @ app.2d024da3.js:1
Ms.handlePluginMessage @ app.2d024da3.js:1
i @ chunk-libs.8b5d8668.js:5
postMessage (async)
(anonymous) @ VM289 plugin-sandbox.html:7
postMessage (async)
send @ VM294:22
acknowledgeExportFile @ VM294:298
window.onmessage @ VM294:440
postMessage (async)
postMessage @ app.2d024da3.js:1
(anonymous) @ app.2d024da3.js:1
(anonymous) @ app.2d024da3.js:14
(anonymous) @ vendors~mg-plugin.3cc39455.js:1
A.withScope @ vendors~mg-plugin.3cc39455.js:1
A.cToHostCallbackFunction @ vendors~mg-plugin.3cc39455.js:1
A.cToHostCallbackFunction @ vendors~mg-plugin.3cc39455.js:1
$func806 @ 00284a2a:0x856b8
$func573 @ 00284a2a:0x6b75e
$func24 @ 00284a2a:0x3404
$func24 @ 00284a2a:0x5327
$func24 @ 00284a2a:0x51b1
$func556 @ 00284a2a:0x6a4c2
$func562 @ 00284a2a:0x6ac14
$func24 @ 00284a2a:0x3404
$func24 @ 00284a2a:0x5327
$func712 @ 00284a2a:0x7c38d
$X @ 00284a2a:0x7def0
E._QTS_ExecutePendingJob @ vendors~mg-plugin.3cc39455.js:1
A.executePendingJobs @ vendors~mg-plugin.3cc39455.js:1
(anonymous) @ app.2d024da3.js:1
Promise.then (async)
executePendingJobs @ app.2d024da3.js:1
i @ app.2d024da3.js:1
c @ app.2d024da3.js:1
Ms.handlePluginMessage @ app.2d024da3.js:1
i @ chunk-libs.8b5d8668.js:5
postMessage (async)
(anonymous) @ VM289 plugin-sandbox.html:7
postMessage (async)
send @ VM294:22
acknowledgeExportFile @ VM294:298
window.onmessage @ VM294:440
postMessage (async)
postMessage @ app.2d024da3.js:1
(anonymous) @ app.2d024da3.js:1
(anonymous) @ app.2d024da3.js:14
(anonymous) @ vendors~mg-plugin.3cc39455.js:1
A.withScope @ vendors~mg-plugin.3cc39455.js:1
A.cToHostCallbackFunction @ vendors~mg-plugin.3cc39455.js:1
A.cToHostCallbackFunction @ vendors~mg-plugin.3cc39455.js:1
$func806 @ 00284a2a:0x856b8
$func573 @ 00284a2a:0x6b75e
$func24 @ 00284a2a:0x3404
$func24 @ 00284a2a:0x5327
$func24 @ 00284a2a:0x51b1
$func556 @ 00284a2a:0x6a4c2
$func562 @ 00284a2a:0x6ac14
$func24 @ 00284a2a:0x3404
$func24 @ 00284a2a:0x5327
$func712 @ 00284a2a:0x7c38d
$X @ 00284a2a:0x7def0
E._QTS_ExecutePendingJob @ vendors~mg-plugin.3cc39455.js:1
A.executePendingJobs @ vendors~mg-plugin.3cc39455.js:1
(anonymous) @ app.2d024da3.js:1
Promise.then (async)
executePendingJobs @ app.2d024da3.js:1
(anonymous) @ app.2d024da3.js:1
i @ chunk-libs.8b5d8668.js:5
setTimeout (async)
(anonymous) @ chunk-libs.8b5d8668.js:5
(anonymous) @ app.2d024da3.js:1
(anonymous) @ vendors~mg-plugin.3cc39455.js:1
A.withScope @ vendors~mg-plugin.3cc39455.js:1
A.cToHostCallbackFunction @ vendors~mg-plugin.3cc39455.js:1
A.cToHostCallbackFunction @ vendors~mg-plugin.3cc39455.js:1
$func806 @ 00284a2a:0x856b8
$func573 @ 00284a2a:0x6b75e
$func24 @ 00284a2a:0x3404
$func24 @ 00284a2a:0x51b1
$func457 @ 00284a2a:0x609f5
$func562 @ 00284a2a:0x6ac4e
$func83 @ 00284a2a:0x16013
$func24 @ 00284a2a:0x5271
$func24 @ 00284a2a:0x51b1
$func556 @ 00284a2a:0x6a4c2
$func562 @ 00284a2a:0x6ac14
$func24 @ 00284a2a:0x3404
$func24 @ 00284a2a:0x5327
$func712 @ 00284a2a:0x7c38d
$X @ 00284a2a:0x7def0
E._QTS_ExecutePendingJob @ vendors~mg-plugin.3cc39455.js:1
A.executePendingJobs @ vendors~mg-plugin.3cc39455.js:1
(anonymous) @ app.2d024da3.js:1
Promise.then (async)
executePendingJobs @ app.2d024da3.js:1
i @ app.2d024da3.js:1
c @ app.2d024da3.js:1
Ms.handlePluginMessage @ app.2d024da3.js:1
i @ chunk-libs.8b5d8668.js:5
postMessage (async)
(anonymous) @ VM289 plugin-sandbox.html:7
postMessage (async)
send @ VM294:22
acknowledgeExportFile @ VM294:298
window.onmessage @ VM294:440
postMessage (async)
postMessage @ app.2d024da3.js:1
(anonymous) @ app.2d024da3.js:1
(anonymous) @ app.2d024da3.js:14
(anonymous) @ vendors~mg-plugin.3cc39455.js:1
A.withScope @ vendors~mg-plugin.3cc39455.js:1
A.cToHostCallbackFunction @ vendors~mg-plugin.3cc39455.js:1
A.cToHostCallbackFunction @ vendors~mg-plugin.3cc39455.js:1
$func806 @ 00284a2a:0x856b8
$func573 @ 00284a2a:0x6b75e
$func24 @ 00284a2a:0x3404
$func24 @ 00284a2a:0x5327
$func24 @ 00284a2a:0x51b1
$func556 @ 00284a2a:0x6a4c2
$func562 @ 00284a2a:0x6ac14
$func24 @ 00284a2a:0x3404
$func24 @ 00284a2a:0x5327
$func712 @ 00284a2a:0x7c38d
$X @ 00284a2a:0x7def0
E._QTS_ExecutePendingJob @ vendors~mg-plugin.3cc39455.js:1
A.executePendingJobs @ vendors~mg-plugin.3cc39455.js:1
(anonymous) @ app.2d024da3.js:1
chunk-libs.8b5d8668.js:127 [MasterGo2Figma] Node export failed {"phase":"children","error":{"kind":"Error","name":"InternalError","message":"out of memory","stack":"    at <anonymous> (eval.js:1352)\n    at next (native)\n    at <anonymous> (eval.js:9)\n    at Promise (native)\n    at <anonymous> (eval.js:10)\n    at flushLayerChunk (eval.js:1359)\n    at <anonymous> (eval.js:1330)\n    at next (native)\n    at <anonymous> (eval.js:9)\n    at Promise (native)\n    at <anonymous> (eval.js:10)\n    at appendLayerRecord (eval.js:1340)\n    at <anonymous> (eval.js:1172)\n    at next (native)\n    at <anonymous> (eval.js:9)\n    at Promise (native)\n    at <anonymous> (eval.js:10)\n    at appendFallbackLayerRecord (eval.js:1173)\n    at <anonymous> (eval.js:1139)\n    at throw (native)\n    at rejected (eval.js)\n"},"node":{"id":"80:11372","name":"公用组件-数据","type":"FRAME","width":288,"height":48,"childCount":2},"page":"界面方案研究","parentId":"80:11358","index":1,"processedNodes":35038,"totalNodes":101323,"pageLayerCount":907,"transfer":{"transferId":"export-1779157709685-4691390705024092","filename":"mastergo2figma-partial-pages-part-003-of-010-界面方案研究-2026-05-19T02-28-29-685Z.zip","fileIndex":8,"postedChunks":95,"streamedBytes":1493896}}
(anonymous) @ chunk-libs.8b5d8668.js:127
(anonymous) @ app.2d024da3.js:1
(anonymous) @ vendors~mg-plugin.3cc39455.js:1
A.withScope @ vendors~mg-plugin.3cc39455.js:1
A.cToHostCallbackFunction @ vendors~mg-plugin.3cc39455.js:1
A.cToHostCallbackFunction @ vendors~mg-plugin.3cc39455.js:1
$func806 @ 00284a2a:0x856b8
$func573 @ 00284a2a:0x6b75e
$func24 @ 00284a2a:0x3404
$func24 @ 00284a2a:0x5327
$func24 @ 00284a2a:0x51b1
$func556 @ 00284a2a:0x6a4c2
$func562 @ 00284a2a:0x6ac14
$func24 @ 00284a2a:0x3404
$func24 @ 00284a2a:0x5327
$func712 @ 00284a2a:0x7c38d
$X @ 00284a2a:0x7def0
E._QTS_ExecutePendingJob @ vendors~mg-plugin.3cc39455.js:1
A.executePendingJobs @ vendors~mg-plugin.3cc39455.js:1
(anonymous) @ app.2d024da3.js:1
Promise.then (async)
executePendingJobs @ app.2d024da3.js:1
(anonymous) @ app.2d024da3.js:1
i @ chunk-libs.8b5d8668.js:5
setTimeout (async)
(anonymous) @ chunk-libs.8b5d8668.js:5
(anonymous) @ app.2d024da3.js:1
(anonymous) @ vendors~mg-plugin.3cc39455.js:1
A.withScope @ vendors~mg-plugin.3cc39455.js:1
A.cToHostCallbackFunction @ vendors~mg-plugin.3cc39455.js:1
A.cToHostCallbackFunction @ vendors~mg-plugin.3cc39455.js:1
$func806 @ 00284a2a:0x856b8
$func573 @ 00284a2a:0x6b75e
$func24 @ 00284a2a:0x3404
$func24 @ 00284a2a:0x51b1
$func457 @ 00284a2a:0x609f5
$func562 @ 00284a2a:0x6ac4e
$func83 @ 00284a2a:0x16013
$func24 @ 00284a2a:0x5271
$func24 @ 00284a2a:0x51b1
$func556 @ 00284a2a:0x6a4c2
$func562 @ 00284a2a:0x6ac14
$func24 @ 00284a2a:0x3404
$func24 @ 00284a2a:0x5327
$func712 @ 00284a2a:0x7c38d
$X @ 00284a2a:0x7def0
E._QTS_ExecutePendingJob @ vendors~mg-plugin.3cc39455.js:1
A.executePendingJobs @ vendors~mg-plugin.3cc39455.js:1
(anonymous) @ app.2d024da3.js:1
Promise.then (async)
executePendingJobs @ app.2d024da3.js:1
i @ app.2d024da3.js:1
c @ app.2d024da3.js:1
Ms.handlePluginMessage @ app.2d024da3.js:1
i @ chunk-libs.8b5d8668.js:5
postMessage (async)
(anonymous) @ VM289 plugin-sandbox.html:7
postMessage (async)
send @ VM294:22
acknowledgeExportFile @ VM294:298
window.onmessage @ VM294:440
postMessage (async)
postMessage @ app.2d024da3.js:1
(anonymous) @ app.2d024da3.js:1
(anonymous) @ app.2d024da3.js:14
(anonymous) @ vendors~mg-plugin.3cc39455.js:1
A.withScope @ vendors~mg-plugin.3cc39455.js:1
A.cToHostCallbackFunction @ vendors~mg-plugin.3cc39455.js:1
A.cToHostCallbackFunction @ vendors~mg-plugin.3cc39455.js:1
$func806 @ 00284a2a:0x856b8
$func573 @ 00284a2a:0x6b75e
$func24 @ 00284a2a:0x3404
$func24 @ 00284a2a:0x5327
$func24 @ 00284a2a:0x51b1
$func556 @ 00284a2a:0x6a4c2
$func562 @ 00284a2a:0x6ac14
$func24 @ 00284a2a:0x3404
$func24 @ 00284a2a:0x5327
$func712 @ 00284a2a:0x7c38d
$X @ 00284a2a:0x7def0
E._QTS_ExecutePendingJob @ vendors~mg-plugin.3cc39455.js:1
A.executePendingJobs @ vendors~mg-plugin.3cc39455.js:1
(anonymous) @ app.2d024da3.js:1
Promise.then (async)
executePendingJobs @ app.2d024da3.js:1
i @ app.2d024da3.js:1
c @ app.2d024da3.js:1
Ms.handlePluginMessage @ app.2d024da3.js:1
i @ chunk-libs.8b5d8668.js:5
postMessage (async)
(anonymous) @ VM289 plugin-sandbox.html:7
postMessage (async)
send @ VM294:22
acknowledgeExportFile @ VM294:298
window.onmessage @ VM294:440
postMessage (async)
postMessage @ app.2d024da3.js:1
(anonymous) @ app.2d024da3.js:1
(anonymous) @ app.2d024da3.js:14
(anonymous) @ vendors~mg-plugin.3cc39455.js:1
A.withScope @ vendors~mg-plugin.3cc39455.js:1
A.cToHostCallbackFunction @ vendors~mg-plugin.3cc39455.js:1
A.cToHostCallbackFunction @ vendors~mg-plugin.3cc39455.js:1
$func806 @ 00284a2a:0x856b8
$func573 @ 00284a2a:0x6b75e
$func24 @ 00284a2a:0x3404
$func24 @ 00284a2a:0x5327
$func24 @ 00284a2a:0x51b1
$func556 @ 00284a2a:0x6a4c2
$func562 @ 00284a2a:0x6ac14
$func24 @ 00284a2a:0x3404
$func24 @ 00284a2a:0x5327
$func712 @ 00284a2a:0x7c38d
$X @ 00284a2a:0x7def0
E._QTS_ExecutePendingJob @ vendors~mg-plugin.3cc39455.js:1
A.executePendingJobs @ vendors~mg-plugin.3cc39455.js:1
(anonymous) @ app.2d024da3.js:1
Promise.then (async)
executePendingJobs @ app.2d024da3.js:1
(anonymous) @ app.2d024da3.js:1
i @ chunk-libs.8b5d8668.js:5
setTimeout (async)
(anonymous) @ chunk-libs.8b5d8668.js:5
(anonymous) @ app.2d024da3.js:1
(anonymous) @ vendors~mg-plugin.3cc39455.js:1
A.withScope @ vendors~mg-plugin.3cc39455.js:1
A.cToHostCallbackFunction @ vendors~mg-plugin.3cc39455.js:1
A.cToHostCallbackFunction @ vendors~mg-plugin.3cc39455.js:1
$func806 @ 00284a2a:0x856b8
$func573 @ 00284a2a:0x6b75e
$func24 @ 00284a2a:0x3404
$func24 @ 00284a2a:0x51b1
$func457 @ 00284a2a:0x609f5
$func562 @ 00284a2a:0x6ac4e
$func83 @ 00284a2a:0x16013
$func24 @ 00284a2a:0x5271
$func24 @ 00284a2a:0x51b1
$func556 @ 00284a2a:0x6a4c2
$func562 @ 00284a2a:0x6ac14
$func24 @ 00284a2a:0x3404
$func24 @ 00284a2a:0x5327
$func712 @ 00284a2a:0x7c38d
$X @ 00284a2a:0x7def0
E._QTS_ExecutePendingJob @ vendors~mg-plugin.3cc39455.js:1
A.executePendingJobs @ vendors~mg-plugin.3cc39455.js:1
(anonymous) @ app.2d024da3.js:1
Promise.then (async)
executePendingJobs @ app.2d024da3.js:1
i @ app.2d024da3.js:1
c @ app.2d024da3.js:1
Ms.handlePluginMessage @ app.2d024da3.js:1
i @ chunk-libs.8b5d8668.js:5
postMessage (async)
(anonymous) @ VM289 plugin-sandbox.html:7
postMessage (async)
send @ VM294:22
acknowledgeExportFile @ VM294:298
window.onmessage @ VM294:440
postMessage (async)
postMessage @ app.2d024da3.js:1
(anonymous) @ app.2d024da3.js:1
(anonymous) @ app.2d024da3.js:14
(anonymous) @ vendors~mg-plugin.3cc39455.js:1
A.withScope @ vendors~mg-plugin.3cc39455.js:1
A.cToHostCallbackFunction @ vendors~mg-plugin.3cc39455.js:1
A.cToHostCallbackFunction @ vendors~mg-plugin.3cc39455.js:1
$func806 @ 00284a2a:0x856b8
$func573 @ 00284a2a:0x6b75e
$func24 @ 00284a2a:0x3404
$func24 @ 00284a2a:0x5327
$func24 @ 00284a2a:0x51b1
$func556 @ 00284a2a:0x6a4c2
$func562 @ 00284a2a:0x6ac14
$func24 @ 00284a2a:0x3404
$func24 @ 00284a2a:0x5327
$func712 @ 00284a2a:0x7c38d
$X @ 00284a2a:0x7def0
E._QTS_ExecutePendingJob @ vendors~mg-plugin.3cc39455.js:1
A.executePendingJobs @ vendors~mg-plugin.3cc39455.js:1
(anonymous) @ app.2d024da3.js:1
Promise.then (async)
executePendingJobs @ app.2d024da3.js:1
(anonymous) @ app.2d024da3.js:1
i @ chunk-libs.8b5d8668.js:5
setTimeout (async)
(anonymous) @ chunk-libs.8b5d8668.js:5
(anonymous) @ app.2d024da3.js:1
(anonymous) @ vendors~mg-plugin.3cc39455.js:1
A.withScope @ vendors~mg-plugin.3cc39455.js:1
A.cToHostCallbackFunction @ vendors~mg-plugin.3cc39455.js:1
A.cToHostCallbackFunction @ vendors~mg-plugin.3cc39455.js:1
$func806 @ 00284a2a:0x856b8
$func573 @ 00284a2a:0x6b75e
$func24 @ 00284a2a:0x3404
$func24 @ 00284a2a:0x51b1
$func457 @ 00284a2a:0x609f5
$func562 @ 00284a2a:0x6ac4e
$func83 @ 00284a2a:0x16013
$func24 @ 00284a2a:0x5271
$func24 @ 00284a2a:0x51b1
$func556 @ 00284a2a:0x6a4c2
$func562 @ 00284a2a:0x6ac14
$func24 @ 00284a2a:0x3404
$func24 @ 00284a2a:0x5327
$func457 @ 00284a2a:0x609f5
$func562 @ 00284a2a:0x6ac4e
$func83 @ 00284a2a:0x16013
$func24 @ 00284a2a:0x5271
$func24 @ 00284a2a:0x51b1
$func24 @ 00284a2a:0x51b1
$func556 @ 00284a2a:0x6a4c2
$func562 @ 00284a2a:0x6ac14
$func24 @ 00284a2a:0x3404
$func24 @ 00284a2a:0x5327
$func457 @ 00284a2a:0x609f5
$func562 @ 00284a2a:0x6ac4e
$func83 @ 00284a2a:0x16013
$func24 @ 00284a2a:0x5271
$func24 @ 00284a2a:0x51b1
$func24 @ 00284a2a:0x51b1
$func556 @ 00284a2a:0x6a4c2
$func562 @ 00284a2a:0x6ac14
$func24 @ 00284a2a:0x3404
$func24 @ 00284a2a:0x5327
$func712 @ 00284a2a:0x7c38d
$X @ 00284a2a:0x7def0
E._QTS_ExecutePendingJob @ vendors~mg-plugin.3cc39455.js:1
A.executePendingJobs @ vendors~mg-plugin.3cc39455.js:1
(anonymous) @ app.2d024da3.js:1
Promise.then (async)
executePendingJobs @ app.2d024da3.js:1
i @ app.2d024da3.js:1
c @ app.2d024da3.js:1
Ms.handlePluginMessage @ app.2d024da3.js:1
i @ chunk-libs.8b5d8668.js:5
postMessage (async)
(anonymous) @ VM289 plugin-sandbox.html:7
postMessage (async)
send @ VM294:22
acknowledgeExportFile @ VM294:298
window.onmessage @ VM294:440
postMessage (async)
postMessage @ app.2d024da3.js:1
(anonymous) @ app.2d024da3.js:1
(anonymous) @ app.2d024da3.js:14
(anonymous) @ vendors~mg-plugin.3cc39455.js:1
A.withScope @ vendors~mg-plugin.3cc39455.js:1
A.cToHostCallbackFunction @ vendors~mg-plugin.3cc39455.js:1
A.cToHostCallbackFunction @ vendors~mg-plugin.3cc39455.js:1
$func806 @ 00284a2a:0x856b8
$func573 @ 00284a2a:0x6b75e
$func24 @ 00284a2a:0x3404
$func24 @ 00284a2a:0x5327
$func24 @ 00284a2a:0x51b1
$func556 @ 00284a2a:0x6a4c2
$func562 @ 00284a2a:0x6ac14
$func24 @ 00284a2a:0x3404
$func24 @ 00284a2a:0x5327
$func712 @ 00284a2a:0x7c38d
$X @ 00284a2a:0x7def0
E._QTS_ExecutePendingJob @ vendors~mg-plugin.3cc39455.js:1
A.executePendingJobs @ vendors~mg-plugin.3cc39455.js:1
(anonymous) @ app.2d024da3.js:1
Promise.then (async)
executePendingJobs @ app.2d024da3.js:1
i @ app.2d024da3.js:1
c @ app.2d024da3.js:1
Ms.handlePluginMessage @ app.2d024da3.js:1
i @ chunk-libs.8b5d8668.js:5
postMessage (async)
(anonymous) @ VM289 plugin-sandbox.html:7
postMessage (async)
send @ VM294:22
acknowledgeExportFile @ VM294:298
window.onmessage @ VM294:440
postMessage (async)
postMessage @ app.2d024da3.js:1
(anonymous) @ app.2d024da3.js:1
(anonymous) @ app.2d024da3.js:14
(anonymous) @ vendors~mg-plugin.3cc39455.js:1
A.withScope @ vendors~mg-plugin.3cc39455.js:1
A.cToHostCallbackFunction @ vendors~mg-plugin.3cc39455.js:1
A.cToHostCallbackFunction @ vendors~mg-plugin.3cc39455.js:1
$func806 @ 00284a2a:0x856b8
$func573 @ 00284a2a:0x6b75e
$func24 @ 00284a2a:0x3404
$func24 @ 00284a2a:0x5327
$func24 @ 00284a2a:0x51b1
$func556 @ 00284a2a:0x6a4c2
$func562 @ 00284a2a:0x6ac14
$func24 @ 00284a2a:0x3404
$func24 @ 00284a2a:0x5327
$func712 @ 00284a2a:0x7c38d
$X @ 00284a2a:0x7def0
E._QTS_ExecutePendingJob @ vendors~mg-plugin.3cc39455.js:1
A.executePendingJobs @ vendors~mg-plugin.3cc39455.js:1
(anonymous) @ app.2d024da3.js:1
Promise.then (async)
executePendingJobs @ app.2d024da3.js:1
(anonymous) @ app.2d024da3.js:1
i @ chunk-libs.8b5d8668.js:5
setTimeout (async)
(anonymous) @ chunk-libs.8b5d8668.js:5
(anonymous) @ app.2d024da3.js:1
(anonymous) @ vendors~mg-plugin.3cc39455.js:1
A.withScope @ vendors~mg-plugin.3cc39455.js:1
A.cToHostCallbackFunction @ vendors~mg-plugin.3cc39455.js:1
A.cToHostCallbackFunction @ vendors~mg-plugin.3cc39455.js:1
$func806 @ 00284a2a:0x856b8
$func573 @ 00284a2a:0x6b75e
$func24 @ 00284a2a:0x3404
$func24 @ 00284a2a:0x51b1
$func457 @ 00284a2a:0x609f5
$func562 @ 00284a2a:0x6ac4e
$func83 @ 00284a2a:0x16013
$func24 @ 00284a2a:0x5271
$func24 @ 00284a2a:0x51b1
$func556 @ 00284a2a:0x6a4c2
$func562 @ 00284a2a:0x6ac14
$func24 @ 00284a2a:0x3404
$func24 @ 00284a2a:0x5327
$func712 @ 00284a2a:0x7c38d
$X @ 00284a2a:0x7def0
E._QTS_ExecutePendingJob @ vendors~mg-plugin.3cc39455.js:1
A.executePendingJobs @ vendors~mg-plugin.3cc39455.js:1
(anonymous) @ app.2d024da3.js:1
Promise.then (async)
executePendingJobs @ app.2d024da3.js:1
i @ app.2d024da3.js:1
c @ app.2d024da3.js:1
Ms.handlePluginMessage @ app.2d024da3.js:1
i @ chunk-libs.8b5d8668.js:5
postMessage (async)
(anonymous) @ VM289 plugin-sandbox.html:7
postMessage (async)
send @ VM294:22
acknowledgeExportFile @ VM294:298
window.onmessage @ VM294:440
postMessage (async)
postMessage @ app.2d024da3.js:1
(anonymous) @ app.2d024da3.js:1
(anonymous) @ app.2d024da3.js:14
(anonymous) @ vendors~mg-plugin.3cc39455.js:1
A.withScope @ vendors~mg-plugin.3cc39455.js:1
A.cToHostCallbackFunction @ vendors~mg-plugin.3cc39455.js:1
A.cToHostCallbackFunction @ vendors~mg-plugin.3cc39455.js:1
$func806 @ 00284a2a:0x856b8
$func573 @ 00284a2a:0x6b75e
$func24 @ 00284a2a:0x3404
$func24 @ 00284a2a:0x5327
$func24 @ 00284a2a:0x51b1
$func556 @ 00284a2a:0x6a4c2
$func562 @ 00284a2a:0x6ac14
$func24 @ 00284a2a:0x3404
$func24 @ 00284a2a:0x5327
$func712 @ 00284a2a:0x7c38d
$X @ 00284a2a:0x7def0
E._QTS_ExecutePendingJob @ vendors~mg-plugin.3cc39455.js:1
A.executePendingJobs @ vendors~mg-plugin.3cc39455.js:1
(anonymous) @ app.2d024da3.js:1
chunk-libs.8b5d8668.js:127 [MasterGo2Figma] Node export failed {"phase":"append-record","error":{"kind":"Error","name":"InternalError","message":"out of memory","stack":"    at <anonymous> (eval.js:1352)\n    at next (native)\n    at <anonymous> (eval.js:9)\n    at Promise (native)\n    at <anonymous> (eval.js:10)\n    at flushLayerChunk (eval.js:1359)\n    at <anonymous> (eval.js:1330)\n    at next (native)\n    at <anonymous> (eval.js:9)\n    at Promise (native)\n    at <anonymous> (eval.js:10)\n    at appendLayerRecord (eval.js:1340)\n    at <anonymous> (eval.js:1100)\n    at next (native)\n    at fulfilled (eval.js)\n"},"node":{"id":"80:11390","name":"容器 1259","type":"FRAME","width":320,"height":160,"childCount":2},"page":"界面方案研究","parentId":"80:14689","index":5,"processedNodes":35039,"totalNodes":101323,"pageLayerCount":908,"transfer":{"transferId":"export-1779157709685-4691390705024092","filename":"mastergo2figma-partial-pages-part-003-of-010-界面方案研究-2026-05-19T02-28-29-685Z.zip","fileIndex":8,"postedChunks":95,"streamedBytes":1493896}}
(anonymous) @ chunk-libs.8b5d8668.js:127
(anonymous) @ app.2d024da3.js:1
(anonymous) @ vendors~mg-plugin.3cc39455.js:1
A.withScope @ vendors~mg-plugin.3cc39455.js:1
A.cToHostCallbackFunction @ vendors~mg-plugin.3cc39455.js:1
A.cToHostCallbackFunction @ vendors~mg-plugin.3cc39455.js:1
$func806 @ 00284a2a:0x856b8
$func573 @ 00284a2a:0x6b75e
$func24 @ 00284a2a:0x3404
$func24 @ 00284a2a:0x5327
$func24 @ 00284a2a:0x51b1
$func556 @ 00284a2a:0x6a4c2
$func562 @ 00284a2a:0x6ac14
$func24 @ 00284a2a:0x3404
$func24 @ 00284a2a:0x5327
$func712 @ 00284a2a:0x7c38d
$X @ 00284a2a:0x7def0
E._QTS_ExecutePendingJob @ vendors~mg-plugin.3cc39455.js:1
A.executePendingJobs @ vendors~mg-plugin.3cc39455.js:1
(anonymous) @ app.2d024da3.js:1
Promise.then (async)
executePendingJobs @ app.2d024da3.js:1
(anonymous) @ app.2d024da3.js:1
i @ chunk-libs.8b5d8668.js:5
setTimeout (async)
(anonymous) @ chunk-libs.8b5d8668.js:5
(anonymous) @ app.2d024da3.js:1
(anonymous) @ vendors~mg-plugin.3cc39455.js:1
A.withScope @ vendors~mg-plugin.3cc39455.js:1
A.cToHostCallbackFunction @ vendors~mg-plugin.3cc39455.js:1
A.cToHostCallbackFunction @ vendors~mg-plugin.3cc39455.js:1
$func806 @ 00284a2a:0x856b8
$func573 @ 00284a2a:0x6b75e
$func24 @ 00284a2a:0x3404
$func24 @ 00284a2a:0x51b1
$func457 @ 00284a2a:0x609f5
$func562 @ 00284a2a:0x6ac4e
$func83 @ 00284a2a:0x16013
$func24 @ 00284a2a:0x5271
$func24 @ 00284a2a:0x51b1
$func556 @ 00284a2a:0x6a4c2
$func562 @ 00284a2a:0x6ac14
$func24 @ 00284a2a:0x3404
$func24 @ 00284a2a:0x5327
$func712 @ 00284a2a:0x7c38d
$X @ 00284a2a:0x7def0
E._QTS_ExecutePendingJob @ vendors~mg-plugin.3cc39455.js:1
A.executePendingJobs @ vendors~mg-plugin.3cc39455.js:1
(anonymous) @ app.2d024da3.js:1
Promise.then (async)
executePendingJobs @ app.2d024da3.js:1
i @ app.2d024da3.js:1
c @ app.2d024da3.js:1
Ms.handlePluginMessage @ app.2d024da3.js:1
i @ chunk-libs.8b5d8668.js:5
postMessage (async)
(anonymous) @ VM289 plugin-sandbox.html:7
postMessage (async)
send @ VM294:22
acknowledgeExportFile @ VM294:298
window.onmessage @ VM294:440
postMessage (async)
postMessage @ app.2d024da3.js:1
(anonymous) @ app.2d024da3.js:1
(anonymous) @ app.2d024da3.js:14
(anonymous) @ vendors~mg-plugin.3cc39455.js:1
A.withScope @ vendors~mg-plugin.3cc39455.js:1
A.cToHostCallbackFunction @ vendors~mg-plugin.3cc39455.js:1
A.cToHostCallbackFunction @ vendors~mg-plugin.3cc39455.js:1
$func806 @ 00284a2a:0x856b8
$func573 @ 00284a2a:0x6b75e
$func24 @ 00284a2a:0x3404
$func24 @ 00284a2a:0x5327
$func24 @ 00284a2a:0x51b1
$func556 @ 00284a2a:0x6a4c2
$func562 @ 00284a2a:0x6ac14
$func24 @ 00284a2a:0x3404
$func24 @ 00284a2a:0x5327
$func712 @ 00284a2a:0x7c38d
$X @ 00284a2a:0x7def0
E._QTS_ExecutePendingJob @ vendors~mg-plugin.3cc39455.js:1
A.executePendingJobs @ vendors~mg-plugin.3cc39455.js:1
(anonymous) @ app.2d024da3.js:1
Promise.then (async)
executePendingJobs @ app.2d024da3.js:1
i @ app.2d024da3.js:1
c @ app.2d024da3.js:1
Ms.handlePluginMessage @ app.2d024da3.js:1
i @ chunk-libs.8b5d8668.js:5
postMessage (async)
(anonymous) @ VM289 plugin-sandbox.html:7
postMessage (async)
send @ VM294:22
acknowledgeExportFile @ VM294:298
window.onmessage @ VM294:440
postMessage (async)
postMessage @ app.2d024da3.js:1
(anonymous) @ app.2d024da3.js:1
(anonymous) @ app.2d024da3.js:14
(anonymous) @ vendors~mg-plugin.3cc39455.js:1
A.withScope @ vendors~mg-plugin.3cc39455.js:1
A.cToHostCallbackFunction @ vendors~mg-plugin.3cc39455.js:1
A.cToHostCallbackFunction @ vendors~mg-plugin.3cc39455.js:1
$func806 @ 00284a2a:0x856b8
$func573 @ 00284a2a:0x6b75e
$func24 @ 00284a2a:0x3404
$func24 @ 00284a2a:0x5327
$func24 @ 00284a2a:0x51b1
$func556 @ 00284a2a:0x6a4c2
$func562 @ 00284a2a:0x6ac14
$func24 @ 00284a2a:0x3404
$func24 @ 00284a2a:0x5327
$func712 @ 00284a2a:0x7c38d
$X @ 00284a2a:0x7def0
E._QTS_ExecutePendingJob @ vendors~mg-plugin.3cc39455.js:1
A.executePendingJobs @ vendors~mg-plugin.3cc39455.js:1
(anonymous) @ app.2d024da3.js:1
Promise.then (async)
executePendingJobs @ app.2d024da3.js:1
(anonymous) @ app.2d024da3.js:1
i @ chunk-libs.8b5d8668.js:5
setTimeout (async)
(anonymous) @ chunk-libs.8b5d8668.js:5
(anonymous) @ app.2d024da3.js:1
(anonymous) @ vendors~mg-plugin.3cc39455.js:1
A.withScope @ vendors~mg-plugin.3cc39455.js:1
A.cToHostCallbackFunction @ vendors~mg-plugin.3cc39455.js:1
A.cToHostCallbackFunction @ vendors~mg-plugin.3cc39455.js:1
$func806 @ 00284a2a:0x856b8
$func573 @ 00284a2a:0x6b75e
$func24 @ 00284a2a:0x3404
$func24 @ 00284a2a:0x51b1
$func457 @ 00284a2a:0x609f5
$func562 @ 00284a2a:0x6ac4e
$func83 @ 00284a2a:0x16013
$func24 @ 00284a2a:0x5271
$func24 @ 00284a2a:0x51b1
$func556 @ 00284a2a:0x6a4c2
$func562 @ 00284a2a:0x6ac14
$func24 @ 00284a2a:0x3404
$func24 @ 00284a2a:0x5327
$func712 @ 00284a2a:0x7c38d
$X @ 00284a2a:0x7def0
E._QTS_ExecutePendingJob @ vendors~mg-plugin.3cc39455.js:1
A.executePendingJobs @ vendors~mg-plugin.3cc39455.js:1
(anonymous) @ app.2d024da3.js:1
Promise.then (async)
executePendingJobs @ app.2d024da3.js:1
i @ app.2d024da3.js:1
c @ app.2d024da3.js:1
Ms.handlePluginMessage @ app.2d024da3.js:1
i @ chunk-libs.8b5d8668.js:5
postMessage (async)
(anonymous) @ VM289 plugin-sandbox.html:7
postMessage (async)
send @ VM294:22
acknowledgeExportFile @ VM294:298
window.onmessage @ VM294:440
postMessage (async)
postMessage @ app.2d024da3.js:1
(anonymous) @ app.2d024da3.js:1
(anonymous) @ app.2d024da3.js:14
(anonymous) @ vendors~mg-plugin.3cc39455.js:1
A.withScope @ vendors~mg-plugin.3cc39455.js:1
A.cToHostCallbackFunction @ vendors~mg-plugin.3cc39455.js:1
A.cToHostCallbackFunction @ vendors~mg-plugin.3cc39455.js:1
$func806 @ 00284a2a:0x856b8
$func573 @ 00284a2a:0x6b75e
$func24 @ 00284a2a:0x3404
$func24 @ 00284a2a:0x5327
$func24 @ 00284a2a:0x51b1
$func556 @ 00284a2a:0x6a4c2
$func562 @ 00284a2a:0x6ac14
$func24 @ 00284a2a:0x3404
$func24 @ 00284a2a:0x5327
$func712 @ 00284a2a:0x7c38d
$X @ 00284a2a:0x7def0
E._QTS_ExecutePendingJob @ vendors~mg-plugin.3cc39455.js:1
A.executePendingJobs @ vendors~mg-plugin.3cc39455.js:1
(anonymous) @ app.2d024da3.js:1
Promise.then (async)
executePendingJobs @ app.2d024da3.js:1
(anonymous) @ app.2d024da3.js:1
i @ chunk-libs.8b5d8668.js:5
setTimeout (async)
(anonymous) @ chunk-libs.8b5d8668.js:5
(anonymous) @ app.2d024da3.js:1
(anonymous) @ vendors~mg-plugin.3cc39455.js:1
A.withScope @ vendors~mg-plugin.3cc39455.js:1
A.cToHostCallbackFunction @ vendors~mg-plugin.3cc39455.js:1
A.cToHostCallbackFunction @ vendors~mg-plugin.3cc39455.js:1
$func806 @ 00284a2a:0x856b8
$func573 @ 00284a2a:0x6b75e
$func24 @ 00284a2a:0x3404
$func24 @ 00284a2a:0x51b1
$func457 @ 00284a2a:0x609f5
$func562 @ 00284a2a:0x6ac4e
$func83 @ 00284a2a:0x16013
$func24 @ 00284a2a:0x5271
$func24 @ 00284a2a:0x51b1
$func556 @ 00284a2a:0x6a4c2
$func562 @ 00284a2a:0x6ac14
$func24 @ 00284a2a:0x3404
$func24 @ 00284a2a:0x5327
$func457 @ 00284a2a:0x609f5
$func562 @ 00284a2a:0x6ac4e
$func83 @ 00284a2a:0x16013
$func24 @ 00284a2a:0x5271
$func24 @ 00284a2a:0x51b1
$func24 @ 00284a2a:0x51b1
$func556 @ 00284a2a:0x6a4c2
$func562 @ 00284a2a:0x6ac14
$func24 @ 00284a2a:0x3404
$func24 @ 00284a2a:0x5327
$func457 @ 00284a2a:0x609f5
$func562 @ 00284a2a:0x6ac4e
$func83 @ 00284a2a:0x16013
$func24 @ 00284a2a:0x5271
$func24 @ 00284a2a:0x51b1
$func24 @ 00284a2a:0x51b1
$func556 @ 00284a2a:0x6a4c2
$func562 @ 00284a2a:0x6ac14
$func24 @ 00284a2a:0x3404
$func24 @ 00284a2a:0x5327
$func712 @ 00284a2a:0x7c38d
$X @ 00284a2a:0x7def0
E._QTS_ExecutePendingJob @ vendors~mg-plugin.3cc39455.js:1
A.executePendingJobs @ vendors~mg-plugin.3cc39455.js:1
(anonymous) @ app.2d024da3.js:1
Promise.then (async)
executePendingJobs @ app.2d024da3.js:1
i @ app.2d024da3.js:1
c @ app.2d024da3.js:1
Ms.handlePluginMessage @ app.2d024da3.js:1
i @ chunk-libs.8b5d8668.js:5
postMessage (async)
(anonymous) @ VM289 plugin-sandbox.html:7
postMessage (async)
send @ VM294:22
acknowledgeExportFile @ VM294:298
window.onmessage @ VM294:440
postMessage (async)
postMessage @ app.2d024da3.js:1
(anonymous) @ app.2d024da3.js:1
(anonymous) @ app.2d024da3.js:14
(anonymous) @ vendors~mg-plugin.3cc39455.js:1
A.withScope @ vendors~mg-plugin.3cc39455.js:1
A.cToHostCallbackFunction @ vendors~mg-plugin.3cc39455.js:1
A.cToHostCallbackFunction @ vendors~mg-plugin.3cc39455.js:1
$func806 @ 00284a2a:0x856b8
$func573 @ 00284a2a:0x6b75e
$func24 @ 00284a2a:0x3404
$func24 @ 00284a2a:0x5327
$func24 @ 00284a2a:0x51b1
$func556 @ 00284a2a:0x6a4c2
$func562 @ 00284a2a:0x6ac14
$func24 @ 00284a2a:0x3404
$func24 @ 00284a2a:0x5327
$func712 @ 00284a2a:0x7c38d
$X @ 00284a2a:0x7def0
E._QTS_ExecutePendingJob @ vendors~mg-plugin.3cc39455.js:1
A.executePendingJobs @ vendors~mg-plugin.3cc39455.js:1
(anonymous) @ app.2d024da3.js:1
Promise.then (async)
executePendingJobs @ app.2d024da3.js:1
i @ app.2d024da3.js:1
c @ app.2d024da3.js:1
Ms.handlePluginMessage @ app.2d024da3.js:1
i @ chunk-libs.8b5d8668.js:5
postMessage (async)
(anonymous) @ VM289 plugin-sandbox.html:7
postMessage (async)
send @ VM294:22
acknowledgeExportFile @ VM294:298
window.onmessage @ VM294:440
postMessage (async)
postMessage @ app.2d024da3.js:1
(anonymous) @ app.2d024da3.js:1
(anonymous) @ app.2d024da3.js:14
(anonymous) @ vendors~mg-plugin.3cc39455.js:1
A.withScope @ vendors~mg-plugin.3cc39455.js:1
A.cToHostCallbackFunction @ vendors~mg-plugin.3cc39455.js:1
A.cToHostCallbackFunction @ vendors~mg-plugin.3cc39455.js:1
$func806 @ 00284a2a:0x856b8
$func573 @ 00284a2a:0x6b75e
$func24 @ 00284a2a:0x3404
$func24 @ 00284a2a:0x5327
$func24 @ 00284a2a:0x51b1
$func556 @ 00284a2a:0x6a4c2
$func562 @ 00284a2a:0x6ac14
$func24 @ 00284a2a:0x3404
$func24 @ 00284a2a:0x5327
$func712 @ 00284a2a:0x7c38d
$X @ 00284a2a:0x7def0
E._QTS_ExecutePendingJob @ vendors~mg-plugin.3cc39455.js:1
A.executePendingJobs @ vendors~mg-plugin.3cc39455.js:1
(anonymous) @ app.2d024da3.js:1
Promise.then (async)
executePendingJobs @ app.2d024da3.js:1
(anonymous) @ app.2d024da3.js:1
i @ chunk-libs.8b5d8668.js:5
setTimeout (async)
(anonymous) @ chunk-libs.8b5d8668.js:5
(anonymous) @ app.2d024da3.js:1
(anonymous) @ vendors~mg-plugin.3cc39455.js:1
A.withScope @ vendors~mg-plugin.3cc39455.js:1
A.cToHostCallbackFunction @ vendors~mg-plugin.3cc39455.js:1
A.cToHostCallbackFunction @ vendors~mg-plugin.3cc39455.js:1
$func806 @ 00284a2a:0x856b8
$func573 @ 00284a2a:0x6b75e
$func24 @ 00284a2a:0x3404
$func24 @ 00284a2a:0x51b1
$func457 @ 00284a2a:0x609f5
$func562 @ 00284a2a:0x6ac4e
$func83 @ 00284a2a:0x16013
$func24 @ 00284a2a:0x5271
$func24 @ 00284a2a:0x51b1
$func556 @ 00284a2a:0x6a4c2
$func562 @ 00284a2a:0x6ac14
$func24 @ 00284a2a:0x3404
$func24 @ 00284a2a:0x5327
$func712 @ 00284a2a:0x7c38d
$X @ 00284a2a:0x7def0
E._QTS_ExecutePendingJob @ vendors~mg-plugin.3cc39455.js:1
A.executePendingJobs @ vendors~mg-plugin.3cc39455.js:1
(anonymous) @ app.2d024da3.js:1
Promise.then (async)
executePendingJobs @ app.2d024da3.js:1
i @ app.2d024da3.js:1
c @ app.2d024da3.js:1
Ms.handlePluginMessage @ app.2d024da3.js:1
i @ chunk-libs.8b5d8668.js:5
postMessage (async)
(anonymous) @ VM289 plugin-sandbox.html:7
postMessage (async)
send @ VM294:22
acknowledgeExportFile @ VM294:298
window.onmessage @ VM294:440
postMessage (async)
postMessage @ app.2d024da3.js:1
(anonymous) @ app.2d024da3.js:1
(anonymous) @ app.2d024da3.js:14
(anonymous) @ vendors~mg-plugin.3cc39455.js:1
A.withScope @ vendors~mg-plugin.3cc39455.js:1
A.cToHostCallbackFunction @ vendors~mg-plugin.3cc39455.js:1
A.cToHostCallbackFunction @ vendors~mg-plugin.3cc39455.js:1
$func806 @ 00284a2a:0x856b8
$func573 @ 00284a2a:0x6b75e
$func24 @ 00284a2a:0x3404
$func24 @ 00284a2a:0x5327
$func24 @ 00284a2a:0x51b1
$func556 @ 00284a2a:0x6a4c2
$func562 @ 00284a2a:0x6ac14
$func24 @ 00284a2a:0x3404
$func24 @ 00284a2a:0x5327
$func712 @ 00284a2a:0x7c38d
$X @ 00284a2a:0x7def0
E._QTS_ExecutePendingJob @ vendors~mg-plugin.3cc39455.js:1
A.executePendingJobs @ vendors~mg-plugin.3cc39455.js:1
(anonymous) @ app.2d024da3.js:1
00284a2a:0x26cf Uncaught (in promise) RuntimeError: memory access out of bounds
    at 00284a2a:0x26cf
    at 00284a2a:0x2cb1f
    at 00284a2a:0xcd93
    at 00284a2a:0x6a4c2
    at 00284a2a:0x6ac14
    at 00284a2a:0x3404
    at 00284a2a:0x5327
    at 00284a2a:0x609f5
    at 00284a2a:0x6ac4e
    at 00284a2a:0x16013
    at 00284a2a:0x5271
    at 00284a2a:0x51b1
    at 00284a2a:0x51b1
    at 00284a2a:0x6a4c2
    at 00284a2a:0x6ac14
    at 00284a2a:0x3404
    at 00284a2a:0x5327
    at 00284a2a:0x609f5
    at 00284a2a:0x6ac4e
    at 00284a2a:0x16013
    at 00284a2a:0x5271
    at 00284a2a:0x51b1
    at 00284a2a:0x51b1
    at 00284a2a:0x6a4c2
    at 00284a2a:0x6ac14
    at 00284a2a:0x3404
    at 00284a2a:0x5327
    at 00284a2a:0x609f5
    at 00284a2a:0x6ac4e
    at 00284a2a:0x16013
    at 00284a2a:0x5271
    at 00284a2a:0x51b1
    at 00284a2a:0x51b1
    at 00284a2a:0x6a4c2
    at 00284a2a:0x6ac14
    at 00284a2a:0x3404
    at 00284a2a:0x5327
    at 00284a2a:0x7c38d
    at 00284a2a:0x7def0
    at E._QTS_ExecutePendingJob [as QTS_ExecutePendingJob] (vendors~mg-plugin.3cc39455.js:1:927059)
    at A.executePendingJobs (vendors~mg-plugin.3cc39455.js:1:15219)
    at app.2d024da3.js:1:507776
$func23 @ 00284a2a:0x26cf
$func206 @ 00284a2a:0x2cb1f
$func24 @ 00284a2a:0xcd93
$func556 @ 00284a2a:0x6a4c2
$func562 @ 00284a2a:0x6ac14
$func24 @ 00284a2a:0x3404
$func24 @ 00284a2a:0x5327
$func457 @ 00284a2a:0x609f5
$func562 @ 00284a2a:0x6ac4e
$func83 @ 00284a2a:0x16013
$func24 @ 00284a2a:0x5271
$func24 @ 00284a2a:0x51b1
$func24 @ 00284a2a:0x51b1
$func556 @ 00284a2a:0x6a4c2
$func562 @ 00284a2a:0x6ac14
$func24 @ 00284a2a:0x3404
$func24 @ 00284a2a:0x5327
$func457 @ 00284a2a:0x609f5
$func562 @ 00284a2a:0x6ac4e
$func83 @ 00284a2a:0x16013
$func24 @ 00284a2a:0x5271
$func24 @ 00284a2a:0x51b1
$func24 @ 00284a2a:0x51b1
$func556 @ 00284a2a:0x6a4c2
$func562 @ 00284a2a:0x6ac14
$func24 @ 00284a2a:0x3404
$func24 @ 00284a2a:0x5327
$func457 @ 00284a2a:0x609f5
$func562 @ 00284a2a:0x6ac4e
$func83 @ 00284a2a:0x16013
$func24 @ 00284a2a:0x5271
$func24 @ 00284a2a:0x51b1
$func24 @ 00284a2a:0x51b1
$func556 @ 00284a2a:0x6a4c2
$func562 @ 00284a2a:0x6ac14
$func24 @ 00284a2a:0x3404
$func24 @ 00284a2a:0x5327
$func712 @ 00284a2a:0x7c38d
$X @ 00284a2a:0x7def0
E._QTS_ExecutePendingJob @ vendors~mg-plugin.3cc39455.js:1
A.executePendingJobs @ vendors~mg-plugin.3cc39455.js:1
(anonymous) @ app.2d024da3.js:1
Promise.then (async)
executePendingJobs @ app.2d024da3.js:1
(anonymous) @ app.2d024da3.js:1
i @ chunk-libs.8b5d8668.js:5
setTimeout (async)
(anonymous) @ chunk-libs.8b5d8668.js:5
(anonymous) @ app.2d024da3.js:1
(anonymous) @ vendors~mg-plugin.3cc39455.js:1
A.withScope @ vendors~mg-plugin.3cc39455.js:1
A.cToHostCallbackFunction @ vendors~mg-plugin.3cc39455.js:1
A.cToHostCallbackFunction @ vendors~mg-plugin.3cc39455.js:1
$func806 @ 00284a2a:0x856b8
$func573 @ 00284a2a:0x6b75e
$func24 @ 00284a2a:0x3404
$func24 @ 00284a2a:0x51b1
$func457 @ 00284a2a:0x609f5
$func562 @ 00284a2a:0x6ac4e
$func83 @ 00284a2a:0x16013
$func24 @ 00284a2a:0x5271
$func24 @ 00284a2a:0x51b1
$func556 @ 00284a2a:0x6a4c2
$func562 @ 00284a2a:0x6ac14
$func24 @ 00284a2a:0x3404
$func24 @ 00284a2a:0x5327
$func712 @ 00284a2a:0x7c38d
$X @ 00284a2a:0x7def0
E._QTS_ExecutePendingJob @ vendors~mg-plugin.3cc39455.js:1
A.executePendingJobs @ vendors~mg-plugin.3cc39455.js:1
(anonymous) @ app.2d024da3.js:1
Promise.then (async)
executePendingJobs @ app.2d024da3.js:1
i @ app.2d024da3.js:1
c @ app.2d024da3.js:1
Ms.handlePluginMessage @ app.2d024da3.js:1
i @ chunk-libs.8b5d8668.js:5
postMessage (async)
(anonymous) @ VM289 plugin-sandbox.html:7
postMessage (async)
send @ VM294:22
acknowledgeExportFile @ VM294:298
window.onmessage @ VM294:440
postMessage (async)
postMessage @ app.2d024da3.js:1
(anonymous) @ app.2d024da3.js:1
(anonymous) @ app.2d024da3.js:14
(anonymous) @ vendors~mg-plugin.3cc39455.js:1
A.withScope @ vendors~mg-plugin.3cc39455.js:1
A.cToHostCallbackFunction @ vendors~mg-plugin.3cc39455.js:1
A.cToHostCallbackFunction @ vendors~mg-plugin.3cc39455.js:1
$func806 @ 00284a2a:0x856b8
$func573 @ 00284a2a:0x6b75e
$func24 @ 00284a2a:0x3404
$func24 @ 00284a2a:0x5327
$func24 @ 00284a2a:0x51b1
$func556 @ 00284a2a:0x6a4c2
$func562 @ 00284a2a:0x6ac14
$func24 @ 00284a2a:0x3404
$func24 @ 00284a2a:0x5327
$func712 @ 00284a2a:0x7c38d
$X @ 00284a2a:0x7def0
E._QTS_ExecutePendingJob @ vendors~mg-plugin.3cc39455.js:1
A.executePendingJobs @ vendors~mg-plugin.3cc39455.js:1
(anonymous) @ app.2d024da3.js:1
Promise.then (async)
executePendingJobs @ app.2d024da3.js:1
i @ app.2d024da3.js:1
c @ app.2d024da3.js:1
Ms.handlePluginMessage @ app.2d024da3.js:1
i @ chunk-libs.8b5d8668.js:5
postMessage (async)
(anonymous) @ VM289 plugin-sandbox.html:7
postMessage (async)
send @ VM294:22
acknowledgeExportFile @ VM294:298
window.onmessage @ VM294:440
postMessage (async)
postMessage @ app.2d024da3.js:1
(anonymous) @ app.2d024da3.js:1
(anonymous) @ app.2d024da3.js:14
(anonymous) @ vendors~mg-plugin.3cc39455.js:1
A.withScope @ vendors~mg-plugin.3cc39455.js:1
A.cToHostCallbackFunction @ vendors~mg-plugin.3cc39455.js:1
A.cToHostCallbackFunction @ vendors~mg-plugin.3cc39455.js:1
$func806 @ 00284a2a:0x856b8
$func573 @ 00284a2a:0x6b75e
$func24 @ 00284a2a:0x3404
$func24 @ 00284a2a:0x5327
$func24 @ 00284a2a:0x51b1
$func556 @ 00284a2a:0x6a4c2
$func562 @ 00284a2a:0x6ac14
$func24 @ 00284a2a:0x3404
$func24 @ 00284a2a:0x5327
$func712 @ 00284a2a:0x7c38d
$X @ 00284a2a:0x7def0
E._QTS_ExecutePendingJob @ vendors~mg-plugin.3cc39455.js:1
A.executePendingJobs @ vendors~mg-plugin.3cc39455.js:1
(anonymous) @ app.2d024da3.js:1
Promise.then (async)
executePendingJobs @ app.2d024da3.js:1
(anonymous) @ app.2d024da3.js:1
i @ chunk-libs.8b5d8668.js:5
setTimeout (async)
(anonymous) @ chunk-libs.8b5d8668.js:5
(anonymous) @ app.2d024da3.js:1
(anonymous) @ vendors~mg-plugin.3cc39455.js:1
A.withScope @ vendors~mg-plugin.3cc39455.js:1
A.cToHostCallbackFunction @ vendors~mg-plugin.3cc39455.js:1
A.cToHostCallbackFunction @ vendors~mg-plugin.3cc39455.js:1
$func806 @ 00284a2a:0x856b8
$func573 @ 00284a2a:0x6b75e
$func24 @ 00284a2a:0x3404
$func24 @ 00284a2a:0x51b1
$func457 @ 00284a2a:0x609f5
$func562 @ 00284a2a:0x6ac4e
$func83 @ 00284a2a:0x16013
$func24 @ 00284a2a:0x5271
$func24 @ 00284a2a:0x51b1
$func556 @ 00284a2a:0x6a4c2
$func562 @ 00284a2a:0x6ac14
$func24 @ 00284a2a:0x3404
$func24 @ 00284a2a:0x5327
$func712 @ 00284a2a:0x7c38d
$X @ 00284a2a:0x7def0
E._QTS_ExecutePendingJob @ vendors~mg-plugin.3cc39455.js:1
A.executePendingJobs @ vendors~mg-plugin.3cc39455.js:1
(anonymous) @ app.2d024da3.js:1
Promise.then (async)
executePendingJobs @ app.2d024da3.js:1
i @ app.2d024da3.js:1
c @ app.2d024da3.js:1
Ms.handlePluginMessage @ app.2d024da3.js:1
i @ chunk-libs.8b5d8668.js:5
postMessage (async)
(anonymous) @ VM289 plugin-sandbox.html:7
postMessage (async)
send @ VM294:22
acknowledgeExportFile @ VM294:298
window.onmessage @ VM294:440
postMessage (async)
postMessage @ app.2d024da3.js:1
(anonymous) @ app.2d024da3.js:1
(anonymous) @ app.2d024da3.js:14
(anonymous) @ vendors~mg-plugin.3cc39455.js:1
A.withScope @ vendors~mg-plugin.3cc39455.js:1
A.cToHostCallbackFunction @ vendors~mg-plugin.3cc39455.js:1
A.cToHostCallbackFunction @ vendors~mg-plugin.3cc39455.js:1
$func806 @ 00284a2a:0x856b8
$func573 @ 00284a2a:0x6b75e
$func24 @ 00284a2a:0x3404
$func24 @ 00284a2a:0x5327
$func24 @ 00284a2a:0x51b1
$func556 @ 00284a2a:0x6a4c2
$func562 @ 00284a2a:0x6ac14
$func24 @ 00284a2a:0x3404
$func24 @ 00284a2a:0x5327
$func712 @ 00284a2a:0x7c38d
$X @ 00284a2a:0x7def0
E._QTS_ExecutePendingJob @ vendors~mg-plugin.3cc39455.js:1
A.executePendingJobs @ vendors~mg-plugin.3cc39455.js:1
(anonymous) @ app.2d024da3.js:1
Promise.then (async)
executePendingJobs @ app.2d024da3.js:1
(anonymous) @ app.2d024da3.js:1
i @ chunk-libs.8b5d8668.js:5
setTimeout (async)
(anonymous) @ chunk-libs.8b5d8668.js:5
(anonymous) @ app.2d024da3.js:1
(anonymous) @ vendors~mg-plugin.3cc39455.js:1
A.withScope @ vendors~mg-plugin.3cc39455.js:1
A.cToHostCallbackFunction @ vendors~mg-plugin.3cc39455.js:1
A.cToHostCallbackFunction @ vendors~mg-plugin.3cc39455.js:1
$func806 @ 00284a2a:0x856b8
$func573 @ 00284a2a:0x6b75e
$func24 @ 00284a2a:0x3404
$func24 @ 00284a2a:0x51b1
$func457 @ 00284a2a:0x609f5
$func562 @ 00284a2a:0x6ac4e
$func83 @ 00284a2a:0x16013
$func24 @ 00284a2a:0x5271
$func24 @ 00284a2a:0x51b1
$func556 @ 00284a2a:0x6a4c2
$func562 @ 00284a2a:0x6ac14
$func24 @ 00284a2a:0x3404
$func24 @ 00284a2a:0x5327
$func457 @ 00284a2a:0x609f5
$func562 @ 00284a2a:0x6ac4e
$func83 @ 00284a2a:0x16013
$func24 @ 00284a2a:0x5271
$func24 @ 00284a2a:0x51b1
$func24 @ 00284a2a:0x51b1
$func556 @ 00284a2a:0x6a4c2
$func562 @ 00284a2a:0x6ac14
$func24 @ 00284a2a:0x3404
$func24 @ 00284a2a:0x5327
$func457 @ 00284a2a:0x609f5
$func562 @ 00284a2a:0x6ac4e
$func83 @ 00284a2a:0x16013
$func24 @ 00284a2a:0x5271
$func24 @ 00284a2a:0x51b1
$func24 @ 00284a2a:0x51b1
$func556 @ 00284a2a:0x6a4c2
$func562 @ 00284a2a:0x6ac14
$func24 @ 00284a2a:0x3404
$func24 @ 00284a2a:0x5327
$func712 @ 00284a2a:0x7c38d
$X @ 00284a2a:0x7def0
E._QTS_ExecutePendingJob @ vendors~mg-plugin.3cc39455.js:1
A.executePendingJobs @ vendors~mg-plugin.3cc39455.js:1
(anonymous) @ app.2d024da3.js:1
Promise.then (async)
executePendingJobs @ app.2d024da3.js:1
i @ app.2d024da3.js:1
c @ app.2d024da3.js:1
Ms.handlePluginMessage @ app.2d024da3.js:1
i @ chunk-libs.8b5d8668.js:5
postMessage (async)
(anonymous) @ VM289 plugin-sandbox.html:7
postMessage (async)
send @ VM294:22
acknowledgeExportFile @ VM294:298
window.onmessage @ VM294:440
postMessage (async)
postMessage @ app.2d024da3.js:1
(anonymous) @ app.2d024da3.js:1
(anonymous) @ app.2d024da3.js:14
(anonymous) @ vendors~mg-plugin.3cc39455.js:1
A.withScope @ vendors~mg-plugin.3cc39455.js:1
A.cToHostCallbackFunction @ vendors~mg-plugin.3cc39455.js:1
A.cToHostCallbackFunction @ vendors~mg-plugin.3cc39455.js:1
$func806 @ 00284a2a:0x856b8
$func573 @ 00284a2a:0x6b75e
$func24 @ 00284a2a:0x3404
$func24 @ 00284a2a:0x5327
$func24 @ 00284a2a:0x51b1
$func556 @ 00284a2a:0x6a4c2
$func562 @ 00284a2a:0x6ac14
$func24 @ 00284a2a:0x3404
$func24 @ 00284a2a:0x5327
$func712 @ 00284a2a:0x7c38d
$X @ 00284a2a:0x7def0
E._QTS_ExecutePendingJob @ vendors~mg-plugin.3cc39455.js:1
A.executePendingJobs @ vendors~mg-plugin.3cc39455.js:1
(anonymous) @ app.2d024da3.js:1
Promise.then (async)
executePendingJobs @ app.2d024da3.js:1
i @ app.2d024da3.js:1
c @ app.2d024da3.js:1
Ms.handlePluginMessage @ app.2d024da3.js:1
i @ chunk-libs.8b5d8668.js:5
postMessage (async)
(anonymous) @ VM289 plugin-sandbox.html:7
postMessage (async)
send @ VM294:22
acknowledgeExportFile @ VM294:298
window.onmessage @ VM294:440
postMessage (async)
postMessage @ app.2d024da3.js:1
(anonymous) @ app.2d024da3.js:1
(anonymous) @ app.2d024da3.js:14
(anonymous) @ vendors~mg-plugin.3cc39455.js:1
A.withScope @ vendors~mg-plugin.3cc39455.js:1
A.cToHostCallbackFunction @ vendors~mg-plugin.3cc39455.js:1
A.cToHostCallbackFunction @ vendors~mg-plugin.3cc39455.js:1
$func806 @ 00284a2a:0x856b8
$func573 @ 00284a2a:0x6b75e
$func24 @ 00284a2a:0x3404
$func24 @ 00284a2a:0x5327
$func24 @ 00284a2a:0x51b1
$func556 @ 00284a2a:0x6a4c2
$func562 @ 00284a2a:0x6ac14
$func24 @ 00284a2a:0x3404
$func24 @ 00284a2a:0x5327
$func712 @ 00284a2a:0x7c38d
$X @ 00284a2a:0x7def0
E._QTS_ExecutePendingJob @ vendors~mg-plugin.3cc39455.js:1
A.executePendingJobs @ vendors~mg-plugin.3cc39455.js:1
(anonymous) @ app.2d024da3.js:1
Promise.then (async)
executePendingJobs @ app.2d024da3.js:1
(anonymous) @ app.2d024da3.js:1
i @ chunk-libs.8b5d8668.js:5
setTimeout (async)
(anonymous) @ chunk-libs.8b5d8668.js:5
(anonymous) @ app.2d024da3.js:1
(anonymous) @ vendors~mg-plugin.3cc39455.js:1
A.withScope @ vendors~mg-plugin.3cc39455.js:1
A.cToHostCallbackFunction @ vendors~mg-plugin.3cc39455.js:1
A.cToHostCallbackFunction @ vendors~mg-plugin.3cc39455.js:1
$func806 @ 00284a2a:0x856b8
$func573 @ 00284a2a:0x6b75e
$func24 @ 00284a2a:0x3404
$func24 @ 00284a2a:0x51b1
$func457 @ 00284a2a:0x609f5
$func562 @ 00284a2a:0x6ac4e
$func83 @ 00284a2a:0x16013
$func24 @ 00284a2a:0x5271
$func24 @ 00284a2a:0x51b1
$func556 @ 00284a2a:0x6a4c2
$func562 @ 00284a2a:0x6ac14
$func24 @ 00284a2a:0x3404
$func24 @ 00284a2a:0x5327
$func712 @ 00284a2a:0x7c38d
$X @ 00284a2a:0x7def0
E._QTS_ExecutePendingJob @ vendors~mg-plugin.3cc39455.js:1
A.executePendingJobs @ vendors~mg-plugin.3cc39455.js:1
(anonymous) @ app.2d024da3.js:1
Promise.then (async)
executePendingJobs @ app.2d024da3.js:1
i @ app.2d024da3.js:1
c @ app.2d024da3.js:1
Ms.handlePluginMessage @ app.2d024da3.js:1
i @ chunk-libs.8b5d8668.js:5
postMessage (async)
(anonymous) @ VM289 plugin-sandbox.html:7
postMessage (async)
send @ VM294:22
acknowledgeExportFile @ VM294:298
window.onmessage @ VM294:440
postMessage (async)
postMessage @ app.2d024da3.js:1
(anonymous) @ app.2d024da3.js:1
(anonymous) @ app.2d024da3.js:14
(anonymous) @ vendors~mg-plugin.3cc39455.js:1
A.withScope @ vendors~mg-plugin.3cc39455.js:1
A.cToHostCallbackFunction @ vendors~mg-plugin.3cc39455.js:1
A.cToHostCallbackFunction @ vendors~mg-plugin.3cc39455.js:1
$func806 @ 00284a2a:0x856b8
$func573 @ 00284a2a:0x6b75e
$func24 @ 00284a2a:0x3404
$func24 @ 00284a2a:0x5327
$func24 @ 00284a2a:0x51b1
$func556 @ 00284a2a:0x6a4c2
$func562 @ 00284a2a:0x6ac14
$func24 @ 00284a2a:0x3404
$func24 @ 00284a2a:0x5327
$func712 @ 00284a2a:0x7c38d
$X @ 00284a2a:0x7def0
E._QTS_ExecutePendingJob @ vendors~mg-plugin.3cc39455.js:1
A.executePendingJobs @ vendors~mg-plugin.3cc39455.js:1
(anonymous) @ app.2d024da3.js:1
chunk-libs.8b5d8668.js:5 
        
        
       POST https://sentry.mastergo.com/api/3/store/?sentry_key=da5223068af34280a39c0ffdd8c30ada&sentry_version=7 429 (Too Many Requests)
(anonymous) @ chunk-libs.8b5d8668.js:5
e @ chunk-libs.8b5d8668.js:127
(anonymous) @ chunk-libs.8b5d8668.js:5
i @ chunk-libs.8b5d8668.js:5
t._sendRequest @ chunk-libs.8b5d8668.js:5
e.sendEvent @ chunk-libs.8b5d8668.js:5
e.sendEvent @ chunk-libs.8b5d8668.js:5
e._sendEvent @ chunk-libs.8b5d8668.js:5
t._sendEvent @ chunk-libs.8b5d8668.js:5
(anonymous) @ chunk-libs.8b5d8668.js:5
(anonymous) @ chunk-libs.8b5d8668.js:127
(anonymous) @ chunk-libs.8b5d8668.js:127
_executeHandlers @ chunk-libs.8b5d8668.js:127
(anonymous) @ chunk-libs.8b5d8668.js:127
e @ chunk-libs.8b5d8668.js:127
e.then @ chunk-libs.8b5d8668.js:127
e._processEvent @ chunk-libs.8b5d8668.js:5
e._captureEvent @ chunk-libs.8b5d8668.js:5
e.captureEvent @ chunk-libs.8b5d8668.js:5
e._invokeClient @ chunk-libs.8b5d8668.js:142
e.captureEvent @ chunk-libs.8b5d8668.js:142
fn @ chunk-libs.8b5d8668.js:5
(anonymous) @ chunk-libs.8b5d8668.js:5
v @ chunk-libs.8b5d8668.js:127
N.p.onunhandledrejection @ chunk-libs.8b5d8668.js:127
